<?xml version="1.0" encoding="UTF-8"?><bound box="5936957,-293529,5956464,-273961"><delete><node lat="5951881" lon="-286733" timestamp="2015-06-06T10:50:46Z" username="Pounthal"><tag k="OBJCOD" v="WRECKS"/></node>
</delete><create><node lat="5952845" lon="-289584" timestamp="2012-08-06T18:40:56Z" username="quem"><tag k="OBJCOD" v="BCNSPP"/><tag k="OBJNAM" v="cable"/><tag k="INFORM" v=" "/><tag k="COLOUR" v="2"/><tag k="BCNSHP" v="5"/>
            
            
            
            
            
        </node>
</create><modify><node lat="5954030" lon="-277530" timestamp="2014-07-31T21:10:12Z" username="forban3"><tag k="OBJCOD" v="BOYCAR"/>
            
        </node>
</modify><modify><node lat="5954983" lon="-292866" timestamp="2013-09-16T00:03:34Z" username="xofaes"><tag k="OBJCOD" v="WRECKS"/>
            
        </node>
</modify><create><node lat="5954985" lon="-285113" timestamp="2012-08-06T18:39:41Z" username="quem"><tag k="OBJCOD" v="BCNSPP"/><tag k="OBJNAM" v="câble"/><tag k="INFORM" v=" "/><tag k="COLOUR" v="2"/><tag k="BCNSHP" v="5"/>
            
            
            
            
            
        </node>
</create><create><node lat="5955116" lon="-292727" timestamp="2012-07-01T19:15:24Z" username="manu45"><tag k="OBJCOD" v="WRECKS"/><tag k="VALSOU" v="15"/><tag k="OBJNAM" v="Le LAOS"/><tag k="INFORM" v="Paquebot coule  le 9 fevrier 1907"/><tag k="DUNITS" v="1"/><tag k="CATWRK" v="2"/>
            
            
            
            
            
            
        </node>
</create></bound>