<?xml version="1.0" encoding="UTF-8"?><bound box="6054007,-450078,6073516,-430510"><create><node lat="6054173" lon="-443243" timestamp="2014-10-28T20:38:33Z" username="Bob A"><tag k="OBJCOD" v="ACHBRT"/><tag k="OBJNAM" v="Kiosk"/><tag k="INFORM" v=" "/>
            
            
            
        
            
            
            
        </node>
</create><modify><node lat="6054403" lon="-435417" timestamp="2015-02-28T17:16:22Z" username="unknown"><tag k="OBJCOD" v="psgiio"/><tag k="catser" v="41"/></node>
</modify><create><node lat="6054554" lon="-434888" timestamp="2012-11-02T22:30:54Z" username="dom70"><tag k="OBJCOD" v="psgiio"/><tag k="catser" v="41"/><tag k="zipcde" v="29900"/><tag k="websit" v="http://www.marine.cat.com/cda/layout?m=214789&amp;x=7"/><tag k="telnum" v="+33 2 98 97 50 42"/><tag k="strnam" v="Z.i. Du Moros"/><tag k="stanam" v="Bretagne"/><tag k="e_mail" v="cat_power@cat.com"/><tag k="county" v="Finistère"/><tag k="citynm" v="Concarneau"/><tag k="brands" v="Caterpillar"/><tag k="OBJNAM" v="Semim"/><tag k="NATION" v="FR"/><tag k="INFORM" v="Mon. - Fri. Hours: 0800-1730"/>
            
            
            
            
            
            
            
            
            
            
            
            
            
            
        </node>
</create><delete><node lat="6054587" lon="-435337" timestamp="2015-04-13T15:35:46Z" username="lm"><tag k="OBJCOD" v="psgiio"/><tag k="catser" v="3"/></node>
</delete><modify><node lat="6054592" lon="-435335" timestamp="2015-04-13T15:35:30Z" username="lm"><tag k="OBJCOD" v="psgiio"/><tag k="catser" v="3"/><tag k="websit" v="www.siecmi.com"/><tag k="OBJNAM" v="SIECMI"/></node>
</modify><create><node lat="6054858" lon="-443338" timestamp="2012-12-26T09:48:49Z" username="Etoile de Mer"><tag k="OBJCOD" v="ACHBRT"/><tag k="OBJNAM" v="Baie de la Foret anchorage"/><tag k="INFORM" v="anchor on sand in suitable depth"/>
            
            
            
        </node>
</create><modify><node lat="6055184" lon="-440771" timestamp="2015-01-01T02:04:30Z" username="unknown"><tag k="OBJCOD" v="BCNCAR"/><tag k="OBJNAM" v="le score"/><tag k="INFORM" v="cardinale sud&#10;"/>
            
            
            
        </node>
</modify><create><node lat="6055412" lon="-438469" timestamp="2015-07-16T18:32:24Z" username="Bob A"><tag k="OBJCOD" v="ACHBRT"/><tag k="OBJNAM" v="Sables Blanc"/><tag k="INFORM" v=" "/></node>
</create><create><node lat="6055548" lon="-437678" timestamp="2011-01-14T22:25:00Z"><tag k="OBJCOD" v="psgiio"/><tag k="catser" v="23"/><tag k="zipcde" v="29900"/><tag k="telnum" v="+33 2 98 50 10 12"/><tag k="strnam" v="45 Rue Sables Blancs"/><tag k="stanam" v="Bretagne"/><tag k="county" v="FinistÃÂ¨re"/><tag k="citynm" v="Concarneau"/><tag k="OBJNAM" v="Les Sables Blancs"/><tag k="NATION" v="FR"/>
            
            
            
            
            
            
            
            
            
            
        </node>
</create><delete><node lat="6055648" lon="-437848" timestamp="2011-01-14T22:25:00Z"><tag k="OBJCOD" v="psgiio"/><tag k="catser" v="23"/>
            
            
        </node>
</delete><create><node lat="6056456" lon="-444061" timestamp="2015-06-19T13:46:23Z" username="nico292"><tag k="OBJCOD" v="MORFAC"/><tag k="OBJNAM" v="Objectif plancton point 8"/><tag k="INFORM" v=" "/></node>
</create><create><node lat="6056773" lon="-441795" timestamp="2014-08-03T14:06:05Z" username="ngetti"><tag k="OBJCOD" v="gennav"/><tag k="OBJNAM" v="Port la Forêt"/><tag k="INFORM" v="Pilote Cotier p198"/>
            
            
            
        </node>
</create><create><node lat="6056999" lon="-447387" timestamp="2015-04-11T19:40:20Z" username="charles29"><tag k="OBJCOD" v="ACHBRT"/><tag k="OBJNAM" v="Bot Conan"/><tag k="INFORM" v=" "/></node>
</create><delete><node lat="6057751" lon="-442558" timestamp="2012-08-02T12:25:33Z" username="senechal"><tag k="OBJCOD" v="BCNLAT"/>
            
        </node>
</delete><create><node lat="6058149" lon="-442646" timestamp="2015-07-23T00:00:00Z" username="ADAC"><tag k="OBJCOD" v="SMACRA"/><tag k="OBJNAM" v="Port de Plaisance de Port-La-Forêt"/><tag k="ofsety" v="10"/><tag k="ofsetx" v="10"/><tag k="CATSMC" v="1"/><tag k="WEBSIT" v="http://www.marinafuehrer.adac.de/haefen/port-de-plaisance-de-port-la-fort/"/></node>
</create><create><node lat="6058292" lon="-442555" timestamp="2015-06-19T19:59:18Z" username="DAULMERIE"><tag k="OBJCOD" v="gennav"/><tag k="OBJNAM" v="Daulmerie"/><tag k="INFORM" v="Melusine"/></node>
</create><create><node lat="6058468" lon="-442385" timestamp="2013-08-21T12:11:24Z" username="lm"><tag k="OBJCOD" v="psgiio"/><tag k="catser" v="21"/><tag k="catsub" v="3"/>
            
            
            
        </node>
</create><create><node lat="6058764" lon="-441525" timestamp="2013-05-14T08:13:58Z" username="azou"><tag k="OBJCOD" v="LIGHTS"/><tag k="COLOUR" v="3"/>
            
            
        </node>
</create><create><node lat="6059922" lon="-443271" timestamp="2013-02-24T20:45:45Z" username="unknown"><tag k="OBJCOD" v="BOYISD"/><tag k="abrchr" v="BRB"/><tag k="OBJNAM" v="LES RENARDS"/><tag k="COLPAT" v="1"/><tag k="COLOUR" v="2;3;2"/><tag k="BOYSHP" v="5"/>
            
            
            
            
            
            
            <slave>
                <tag k="OBJCOD" v="TOPMAR"/>
                <tag k="abrchr" v="BRB"/>
                <tag k="COLOUR" v="2"/>
                <tag k="TOPSHP" v="4"/>
            </slave>
        </node>
</create><create><node lat="6062171" lon="-443562" timestamp="2014-09-22T16:42:15Z" username="unknown"><tag k="OBJCOD" v="SOUNDG"/><tag k="DUNITS" v="1"/>
            
            
        </node>
</create><create><node lat="6071445" lon="-445051" timestamp="2014-10-10T16:43:56Z" username="schoubaka0"><tag k="OBJCOD" v="hotspt"/><tag k="catspt" v="1"/><tag k="VALSOU" v=" "/><tag k="OBJNAM" v="tacauds"/><tag k="INFORM" v=" "/><tag k="DUNITS" v="1"/>
            
            
            
            
            
            
        </node>
</create><create><node lat="6071460" lon="-445055" timestamp="2014-10-10T16:45:42Z" username="schoubaka0"><tag k="OBJCOD" v="hotspt"/><tag k="catspt" v="1"/><tag k="VALSOU" v=" "/><tag k="OBJNAM" v="tacauds"/><tag k="INFORM" v=" "/><tag k="DUNITS" v="1"/>
            
            
            
            
            
            
        </node>
</create></bound>