<?xml version="1.0" encoding="UTF-8"?><bound box="5975972,-352235,5995481,-332667"><create><node lat="5977588" lon="-334407" timestamp="2015-08-17T13:43:27Z" username="ggpublic"><tag k="OBJCOD" v="gennav"/><tag k="OBJNAM" v="GG"/><tag k="INFORM" v="Spot de plongée, exploration très intéressante.&#10;-20m. Attention au courant du Beniguet lors de l'exploration à l'est du spot. Beaucoup d'anfractuosités, de flore et d'explo microscopique"/></node>
</create><create><node lat="5977755" lon="-334661" timestamp="2011-11-08T07:37:24Z" username="familiaris"><tag k="OBJCOD" v="hotspt"/><tag k="catspt" v="1"/><tag k="OBJNAM" v="La main du diable"/><tag k="DUNITS" v="1"/>
            
            
            
            
        </node>
</create><create><node lat="5977943" lon="-336417" timestamp="2015-08-17T13:39:05Z" username="ggpublic"><tag k="OBJCOD" v="gennav"/><tag k="OBJNAM" v="GG"/><tag k="INFORM" v="Spot de plong&#xE9;e , -15m&#10;Tour du rocher, g&#xE9;ographie ais&#xE9;e"/></node>
</create><modify><node lat="5978615" lon="-338170" timestamp="2015-08-13T18:53:27Z" username="jclaudeapple"><tag k="OBJCOD" v="WRECKS"/><tag k="OBJNAM" v="Rigoleto"/><tag k="DUNITS" v="1"/></node>
</modify><modify><node lat="5980847" lon="-339661" timestamp="2011-03-13T08:07:57Z" username="unknown"><tag k="OBJCOD" v="BCNCAR"/><tag k="OBJNAM" v="Les Esclassiers"/>
            
            
        </node>
</modify><create><node lat="5981893" lon="-335380" timestamp="2015-06-25T19:14:06Z" username="polux56370"><tag k="OBJCOD" v="WRECKS"/><tag k="DUNITS" v="1"/><tag k="CATWRK" v="1"/></node>
</create><modify><node lat="5982089" lon="-343499" timestamp="2013-12-13T22:39:59Z" username="tambouille"><tag k="OBJCOD" v="SOUNDG"/>
            
        </node>
</modify><create><node lat="5982174" lon="-343429" timestamp="2013-12-13T22:42:30Z" username="tambouille"><tag k="OBJCOD" v="WRECKS"/><tag k="OBJNAM" v="Hansen"/><tag k="DUNITS" v="1"/><tag k="CATWRK" v="1"/>
            
            
            
            
        </node>
</create><create><node lat="5982630" lon="-342998" timestamp="2013-12-13T22:43:23Z" username="tambouille"><tag k="OBJCOD" v="WRECKS"/><tag k="OBJNAM" v="Angers"/><tag k="DUNITS" v="1"/><tag k="CATWRK" v="1"/>
            
            
            
            
        </node>
</create><modify><node lat="5982916" lon="-344503" timestamp="2015-08-13T18:54:47Z" username="jclaudeapple"><tag k="OBJCOD" v="WRECKS"/><tag k="OBJNAM" v="Sanctuaire Maria"/><tag k="DUNITS" v="1"/></node>
</modify><modify><node lat="5982917" lon="-345247" timestamp="2015-08-13T18:55:38Z" username="jclaudeapple"><tag k="OBJCOD" v="WRECKS"/><tag k="OBJNAM" v="L 128"/><tag k="DUNITS" v="1"/></node>
</modify><modify><node lat="5983465" lon="-344699" timestamp="2014-02-01T14:15:47Z" username="Jojo le merou"><tag k="OBJCOD" v="WRECKS"/><tag k="VALSOU" v=" "/><tag k="OBJNAM" v="Monte-Carlo"/><tag k="INFORM" v="3 mâts&#10;Naufrage le 02/05/1918"/><tag k="DUNITS" v="1"/>
            
            
            
            
            
        </node>
</modify><create><node lat="5983832" lon="-344767" timestamp="2010-11-04T18:51:14Z"><tag k="OBJCOD" v="SBDARE"/><tag k="NATSUR" v="4"/><tag k="INFORM" v="Fine sand(Sediments containing 50 up to 100% of particles between 0.5 and 0.05 mm) - Sables fins(Sédiments contenant entre 50 et 100% de particules co"/>
            
            
            
        </node>
</create><modify><node lat="5984805" lon="-337859" timestamp="2014-05-30T05:04:14Z" username="murphy92"><tag k="OBJCOD" v="WRECKS"/><tag k="OBJNAM" v="FRANCE"/><tag k="INFORM" v="Cuirass&#xE9;&#10;Lg 165m&#10;T.E 9m&#10;1922&#10;Il ne reste rien du cuirass&#xE9; , l'&#xE9;pave est compl&#xE8;tement aplatie sur un fond de roche et de sable par 18m de fond"/><tag k="DUNITS" v="1"/>
            
            
            
            
        
            
            
            
        
            
            
            
        </node>
</modify><modify><node lat="5984918" lon="-338528" timestamp="2013-01-07T10:15:45Z" username="chtibreton"><tag k="OBJCOD" v="SOUNDG"/>
            
        </node>
</modify><delete><node lat="5985652" lon="-339073" timestamp="2014-05-29T18:47:05Z" username="abourre"><tag k="OBJCOD" v="LIGHTS"/><tag k="COLOUR" v="1"/><tag k="OBJNAM" v="La Teignouse"/>
            
            
            
        </node>
</delete><modify><node lat="5985652" lon="-339073" timestamp="2014-05-30T05:08:49Z" username="murphy92"><tag k="OBJCOD" v="LIGHTS"/><tag k="COLOUR" v="3"/><tag k="OBJNAM" v=" "/><tag k="INFORM" v=" "/>
            
            
        
            
            
            
            
        </node>
</modify><modify><node lat="5985701" lon="-343689" timestamp="2014-06-24T15:30:07Z" username="Aymeric "><tag k="OBJCOD" v="BCNCAR"/><tag k="OBJNAM" v="Les Trois Pierres"/><tag k="INFORM" v=" "/>
            
            
            
        </node>
</modify><modify><node lat="5986867" lon="-348830" timestamp="2015-06-15T10:20:51Z" username="Giani"><tag k="OBJCOD" v="BOYCAR"/></node>
</modify><modify><node lat="5987608" lon="-342326" timestamp="2011-06-22T19:09:31Z" username="unknown"><tag k="OBJCOD" v="BCNCAR"/><tag k="OBJNAM" v="En Toull Bihan"/>
            
            
        </node>
</modify><delete><node lat="5988707" lon="-347598" timestamp="2011-03-11T08:40:32Z" username="unknown"><tag k="OBJCOD" v="SMACRA"/><tag k="ofsety" v="129"/><tag k="ofsetx" v="-855"/><tag k="CATSMC" v="1"/>
            
            
            
            
        </node>
</delete><create><node lat="5988719" lon="-347854" timestamp="2011-03-11T08:40:32Z" username="unknown"><tag k="OBJCOD" v="SMACRA"/><tag k="ofsety" v="0"/><tag k="ofsetx" v="0"/><tag k="OBJNAM" v="Quiberon - Port-Maria"/><tag k="CATSMC" v="1"/>
            
            
            
            
            
        </node>
</create><modify><node lat="5989179" lon="-347750" timestamp="2012-09-17T13:51:54Z" username="cerlier"><tag k="OBJCOD" v="psgiio"/><tag k="catser" v="23"/><tag k="zipcde" v="56170"/><tag k="websit" v=" "/><tag k="telnum" v="+33 2 97304403"/><tag k="strnam" v="Rue De Port Maria 11"/><tag k="citynm" v="Quiberon"/><tag k="OBJNAM" v="L'Huitrire"/><tag k="INFORM" v="gute Austern"/>
            
            
            
            
            
            
            
            
            
        </node>
</modify><modify><node lat="5989299" lon="-344410" timestamp="2011-03-12T10:02:25Z" username="unknown"><tag k="OBJCOD" v="psgiio"/><tag k="catser" v="23"/>
            
            
        </node>
</modify><create><node lat="5989643" lon="-344578" timestamp="2011-02-03T10:21:55Z"><tag k="OBJCOD" v="psgiio"/><tag k="catser" v="23"/><tag k="zipcde" v="56173"/><tag k="telnum" v="+33 2 97 50 25 00"/><tag k="strnam" v="Port Haliguen"/><tag k="stanam" v="Bretagne"/><tag k="county" v="Morbihan"/><tag k="citynm" v="Quiberon"/><tag k="OBJNAM" v="Hotel Europa"/><tag k="NATION" v="FR"/>
            
            
            
            
            
            
            
            
            
            
        </node>
</create><modify><node lat="5989917" lon="-345104" timestamp="2015-06-18T20:24:08Z" username="patenco56"><tag k="OBJCOD" v="psgiio"/><tag k="catser" v="41"/></node>
</modify><delete><node lat="5990095" lon="-344401" timestamp="2015-08-18T15:12:52Z" username="ovni"><tag k="OBJCOD" v="WRECKS"/><tag k="OBJNAM" v="Faustino san pedro"/><tag k="INFORM" v="90L&#10;15l"/><tag k="DUNITS" v="1"/></node>
</delete><create><node lat="5990172" lon="-345309" timestamp="2011-04-16T16:44:37Z" username="unknown"><tag k="OBJCOD" v="psgiio"/><tag k="catser" v="24"/>
            
            
        </node>
</create><create><node lat="5990347" lon="-345181" timestamp="2011-04-16T16:36:35Z" username="unknown"><tag k="OBJCOD" v="CRANES"/><tag k="CATCRN" v="4"/>
            
            
        </node>
</create><create><node lat="5990352" lon="-345117" timestamp="2011-04-16T16:38:36Z" username="unknown"><tag k="OBJCOD" v="SLCONS"/><tag k="CATSLC" v="12"/>
            
            
        </node>
</create><create><node lat="5990410" lon="-344938" timestamp="2013-01-20T16:00:00Z" username="papy-boom"><tag k="OBJCOD" v="SOUNDG"/><tag k="VALSOU" v="1.70"/><tag k="DUNITS" v="1"/>
            
            
            
        </node>
</create><delete><node lat="5990421" lon="-345221" timestamp="2011-04-16T16:36:03Z" username="unknown"><tag k="OBJCOD" v="CRANES"/>
            
        </node>
</delete><create><node lat="5990445" lon="-345182" timestamp="2013-01-20T16:05:35Z" username="papy-boom"><tag k="OBJCOD" v="SOUNDG"/><tag k="VALSOU" v="1.50"/><tag k="DUNITS" v="1"/>
            
            
            
        </node>
</create><create><node lat="5990446" lon="-345169" timestamp="2013-08-22T11:23:03Z" username="mouzig"><tag k="OBJCOD" v="psgiio"/><tag k="catser" v="21"/><tag k="zipcde" v=" "/><tag k="telnum" v=" "/><tag k="strnam" v=" "/><tag k="numvhf" v=" "/><tag k="citynm" v=" "/><tag k="OBJNAM" v="Sagemor"/><tag k="INFORM" v="Deux pompes automatiques"/>
            
            
        
            
            
            
            
            
            
            
            
            
        </node>
</create><create><node lat="5990595" lon="-345501" timestamp="2011-02-06T09:42:57Z"><tag k="OBJCOD" v="psgiio"/><tag k="catser" v="41"/><tag k="zipcde" v="56170"/><tag k="websit" v="http://www.brunswickmarineemea.com/network"/><tag k="strnam" v="Port Haliguen"/><tag k="stanam" v="Bretagne"/><tag k="county" v="Morbihan"/><tag k="citynm" v="Quiberon"/><tag k="brands" v="Mercury"/><tag k="OBJNAM" v="Loc Halliguen Marine"/><tag k="NATION" v="FR"/>
            
            
            
            
            
            
            
            
            
            
            
        </node>
</create><create><node lat="5990604" lon="-345511" timestamp="2011-04-16T16:29:11Z" username="unknown"><tag k="OBJCOD" v="psgiio"/><tag k="catser" v="22"/><tag k="OBJNAM" v="Quiberon nautic"/>
            
            
            
        </node>
</create><create><node lat="5990633" lon="-345548" timestamp="2013-06-21T08:53:37Z" average_rating="5" rating_count="1" reviews_count="1" username="Gourdon"><tag k="OBJCOD" v="psgiio"/><tag k="catser" v="3"/><tag k="zipcde" v="56170"/><tag k="websit" v="Info@ad56.fr"/><tag k="telnum" v="06 15 37 88 15"/><tag k="strnam" v="Port Haliguen"/><tag k="citynm" v="Quiberon"/><tag k="OBJNAM" v="ARMORIQUE Diffusoon"/><tag k="INFORM" v="Concessionnaire BENETEAU"/>
            
            
            
            
            
            
            
            
            
        </node>
</create><create><node lat="5990644" lon="-345550" timestamp="2011-04-16T16:46:04Z" username="unknown"><tag k="OBJCOD" v="psgiio"/><tag k="catser" v="23"/>
            
            
        </node>
</create><create><node lat="5990650" lon="-345560" timestamp="2011-04-16T16:45:20Z" username="unknown"><tag k="OBJCOD" v="psgiio"/><tag k="catser" v="20"/>
            
            
        </node>
</create><modify><node lat="5990856" lon="-345047" timestamp="2015-09-06T07:15:39Z" username="walaga"><tag k="OBJCOD" v="SMACRA"/><tag k="ofsety" v="64"/><tag k="ofsetx" v="-85"/><tag k="CATSMC" v="1"/></node>
</modify><create><node lat="5990934" lon="-344024" timestamp="2015-07-18T15:45:19Z" username="Stern"><tag k="OBJCOD" v="BCNLAT"/><tag k="COLOUR" v="4"/><tag k="BCNSHP" v="5"/></node>
</create><modify><node lat="5991033" lon="-346271" timestamp="2011-02-03T10:26:52Z"><tag k="OBJCOD" v="psgiio"/><tag k="catser" v="23"/>
            
            
        </node>
</modify><create><node lat="5991137" lon="-346301" timestamp="2011-02-03T10:28:00Z"><tag k="OBJCOD" v="psgiio"/><tag k="catser" v="23"/><tag k="zipcde" v="56170"/><tag k="telnum" v="+33 2 97501284"/><tag k="strnam" v="Boulevard Du Castero 7"/><tag k="citynm" v="Quiberon"/><tag k="OBJNAM" v="Le Relax"/><tag k="NATION" v="FR"/>
            
            
            
            
            
            
            
            
        </node>
</create><create><node lat="5992110" lon="-345455" timestamp="2012-06-14T15:38:09Z" username="foxmeteo"><tag k="OBJCOD" v="BOYSPP"/><tag k="OBJNAM" v="Bagen hir"/><tag k="COLOUR" v="6"/><tag k="BOYSHP" v="5"/>
            
            
            
            
        </node>
</create><delete><node lat="5993969" lon="-337677" timestamp="2012-08-28T07:28:38Z" username="unknown"><tag k="OBJCOD" v="OBSTRN"/><tag k="OBJNAM" v="699"/><tag k="INFORM" v="PA&#10;Chaland&#10;lg 20m&#10;larg 6m"/><tag k="DUNITS" v="1"/>
            
            
            
            
        
            
            
            
            
        </node>
</delete><create><node lat="5995330" lon="-333003" timestamp="2015-06-11T12:59:04Z" username="Cendis"><tag k="OBJCOD" v="SMACRA"/><tag k="trnbth" v="3"/><tag k="open_1" v="YEARROUND"/><tag k="ofsety" v="0"/><tag k="ofsetx" v="0"/><tag k="numvhf" v="9"/><tag k="monvhf" v="9"/><tag k="TELNUM" v="+33 240235232"/><tag k="SRVLST" v="71;28;29;36;156;39;126;74"/><tag k="OBJNAM" v="Piriac-Sur-Mer"/><tag k="CATSMC" v="1"/></node>
</create><create><node lat="5995353" lon="-344635" timestamp="2015-08-22T11:57:36Z" username="ngetti"><tag k="OBJCOD" v="BOYLAT"/><tag k="OBJNAM" v="Petite Bouée verte"/><tag k="INFORM" v=" "/><tag k="COLOUR" v="4"/><tag k="BOYSHP" v="2"/></node>
</create></bound>