<?xml version="1.0" encoding="UTF-8"?><bound box="4357796,-469647,4377280,-450078"><create><node lat="4360404" lon="-468714" timestamp="2013-11-04T17:59:11Z" username="unknown"><tag k="OBJCOD" v="MORFAC"/><tag k="OBJNAM" v="atun"/>
            
            
        
            
            
        </node>
</create><create><node lat="4363477" lon="-450535" timestamp="2013-01-18T09:18:25Z" username="nector"><tag k="OBJCOD" v="hotspt"/><tag k="catspt" v="1"/><tag k="VALSOU" v=" "/><tag k="OBJNAM" v=" "/><tag k="INFORM" v=" "/><tag k="DUNITS" v="1"/>
            
            
            
            
            
            
        </node>
</create><create><node lat="4363820" lon="-468225" timestamp="2013-10-17T10:12:06Z" username="unknown"><tag k="OBJCOD" v="MORFAC"/><tag k="OBJNAM" v="caida"/>
            
            
        </node>
</create><create><node lat="4364862" lon="-466120" timestamp="2014-08-30T17:26:12Z" username="unknown"><tag k="OBJCOD" v="hotspt"/><tag k="catspt" v="1"/><tag k="DUNITS" v="1"/>
            
            
            
        </node>
</create><create><node lat="4364914" lon="-466399" timestamp="2014-08-30T17:27:01Z" username="unknown"><tag k="OBJCOD" v="hotspt"/><tag k="catspt" v="1"/><tag k="DUNITS" v="1"/>
            
            
            
        </node>
</create><create><node lat="4364954" lon="-466208" timestamp="2014-08-30T17:26:48Z" username="unknown"><tag k="OBJCOD" v="hotspt"/><tag k="catspt" v="1"/><tag k="DUNITS" v="1"/>
            
            
            
        </node>
</create><create><node lat="4365148" lon="-465932" timestamp="2013-06-07T18:40:11Z" username="unknown"><tag k="OBJCOD" v="UWTROC"/><tag k="WATLEV" v="3"/><tag k="OBJNAM" v="Besu y brot&#10; "/><tag k="INFORM" v="97m&#10;"/><tag k="DUNITS" v="1"/>
            
            
            
            
            
        
            
            
            
            
        </node>
</create><create><node lat="4365151" lon="-466668" timestamp="2014-08-30T17:27:14Z" username="unknown"><tag k="OBJCOD" v="hotspt"/><tag k="catspt" v="1"/><tag k="DUNITS" v="1"/>
            
            
            
        </node>
</create><create><node lat="4365202" lon="-465886" timestamp="2015-02-06T14:27:48Z" username="unknown"><tag k="OBJCOD" v="UWTROC"/><tag k="WATLEV" v="3"/><tag k="OBJNAM" v="rocas&#10;"/><tag k="DUNITS" v="1"/></node>
</create><create><node lat="4365219" lon="-468292" timestamp="2013-10-15T16:38:28Z" username="unknown"><tag k="OBJCOD" v="MORFAC"/><tag k="OBJNAM" v="caida"/>
            
            
        </node>
</create><modify><node lat="4366926" lon="-463234" timestamp="2013-08-13T08:03:39Z" username="Clarin"><tag k="OBJCOD" v="WRECKS"/><tag k="VALSOU" v=" "/><tag k="OBJNAM" v="Barco hundido"/><tag k="INFORM" v="Barco hundido en Restinga"/><tag k="DUNITS" v="1"/>
            
            
            
            
            
        </node>
</modify><modify><node lat="4366954" lon="-462941" timestamp="2015-03-21T20:03:08Z" username="franalmon"><tag k="OBJCOD" v="WRECKS"/></node>
</modify><create><node lat="4370804" lon="-462665" timestamp="2014-08-30T17:28:56Z" username="unknown"><tag k="OBJCOD" v="hotspt"/><tag k="catspt" v="1"/><tag k="DUNITS" v="1"/>
            
            
            
        </node>
</create><create><node lat="4371625" lon="-461235" timestamp="2013-08-23T15:20:18Z" username="unknown"><tag k="OBJCOD" v="WRECKS"/><tag k="OBJNAM" v="mojarras y xopas"/><tag k="DUNITS" v="1"/><tag k="CATWRK" v="1"/>
            
            
            
            
        </node>
</create><create><node lat="4371987" lon="-464446" timestamp="2013-09-07T06:35:43Z" username="unknown"><tag k="OBJCOD" v="UWTROC"/><tag k="WATLEV" v="3"/><tag k="OBJNAM" v="Varadero 1"/><tag k="INFORM" v="Besugo"/><tag k="DUNITS" v="1"/>
            
            
            
            
            
        </node>
</create><create><node lat="4372159" lon="-464065" timestamp="2015-03-21T20:12:14Z" username="franalmon"><tag k="OBJCOD" v="UWTROC"/><tag k="WATLEV" v="3"/><tag k="VALSOU" v=" "/><tag k="OBJNAM" v="Varadero 2"/><tag k="INFORM" v="Besugo"/><tag k="DUNITS" v="1"/></node>
</create><create><node lat="4372450" lon="-460773" timestamp="2013-08-23T09:22:36Z" username="unknown"><tag k="OBJCOD" v="WRECKS"/><tag k="OBJNAM" v="rokeo 34&#10;"/><tag k="DUNITS" v="1"/><tag k="CATWRK" v="1"/>
            
            
            
            
        </node>
</create><create><node lat="4372626" lon="-468238" timestamp="2014-07-25T17:31:09Z" username="unknown"><tag k="OBJCOD" v="UWTROC"/><tag k="WATLEV" v="3"/><tag k="OBJNAM" v="breados"/><tag k="DUNITS" v="1"/>
            
            
            
            
        </node>
</create><create><node lat="4372710" lon="-460990" timestamp="2015-03-21T20:09:51Z" username="franalmon"><tag k="OBJCOD" v="hotspt"/><tag k="catspt" v="1"/><tag k="VALSOU" v=" "/><tag k="OBJNAM" v="BESUGOS"/><tag k="INFORM" v=" "/><tag k="DUNITS" v="1"/></node>
</create><create><node lat="4373950" lon="-467684" timestamp="2012-07-07T18:57:59Z" username="unknown"><tag k="OBJCOD" v="SLCONS"/><tag k="OBJNAM" v="Rampa"/><tag k="CATSLC" v="12"/>
            
            
            
        </node>
</create><create><node lat="4373954" lon="-467605" timestamp="2015-02-07T06:31:31Z" username="unknown"><tag k="OBJCOD" v="gennav"/><tag k="OBJNAM" v="rampa de bajada"/></node>
</create><create><node lat="4374720" lon="-454726" timestamp="2015-07-31T21:04:45Z" username="armenteros"><tag k="OBJCOD" v="gennav"/><tag k="OBJNAM" v="Peligro"/><tag k="INFORM" v="Encienden la iluminación muy tarde!&#10;Se ve muy mal"/></node>
</create><create><node lat="4374850" lon="-454664" timestamp="2014-01-20T11:24:56Z" username="unknown"><tag k="OBJCOD" v="MORFAC"/><tag k="OBJNAM" v="boca tuvo"/>
            
            
        
            
            
            <slave>
                <tag k="OBJCOD" v="LIGHTS"/>
                <tag k="COLOUR" v="12"/>
            </slave>
        </node>
</create><create><node lat="4374852" lon="-459500" timestamp="2014-10-11T08:10:03Z" username="unknown"><tag k="OBJCOD" v="BCNLAT"/><tag k="OBJNAM" v="empezar jose&#10;"/><tag k="COLOUR" v="4"/><tag k="BCNSHP" v="5"/>
            
            
            
            
        </node>
</create><create><node lat="4375065" lon="-458636" timestamp="2013-09-29T13:26:26Z" username="chemapamundi"><tag k="OBJCOD" v="ACHBRT"/><tag k="OBJNAM" v="Almayate"/><tag k="INFORM" v=" "/>
            
            
            
        </node>
</create><create><node lat="4375069" lon="-458639" timestamp="2014-05-06T09:29:10Z" username="chemapamundi"><tag k="OBJCOD" v="SLCONS"/><tag k="OBJNAM" v="Al_M@yate Varadero Los Pescadores"/><tag k="INFORM" v="Para barcos de motor y vela hasta 8 metros. Precio muy razonable. Venta de velero  6 metros 8000 euros. A 3 minutos de Torre del Mar Telefonos"/><tag k="CATSLC" v="12"/>
            
            
            
            
        
            
            
            
        
            
            
            
        
            
            
        
            
            
            
        
            
            
            
        </node>
</create><create><node lat="4375199" lon="-459722" timestamp="2013-08-11T09:16:11Z" username="Malakanudo"><tag k="OBJCOD" v="gennav"/><tag k="OBJNAM" v="El Hornillero"/><tag k="INFORM" v="Chiringuito en Almayate bajo"/>
            
            
            
        </node>
</create><create><node lat="4375595" lon="-460081" timestamp="2012-01-06T13:58:05Z" username="unknown"><tag k="OBJCOD" v="gennav"/><tag k="OBJNAM" v="Campo Angel"/>
            
            
        </node>
</create><create><node lat="4375755" lon="-450480" timestamp="2014-01-26T20:34:58Z" username="unknown"><tag k="OBJCOD" v="BOYSPP"/><tag k="OBJNAM" v="pesca&#10;"/><tag k="COLOUR" v="6"/><tag k="BOYSHP" v="5"/>
            
            
            
            
        </node>
</create><create><node lat="4376022" lon="-450829" timestamp="2012-12-15T15:46:28Z" username="unknown"><tag k="OBJCOD" v="MORFAC"/><tag k="OBJNAM" v="boca tubo"/><tag k="INFORM" v="Besugos,Pulpos,Brecas.&#10;&#10;"/>
            
            
        
            
            
            
            
        
            
            
            
        
            
            
            
        </node>
</create><create><node lat="4376375" lon="-450487" timestamp="2013-11-28T22:01:27Z" username="unknown"><tag k="OBJCOD" v="UWTROC"/><tag k="WATLEV" v="3"/><tag k="OBJNAM" v="piedra del medio"/><tag k="DUNITS" v="1"/>
            
            
            
            
        </node>
</create><delete><node lat="4376746" lon="-455990" timestamp="2015-03-07T17:38:58Z" username="franalmon"><tag k="OBJCOD" v="LIGHTS"/><tag k="COLOUR" v="1"/><tag k="OBJNAM" v="Faro de Torre del Mar"/><tag k="INFORM" v=" "/></node>
</delete><create><node lat="4376946" lon="-455332" timestamp="2013-06-20T12:39:51Z" username="unknown"><tag k="OBJCOD" v="hotspt"/><tag k="catspt" v="1"/><tag k="OBJNAM" v="pesca de pulpos y chopos"/><tag k="DUNITS" v="1"/>
            
            
            
            
        </node>
</create><delete><node lat="4376984" lon="-455896" timestamp="2014-08-28T22:25:50Z" username="franalmon"><tag k="OBJCOD" v="psgiio"/><tag k="catser" v="23"/>
            
            
        </node>
</delete><delete><node lat="4376984" lon="-455360" timestamp="2014-09-03T21:02:22Z" username="franalmon"><tag k="OBJCOD" v="SOUNDG"/>
            
        </node>
</delete><create><node lat="4377031" lon="-454450" timestamp="2013-03-18T14:06:20Z" username="unknown"><tag k="OBJCOD" v="BCNSPP"/><tag k="OBJNAM" v="baliza"/><tag k="INFORM" v="recinto bateas"/><tag k="COLOUR" v="2"/><tag k="BCNSHP" v="5"/>
            
            
            
            
            
        </node>
</create><create><node lat="4377190" lon="-453609" timestamp="2013-03-18T14:05:33Z" username="unknown"><tag k="OBJCOD" v="BCNSPP"/><tag k="OBJNAM" v="baliza"/><tag k="INFORM" v="recinto bateas"/><tag k="COLOUR" v="2"/><tag k="BCNSHP" v="5"/>
            
            
            
            
            
        </node>
</create><create><node lat="4377198" lon="-455951" timestamp="2015-11-11T18:58:05Z" username="franalmon"><tag k="OBJCOD" v="hotspt"/><tag k="catspt" v="1"/><tag k="VALSOU" v=" "/><tag k="OBJNAM" v="Punto de Prueba"/><tag k="INFORM" v=" "/><tag k="DUNITS" v="1"/></node>
</create></bound>