<?xml version="1.0" encoding="UTF-8"?><bound box="7068830,-332667,7088352,-313098"><modify><node lat="7079481" lon="-314955" timestamp="2013-05-27T18:02:44Z" username="JimFN"><tag k="OBJCOD" v="SMACRA"/><tag k="ofsety" v="635"/><tag k="ofsetx" v="-391"/><tag k="CATSMC" v="1"/>
            
            
            
            
        </node>
</modify><delete><node lat="7086113" lon="-325904" timestamp="2010-12-26T21:42:14Z"><tag k="OBJCOD" v="SMACRA"/><tag k="ofsety" v="0"/><tag k="ofsetx" v="0"/><tag k="CATSMC" v="1"/>
            
            
            
            
        </node>
</delete><create><node lat="7087109" lon="-326873" timestamp="2010-12-26T21:42:13Z"><tag k="OBJCOD" v="SMACRA"/><tag k="ofsety" v="0"/><tag k="ofsetx" v="0"/><tag k="SRVLST" v="28;25;31;156;44;126"/><tag k="OBJNAM" v="Ribble - Cruising Club"/><tag k="CATSMC" v="1"/>
            
            
            
            
            
            
        </node>
</create><create><node lat="7087289" lon="-326884" timestamp="2010-12-26T21:46:36Z"><tag k="OBJCOD" v="gennav"/><tag k="OBJNAM" v="Rubble cruising club dock"/><tag k="INFORM" v="Slip &amp; repair facilities"/>
            
            
            
        </node>
</create><modify><node lat="7087330" lon="-315155" timestamp="2015-06-01T20:25:50Z" username="Freebird Freebird"><tag k="OBJCOD" v="DISMAR"/></node>
</modify><delete><node lat="7087852" lon="-317673" timestamp="2013-12-14T13:16:57Z" username="Carl_riley"><tag k="OBJCOD" v="psgiio"/><tag k="catser" v="2"/><tag k="zipcde" v=" "/><tag k="websit" v=" "/><tag k="telnum" v="01772631661"/><tag k="strnam" v="Maze Lane"/><tag k="citynm" v=" "/><tag k="OBJNAM" v="freckleton boatyard"/><tag k="INFORM" v=" "/>
            
            
            
            
            
            
            
            
            
        </node>
</delete><create><node lat="7088300" lon="-318449" timestamp="2013-12-14T13:19:02Z" username="Carl_riley"><tag k="OBJCOD" v="psgiio"/><tag k="catser" v="2"/><tag k="zipcde" v=" "/><tag k="websit" v=" "/><tag k="telnum" v=" "/><tag k="strnam" v=" "/><tag k="citynm" v=" "/><tag k="OBJNAM" v="Ribble Marine"/><tag k="INFORM" v=" "/>
            
            
            
            
            
            
            
            
            
        </node>
</create></bound>