<?xml version="1.0" encoding="UTF-8"?><bound box="6014989,-410941,6034498,-391372"><create><node lat="6015300" lon="-393975" timestamp="2014-10-23T21:28:53Z" username="fred22800"><tag k="OBJCOD" v="WRECKS"/><tag k="VALSOU" v="35"/><tag k="OBJNAM" v="Adonis"/><tag k="INFORM" v="Pinasse&#10;24.03.97 Sabordage"/><tag k="DUNITS" v="1"/><tag k="CATWRK" v="2"/>
            
            
            
            
            
            
        </node>
</create><delete><node lat="6017793" lon="-395479" timestamp="2014-10-01T19:50:24Z" username="unknown"><tag k="OBJCOD" v="WRECKS"/><tag k="VALSOU" v="38"/><tag k="OBJNAM" v="U 171"/><tag k="DUNITS" v="1"/>
            
            
            
            
        </node>
</delete></bound>