<?xml version="1.0" encoding="UTF-8"?><bound box="4864474,-430510,4883966,-410941"><create><node lat="4864803" lon="-411092" timestamp="2014-11-28T15:10:58Z" username="consesur"><tag k="OBJCOD" v="gennav"/><tag k="OBJNAM" v="Mi barco"/>
            
            
        </node>
</create><create><node lat="4881437" lon="-424832" timestamp="2012-03-29T15:20:02Z" username="unknown"><tag k="OBJCOD" v="LIGHTS"/><tag k="COLOUR" v="3"/><tag k="OBJNAM" v="faro"/>
            
            
            
        </node>
</create></bound>