<?xml version="1.0" encoding="UTF-8"?><bound box="7556953,-293529,7576481,-273961"><modify><node lat="7558397" lon="-285052" timestamp="2013-09-12T19:13:29Z" username="tarbetness"><tag k="OBJCOD" v="WRECKS"/><tag k="OBJNAM" v="Primrose"/><tag k="INFORM" v="Old steam trawler"/><tag k="DUNITS" v="1"/>
            
            
            
            
        </node>
</modify><create><node lat="7562090" lon="-288381" timestamp="2013-09-12T19:08:49Z" username="tarbetness"><tag k="OBJCOD" v="hotspt"/><tag k="catspt" v="2"/><tag k="OBJNAM" v="Northumbria"/><tag k="DUNITS" v="1"/>
            
            
            
            
        </node>
</create><create><node lat="7574398" lon="-292559" timestamp="2015-09-13T01:25:35Z" username="vivacity"><tag k="OBJCOD" v="ACHBRT"/><tag k="OBJNAM" v="Crail"/><tag k="INFORM" v=" "/></node>
</create></bound>