<?xml version="1.0" encoding="UTF-8"?><bound box="6463757,-352235,6483272,-332667"><modify><node lat="6466028" lon="-347585" timestamp="2011-09-14T14:39:31Z" username="unknown"><tag k="OBJCOD" v="WRECKS"/><tag k="VALSOU" v="154"/><tag k="OBJNAM" v="TV Wreck"/><tag k="DUNITS" v="3"/>
            
            
            
            
        </node>
</modify><create><node lat="6477710" lon="-347825" timestamp="2012-08-24T16:54:19Z" username="samjordan"><tag k="OBJCOD" v="WRECKS"/><tag k="OBJNAM" v="Avalon"/><tag k="DUNITS" v="1"/><tag k="CATWRK" v="1"/>
            
            
            
            
        </node>
</create></bound>