<?xml version="1.0" encoding="UTF-8"?><bound box="5917449,-371804,5936957,-352235"><create><node lat="5931172" lon="-354969" timestamp="2015-04-04T14:09:16Z" username="renato4954"><tag k="OBJCOD" v="WRECKS"/><tag k="OBJNAM" v="Elisabethville"/><tag k="DUNITS" v="1"/><tag k="CATWRK" v="1"/></node>
</create><modify><node lat="5931930" lon="-355417" timestamp="2014-02-01T14:11:39Z" username="Jojo le merou"><tag k="OBJCOD" v="WRECKS"/><tag k="OBJNAM" v="Elisabethville"/><tag k="INFORM" v="127L&#10;16.9l&#10;Torpill&#xE9; le 06/09/1917"/><tag k="DUNITS" v="1"/>
            
            
            
            
        
            
            
            
        </node>
</modify></bound>