<?xml version="1.0" encoding="UTF-8"?><bound box="7010264,-371804,7029786,-352235"><create><node lat="7011491" lon="-355074" timestamp="2011-04-10T07:24:47Z" username="unknown"><tag k="OBJCOD" v="BCNSPP"/><tag k="OBJNAM" v="D2"/><tag k="COLOUR" v="2"/><tag k="BCNSHP" v="5"/>
            
            
            
            
        </node>
</create><create><node lat="7012368" lon="-355247" timestamp="2011-04-10T07:52:08Z" username="unknown"><tag k="OBJCOD" v="BCNSPP"/><tag k="OBJNAM" v="Middle deep"/><tag k="COLOUR" v="2"/><tag k="BCNSHP" v="5"/>
            
            
            
            
        </node>
</create><create><node lat="7012889" lon="-357084" timestamp="2011-04-10T07:16:13Z" username="unknown"><tag k="OBJCOD" v="BCNSPP"/><tag k="OBJNAM" v="D1"/><tag k="INFORM" v="DSC buoys"/><tag k="COLOUR" v="2"/><tag k="BCNSHP" v="5"/>
            
            
            
            
            
        </node>
</create><delete><node lat="7013789" lon="-364386" timestamp="2011-12-29T14:44:27Z" average_rating="0" rating_count="0" reviews_count="0" username="riverboata"><tag k="OBJCOD" v="BOYLAT"/>
            
        </node>
</delete><create><node lat="7013845" lon="-364534" timestamp="2011-12-29T14:44:27Z" average_rating="0" rating_count="0" reviews_count="0" username="riverboata"><tag k="OBJCOD" v="BOYLAT"/><tag k="abrchr" v="G Q G"/><tag k="OBJNAM" v="M1"/><tag k="MARSYS" v="1"/><tag k="COLOUR" v="4"/><tag k="CATLAM" v="2"/><tag k="BOYSHP" v="1"/>
            
            
            
            
            
            
            
            <slave>
                <tag k="OBJCOD" v="LIGHTS"/>
                <tag k="abrchr" v="G Q G"/>
                <tag k="COLOUR" v="4"/>
                <tag k="LITCHR" v="4"/>
                <tag k="VERDAT" v="17"/>
            </slave>
        </node>
</create><create><node lat="7014120" lon="-353666" timestamp="2011-04-10T07:50:44Z" username="unknown"><tag k="OBJCOD" v="BCNSPP"/><tag k="OBJNAM" v="Lime wharf"/><tag k="COLOUR" v="2"/><tag k="BCNSHP" v="5"/>
            
            
            
            
        </node>
</create><create><node lat="7014526" lon="-357403" timestamp="2011-04-10T07:45:52Z" username="unknown"><tag k="OBJCOD" v="BCNSPP"/><tag k="OBJNAM" v="East bar"/><tag k="COLOUR" v="2"/><tag k="BCNSHP" v="5"/>
            
            
            
            
        </node>
</create><delete><node lat="7016145" lon="-354293" timestamp="2011-12-10T14:22:16Z" username="hensh"><tag k="OBJCOD" v="SMACRA"/><tag k="ofsety" v="49"/><tag k="ofsetx" v="630"/><tag k="CATSMC" v="1"/>
            
            
            
            
        </node>
</delete><modify><node lat="7016435" lon="-369742" timestamp="2013-06-12T12:03:12Z" username="seajay"><tag k="OBJCOD" v="BOYLAT"/><tag k="INFORM" v=" "/>
            
            
            <slave>
                <tag k="OBJCOD" v="FOGSIG"/>
            </slave>
        </node>
</modify><create><node lat="7016444" lon="-354173" timestamp="2014-07-26T22:55:18Z" username="Peterj2995"><tag k="OBJCOD" v="psgiio"/><tag k="catser" v="81"/><tag k="zipcde" v=" "/><tag k="websit" v="www.WKSC.org"/><tag k="telnum" v="0151 625 5579"/><tag k="strnam" v=" "/><tag k="numvhf" v="37"/><tag k="citynm" v=" "/><tag k="OBJNAM" v="West Kirby Sailing Club"/><tag k="INFORM" v="sailing club with slipway. Also have crane facility."/></node>
</create><create><node lat="7016769" lon="-368036" timestamp="2013-06-12T11:58:45Z" average_rating="0" rating_count="0" reviews_count="0" username="seajay"><tag k="OBJCOD" v="BOYCAR"/><tag k="abrchr" v="YB Q(6)+ LFL 15S"/><tag k="OBJNAM" v="DEE"/><tag k="COLPAT" v="1"/><tag k="COLOUR" v="6;2"/><tag k="CATCAM" v="3"/><tag k="BOYSHP" v="4"/>
            
            
            
            
            
            
            
            <slave>
                <tag k="OBJCOD" v="LIGHTS"/>
                <tag k="SIGGRP" v="(6)"/>
                <tag k="SIGPER" v="15"/>
                <tag k="abrchr" v="YB Q(6)+ LFL 15S"/>
                <tag k="COLOUR" v="1"/>
                <tag k="LITCHR" v="25"/>
                <tag k="VERDAT" v="17"/>
            </slave>
            <slave>
                <tag k="OBJCOD" v="TOPMAR"/>
                <tag k="abrchr" v="YB Q(6)+ LFL 15S"/>
                <tag k="COLOUR" v="2"/>
                <tag k="TOPSHP" v="14"/>
            </slave>
        </node>
</create><modify><node lat="7016831" lon="-368614" timestamp="2014-02-25T10:13:35Z" average_rating="0" rating_count="0" reviews_count="0" username="MikeProudlove"><tag k="OBJCOD" v="BOYCAR"/>
            
        
            
        </node>
</modify><create><node lat="7017641" lon="-366507" timestamp="2014-06-05T19:40:50Z" username="dory blue"><tag k="OBJCOD" v="hotspt"/><tag k="catspt" v="1"/><tag k="OBJNAM" v="Bass"/><tag k="DUNITS" v="1"/>
            
            
            
            
        </node>
</create><modify><node lat="7022705" lon="-354304" timestamp="2015-05-15T13:38:20Z" username="steve491"><tag k="OBJCOD" v="SMACRA"/><tag k="ofsety" v="-145"/><tag k="ofsetx" v="679"/><tag k="CATSMC" v="1"/></node>
</modify><create><node lat="7022971" lon="-353737" timestamp="2015-03-17T18:15:18Z" username="Steve A"><tag k="OBJCOD" v="gennav"/><tag k="OBJNAM" v="RNLI Hoylake Lifeboat Station"/><tag k="INFORM" v="A Shannon Class Lifeboat is stationed here."/></node>
</create><create><node lat="7023762" lon="-356754" timestamp="2014-08-05T12:05:19Z" username="Cox"><tag k="OBJCOD" v="BCNSPP"/><tag k="OBJNAM" v="West Launch"/><tag k="COLOUR" v="2"/><tag k="BCNSHP" v="5"/>
            
            
            
            
        </node>
</create><delete><node lat="7024175" lon="-354704" timestamp="2012-02-02T17:53:44Z" username="Cox"><tag k="OBJCOD" v="BCNSPP"/><tag k="OBJNAM" v="320 launch"/><tag k="COLOUR" v="2"/><tag k="BCNSHP" v="5"/>
            
            
            
            
        </node>
</delete><create><node lat="7024217" lon="-355836" timestamp="2014-08-05T11:57:17Z" username="Cox"><tag k="OBJCOD" v="WRECKS"/><tag k="OBJNAM" v="Frames"/><tag k="DUNITS" v="1"/><tag k="CATWRK" v="5"/>
            
            
            
            
        </node>
</create><create><node lat="7025093" lon="-355703" timestamp="2013-02-16T14:58:45Z" username="Cox"><tag k="OBJCOD" v="BCNSPP"/><tag k="OBJNAM" v="320 Launch"/><tag k="INFORM" v="HLB"/><tag k="COLOUR" v="2"/><tag k="BCNSHP" v="5"/>
            
            
            
            
            
        </node>
</create><create><node lat="7025316" lon="-355343" timestamp="2013-02-16T16:03:30Z" username="Cox"><tag k="OBJCOD" v="WRECKS"/><tag k="OBJNAM" v="Wreck"/><tag k="INFORM" v="HLB Marked with Yellow Drum"/><tag k="DUNITS" v="1"/><tag k="CATWRK" v="5"/>
            
            
            
            
            
        
            
            
            
        </node>
</create><create><node lat="7025558" lon="-354932" timestamp="2013-02-16T15:01:49Z" username="Cox"><tag k="OBJCOD" v="BCNSPP"/><tag k="OBJNAM" v="340 Launch"/><tag k="INFORM" v="HLB"/><tag k="COLOUR" v="2"/><tag k="BCNSHP" v="5"/>
            
            
            
            
            
        </node>
</create><modify><node lat="7026625" lon="-358019" timestamp="2011-01-05T13:23:03Z"><tag k="OBJCOD" v="BOYCAR"/><tag k="INFORM" v="Replaced with green cone mark 2010"/>
            
            
        </node>
</modify></bound>