<?xml version="1.0" encoding="UTF-8"?><bound box="6522303,-332667,6541818,-313098"><modify><node lat="6527656" lon="-317663" timestamp="2013-05-19T08:57:28Z" username="fishy50"><tag k="OBJCOD" v="SBDARE"/><tag k="INFORM" v="Plaice?"/>
            
            
        </node>
</modify><modify><node lat="6534830" lon="-326652" timestamp="2012-06-27T21:04:10Z" username="alextbsac0456"><tag k="OBJCOD" v="WRECKS"/><tag k="VALSOU" v="18 meters"/><tag k="OBJNAM" v="The Baygitano"/><tag k="INFORM" v="TIDES: The Baygitano can usually be dived at any state of the tide, but full flood on a big spring may give too much current for divers who are not used to it."/><tag k="DUNITS" v="1"/>
            
            
            
        
            
            
            
            
        
            
            
            
            
        
            
            
            
            
        </node>
</modify><delete><node lat="6535417" lon="-326557" timestamp="2015-08-11T08:49:44Z" username="lippett76"><tag k="OBJCOD" v="WRECKS"/></node>
</delete><create><node lat="6537461" lon="-328983" timestamp="2013-05-21T07:28:13Z" username="KayakWarrior"><tag k="OBJCOD" v="SBDARE"/><tag k="NATSUR" v="9"/>
            
            
        </node>
</create><create><node lat="6537850" lon="-324561" timestamp="2011-01-19T09:23:12Z"><tag k="OBJCOD" v="SBDARE"/><tag k="NATSUR" v="4"/>
            
            
        </node>
</create><create><node lat="6538364" lon="-323725" timestamp="2011-01-19T09:21:01Z"><tag k="OBJCOD" v="ACHBRT"/><tag k="OBJNAM" v="Overnight"/>
            
            
        </node>
</create><create><node lat="6538506" lon="-322195" timestamp="2011-01-19T09:29:02Z"><tag k="OBJCOD" v="hotspt"/><tag k="catspt" v="1"/><tag k="OBJNAM" v="Pipe outlet"/><tag k="DUNITS" v="1"/>
            
            
            
            
        </node>
</create><delete><node lat="6538664" lon="-327282" timestamp="2013-07-31T06:01:33Z" username="KayakWarrior"><tag k="OBJCOD" v="UWTROC"/>
            
        </node>
</delete><create><node lat="6538802" lon="-325881" timestamp="2011-01-19T09:28:29Z"><tag k="OBJCOD" v="hotspt"/><tag k="catspt" v="1"/><tag k="OBJNAM" v="Pipe outlet"/><tag k="DUNITS" v="1"/>
            
            
            
            
        </node>
</create><create><node lat="6538898" lon="-326730" timestamp="2011-09-30T10:07:50Z" username="unknown"><tag k="OBJCOD" v="ACHBRT"/><tag k="OBJNAM" v="lyme regis harbour"/><tag k="INFORM" v="This is not a solid berth, but a summer season pontoon,m connected to shore, and very close to a beach and a tie off wall. Has slightly more low water depth than as the harbourm"/>
            
            
            
        
            
            
        </node>
</create><create><node lat="6538903" lon="-326943" timestamp="2014-07-16T13:33:29Z" username="NUK"><tag k="OBJCOD" v="gennav"/><tag k="OBJNAM" v="Blackwater pump out station"/><tag k="INFORM" v="Telephone: 01297 442137&#10;VHF: 16"/>
            
            
            
        </node>
</create><create><node lat="6538986" lon="-327180" timestamp="2010-10-25T17:38:33Z"><tag k="OBJCOD" v="LIGHTS"/><tag k="COLOUR" v="4"/><tag k="OBJNAM" v="Lyme Regis harbour leading light"/><tag k="INFORM" v="The on-shore green light is fixed to the harbour office and RNLI station"/>
            
            
            
            
        
            
            
            
            
        </node>
</create><create><node lat="6539025" lon="-327113" timestamp="2011-07-06T13:19:18Z" username="Cor"><tag k="OBJCOD" v="SLCONS"/><tag k="CATSLC" v="12"/>
            
            
        </node>
</create><create><node lat="6539207" lon="-326740" timestamp="2011-01-19T09:25:21Z"><tag k="OBJCOD" v="SBDARE"/><tag k="NATSUR" v="4"/>
            
            
        </node>
</create><delete><node lat="6540006" lon="-326445" timestamp="2015-07-21T10:55:34Z" username="Thierry BTD"><tag k="OBJCOD" v="psgiio"/><tag k="catser" v="23"/></node>
</delete></bound>