<?xml version="1.0" encoding="UTF-8"?><bound box="7029786,-371804,7049308,-352235"><delete><node lat="7036247" lon="-354586" timestamp="2015-10-05T22:11:08Z" username="njreid"><tag k="OBJCOD" v="BOYCAR"/></node>
</delete><create><node lat="7045027" lon="-352437" timestamp="2012-11-25T12:26:24Z" username="CC"><tag k="OBJCOD" v="MORFAC"/><tag k="OBJNAM" v="Mid point"/>
            
            
        </node>
</create><create><node lat="7045312" lon="-359212" timestamp="2014-12-26T00:45:33Z" username="capn666"><tag k="OBJCOD" v="BOYISD"/><tag k="abrchr" v="RW ISO 4S"/><tag k="OBJNAM" v="FORMBY"/><tag k="INFORM" v=" "/><tag k="COLPAT" v="2"/><tag k="COLOUR" v="3;1"/><tag k="BOYSHP" v="4"/>
            
            
            
            
            
            
            
            
        
            
            
            
            <slave>
                <tag k="OBJCOD" v="LIGHTS"/>
                <tag k="SIGPER" v="4"/>
                <tag k="abrchr" v="RW ISO 4S"/>
                <tag k="COLOUR" v="1"/>
                <tag k="LITCHR" v="7"/>
            </slave>
            <slave>
                <tag k="OBJCOD" v="TOPMAR"/>
                <tag k="abrchr" v="RW ISO 4S"/>
                <tag k="COLOUR" v="3"/>
                <tag k="TOPSHP" v="3"/>
            </slave>
        </node>
</create><delete><node lat="7045312" lon="-358987" timestamp="2014-09-08T18:46:06Z" username="asen68"><tag k="OBJCOD" v="BOYISD"/>
            
        </node>
</delete><create><node lat="7045600" lon="-361721" timestamp="2014-09-08T19:00:26Z" username="asen68"><tag k="OBJCOD" v="BOYSAW"/><tag k="OBJNAM" v="FORMBY"/><tag k="INFORM" v=" "/><tag k="COLOUR" v="3;1"/><tag k="BOYSHP" v="4"/>
            
            
            
            
            
            <slave>
                <tag k="OBJCOD" v="LIGHTS"/>
                <tag k="COLOUR" v="12"/>
            </slave>
        </node>
</create><modify><node lat="7045713" lon="-361941" timestamp="2015-04-26T18:45:36Z" username="manxsteve"><tag k="OBJCOD" v="SMACRA"/><tag k="ofsety" v="-280"/><tag k="ofsetx" v="-474"/><tag k="CATSMC" v="1"/></node>
</modify></bound>