<?xml version="1.0" encoding="UTF-8"?><bound box="5995481,-313098,6014989,-293529"><create><node lat="5997035" lon="-294268" timestamp="2015-04-28T07:17:30Z" username="Melier"><tag k="OBJCOD" v="psgiio"/><tag k="catser" v="135"/><tag k="OBJNAM" v="Cale,?"/></node>
</create><create><node lat="5998635" lon="-304844" timestamp="2011-08-14T18:52:52Z" username="boulande"><tag k="OBJCOD" v="MORFAC"/><tag k="OBJNAM" v="Homard"/>
            
            
        </node>
</create><create><node lat="6000320" lon="-302130" timestamp="2014-07-26T13:04:05Z" username="unknown"><tag k="OBJCOD" v="ACHBRT"/><tag k="OBJNAM" v="ARTZ 01&#10;"/>
            
            
        </node>
</create><create><node lat="6001254" lon="-310022" timestamp="2014-09-10T23:35:02Z" username="Danglaz"><tag k="OBJCOD" v="gennav"/><tag k="OBJNAM" v="Calé du Ruault"/>
            
            
        </node>
</create><create><node lat="6001400" lon="-306687" timestamp="2010-12-24T17:49:00Z"><tag k="OBJCOD" v="gennav"/><tag k="OBJNAM" v="Restricted area"/><tag k="INFORM" v="Below this limit, navigation is subject to certain restrictions. Check the local authorities' bulletins."/>
            
            
            
        </node>
</create><create><node lat="6002087" lon="-310202" timestamp="2014-09-10T23:32:42Z" username="Danglaz"><tag k="OBJCOD" v="gennav"/><tag k="OBJNAM" v="Maison"/>
            
            
        </node>
</create><create><node lat="6003642" lon="-312370" timestamp="2014-09-14T13:30:19Z" username="roncen"><tag k="OBJCOD" v="gennav"/><tag k="OBJNAM" v="Rami"/><tag k="INFORM" v="15sep2014"/>
            
            
            
        </node>
</create><modify><node lat="6007275" lon="-306594" timestamp="2011-02-15T08:11:55Z" username="unknown"><tag k="OBJCOD" v="BCNLAT"/><tag k="OBJNAM" v="La Grande Truie"/>
            
            
        </node>
</modify><modify><node lat="6007972" lon="-306539" timestamp="2014-09-10T23:39:59Z" username="Danglaz"><tag k="OBJCOD" v="BCNLAT"/><tag k="OBJNAM" v="Le Fuseau"/><tag k="INFORM" v=" "/>
            
            
            
        </node>
</modify><create><node lat="6009475" lon="-306762" timestamp="2014-09-10T22:23:20Z" username="Danglaz"><tag k="OBJCOD" v="gennav"/><tag k="OBJNAM" v="Tour de Tenero"/>
            
            
        </node>
</create><create><node lat="6010336" lon="-297612" timestamp="2015-03-11T15:08:53Z" username="Damian999"><tag k="OBJCOD" v="psgiio"/><tag k="catser" v="41"/><tag k="zipcde" v="56450"/><tag k="websit" v="www.morbihanyachtsurvey.com"/><tag k="telnum" v="0652840396"/><tag k="strnam" v=" "/><tag k="citynm" v="noyalo"/><tag k="OBJNAM" v="morbihan yacht survey"/><tag k="INFORM" v="Qualified English IIMS registered yacht and small craft surveyor. &#10;excellent service"/></node>
</create><create><node lat="6011336" lon="-310519" timestamp="2013-03-22T13:20:19Z" username="coryphene"><tag k="OBJCOD" v="gennav"/>
            
        </node>
</create><create><node lat="6011370" lon="-306393" timestamp="2011-07-09T20:05:49Z" username="unknown"><tag k="OBJCOD" v="BCNLAT"/><tag k="abrchr" v="G FL G 2.5S"/><tag k="OBJNAM" v="ROGUEDAS"/><tag k="COLOUR" v="4"/><tag k="CATLAM" v="2"/><tag k="BCNSHP" v="3"/>
            
            
            
            
            
            
            <slave>
                <tag k="OBJCOD" v="LIGHTS"/>
                <tag k="SIGPER" v="2.50"/>
                <tag k="abrchr" v="G FL G 2.5S"/>
                <tag k="COLOUR" v="4"/>
                <tag k="LITCHR" v="2"/>
                <tag k="VERDAT" v="3"/>
            </slave>
        </node>
</create><modify><node lat="6011528" lon="-308761" timestamp="2014-11-04T11:30:11Z" username="jmcarraz"><tag k="OBJCOD" v="SMACRA"/><tag k="ofsety" v="-139"/><tag k="ofsetx" v="-504"/><tag k="CATSMC" v="1"/>
            
            
            
            
        </node>
</modify><modify><node lat="6012185" lon="-310326" timestamp="2013-11-21T16:15:30Z" username="saudubray"><tag k="OBJCOD" v="BCNLAT"/>
            
        </node>
</modify><create><node lat="6012611" lon="-312308" timestamp="2013-08-01T05:55:10Z" username="grano"><tag k="OBJCOD" v="ACHBRT"/><tag k="OBJNAM" v="Nick´s place"/>
            
            
        </node>
</create><modify><node lat="6013347" lon="-308941" timestamp="2014-07-24T14:10:10Z" username="actros2625"><tag k="OBJCOD" v="BCNLAT"/>
            
        </node>
</modify><create><node lat="6013392" lon="-308917" timestamp="2015-05-18T13:59:28Z" username="Doudou 56"><tag k="OBJCOD" v="SLCONS"/><tag k="OBJNAM" v="Cale de Bararac'h"/><tag k="INFORM" v="Cale de mise à l'eau gratuite."/><tag k="CATSLC" v="12"/></node>
</create><create><node lat="6013677" lon="-309511" timestamp="2013-07-31T10:25:19Z" username="Madeloeiz "><tag k="OBJCOD" v="ACHBRT"/><tag k="OBJNAM" v="Madeloeiz"/><tag k="INFORM" v="Mon mouillage."/>
            
            
            
        </node>
</create><create><node lat="6014069" lon="-296851" timestamp="2012-01-21T20:51:54Z" username="Homer"><tag k="OBJCOD" v="hotspt"/><tag k="catspt" v="2"/><tag k="VALSOU" v="12"/><tag k="OBJNAM" v="Super"/><tag k="INFORM" v="Bon coin"/><tag k="DUNITS" v="1"/>
            
            
            
            
            
            
        </node>
</create></bound>