<?xml version="1.0" encoding="UTF-8"?><bound box="6678434,-450078,6697951,-430510"><create><node lat="6682159" lon="-445966" timestamp="2014-08-28T14:00:43Z" username="malrees"><tag k="OBJCOD" v="ACHBRT"/><tag k="OBJNAM" v="Bream mark"/><tag k="INFORM" v=" "/>
            
            
            
        </node>
</create><create><node lat="6682222" lon="-446015" timestamp="2014-08-28T13:59:55Z" username="malrees"><tag k="OBJCOD" v="ACHBRT"/><tag k="OBJNAM" v=" "/><tag k="INFORM" v=" "/>
            
            
            
        </node>
</create><create><node lat="6682551" lon="-446071" timestamp="2014-08-28T14:04:16Z" username="malrees"><tag k="OBJCOD" v="hotspt"/><tag k="catspt" v="1"/><tag k="VALSOU" v=" "/><tag k="OBJNAM" v="fishing"/><tag k="INFORM" v=" "/><tag k="DUNITS" v="1"/>
            
            
            
            
            
            
        </node>
</create><modify><node lat="6686831" lon="-438449" timestamp="2015-03-25T14:31:05Z" username="fuzzedup"><tag k="OBJCOD" v="WRECKS"/><tag k="VALSOU" v="14.90"/><tag k="OBJNAM" v=" "/><tag k="INFORM" v=" "/><tag k="DUNITS" v="3"/></node>
</modify><create><node lat="6689412" lon="-442090" timestamp="2014-04-19T14:19:34Z" username="gareth902"><tag k="OBJCOD" v="BOYSPP"/><tag k="OBJNAM" v="Pier"/><tag k="INFORM" v="Racing mark/lifeboat mooring"/><tag k="COLOUR" v="6"/><tag k="BOYSHP" v="5"/>
            
            
            
            
            
        </node>
</create><modify><node lat="6690149" lon="-444544" timestamp="2015-01-13T10:21:27Z" username="jay23wales"><tag k="OBJCOD" v="WRECKS"/><tag k="VALSOU" v=" "/><tag k="OBJNAM" v="strombus"/><tag k="INFORM" v=" "/><tag k="DUNITS" v="1"/>
            
            
            
            
            
        </node>
</modify><modify><node lat="6690352" lon="-442295" timestamp="2011-07-07T06:52:44Z" username="unknown"><tag k="OBJCOD" v="WRECKS"/>
            
        </node>
</modify><create><node lat="6692407" lon="-435072" timestamp="2015-04-25T08:29:32Z" username="shearwater of mumbles"><tag k="OBJCOD" v="BOYSPP"/><tag k="OBJNAM" v=" "/><tag k="INFORM" v="Don't anchor: scientific instruments"/><tag k="COLOUR" v="6"/><tag k="BOYSHP" v="5"/><slave><tag k="OBJCOD" v="LIGHTS"/><tag k="COLOUR" v="12"/></slave></node>
</create><create><node lat="6693427" lon="-432381" timestamp="2012-02-24T19:02:47Z" average_rating="0" rating_count="0" reviews_count="0" username="jaimeboat"><tag k="OBJCOD" v="BOYLAT"/><tag k="abrchr" v="G FL G 5S"/><tag k="OBJNAM" v="Neath"/><tag k="MARSYS" v="1"/><tag k="COLOUR" v="4"/><tag k="CATLAM" v="2"/><tag k="BOYSHP" v="1"/>
            
            
            
            
            
            
            
            <slave>
                <tag k="OBJCOD" v="LIGHTS"/>
                <tag k="SIGPER" v="5"/>
                <tag k="abrchr" v="G FL G 5S"/>
                <tag k="COLOUR" v="4"/>
                <tag k="LITCHR" v="2"/>
                <tag k="VERDAT" v="17"/>
            </slave>
            <slave>
                <tag k="OBJCOD" v="TOPMAR"/>
                <tag k="abrchr" v="G FL G 5S"/>
                <tag k="COLOUR" v="4"/>
                <tag k="TOPSHP" v="1"/>
            </slave>
        </node>
</create><delete><node lat="6693539" lon="-432307" timestamp="2012-02-24T19:02:47Z" average_rating="0" rating_count="0" reviews_count="0" username="jaimeboat"><tag k="OBJCOD" v="BOYLAT"/>
            
        </node>
</delete><create><node lat="6693597" lon="-432424" timestamp="2012-02-24T19:07:12Z" average_rating="0" rating_count="0" reviews_count="0" username="jaimeboat"><tag k="OBJCOD" v="BOYLAT"/><tag k="abrchr" v="R FL R 5S"/><tag k="MARSYS" v="1"/><tag k="COLOUR" v="3"/><tag k="CATLAM" v="1"/><tag k="BOYSHP" v="2"/>
            
            
            
            
            
            
            <slave>
                <tag k="OBJCOD" v="LIGHTS"/>
                <tag k="SIGPER" v="5"/>
                <tag k="abrchr" v="R FL R 5S"/>
                <tag k="COLOUR" v="3"/>
                <tag k="LITCHR" v="2"/>
                <tag k="VERDAT" v="17"/>
            </slave>
            <slave>
                <tag k="OBJCOD" v="TOPMAR"/>
                <tag k="abrchr" v="R FL R 5S"/>
                <tag k="COLOUR" v="3"/>
                <tag k="TOPSHP" v="5"/>
            </slave>
        </node>
</create><delete><node lat="6693837" lon="-432307" timestamp="2012-02-24T19:07:12Z" average_rating="0" rating_count="0" reviews_count="0" username="jaimeboat"><tag k="OBJCOD" v="BOYLAT"/>
            
        </node>
</delete><delete><node lat="6695430" lon="-439334" timestamp="2015-02-15T21:40:23Z" username="Budgiethebone"><tag k="OBJCOD" v="BCNSPP"/><tag k="OBJNAM" v="Outfall"/><tag k="INFORM" v=" "/></node>
</delete><create><node lat="6695442" lon="-439337" timestamp="2014-05-15T20:32:36Z" username="unknown"><tag k="OBJCOD" v="BCNLAT"/><tag k="OBJNAM" v="outfall"/><tag k="INFORM" v="days at half tide"/><tag k="COLOUR" v="3"/><tag k="BCNSHP" v="5"/>
            
            
            
            
            
        </node>
</create><create><node lat="6695922" lon="-432753" timestamp="2012-04-23T19:38:03Z" username="shearwater of mumbles"><tag k="OBJCOD" v="BOYSPP"/><tag k="OBJNAM" v="Fl(5)Y.20s"/><tag k="INFORM" v="Don't anchor: scientific instruments"/><tag k="COLOUR" v="6"/><tag k="BOYSHP" v="5"/>
            
            
            
            
            
            <slave>
                <tag k="OBJCOD" v="LIGHTS"/>
                <tag k="COLOUR" v="12"/>
            </slave>
        </node>
</create><create><node lat="6696503" lon="-437958" timestamp="2014-04-19T13:21:56Z" username="gareth902"><tag k="OBJCOD" v="BOYSPP"/><tag k="OBJNAM" v="Outer distance"/><tag k="INFORM" v="SYASAC start mark"/><tag k="COLOUR" v="6"/><tag k="BOYSHP" v="5"/>
            
            
            
            
            
        
            
            
            
        </node>
</create><create><node lat="6697582" lon="-438003" timestamp="2012-10-26T12:08:21Z" username="techsales"><tag k="OBJCOD" v="psgiio"/><tag k="catser" v="127"/><tag k="zipcde" v="SA1 1UP"/><tag k="websit" v="http://www.force4.co.uk"/><tag k="telnum" v="01792 465570"/><tag k="strnam" v="Unit 4&amp;5 Fishmarket Quay"/><tag k="citynm" v="Swansea"/><tag k="OBJNAM" v="Force 4 Chandlery Swansea"/><tag k="INFORM" v="Stocks a full range of Chandlery, Marine Electronics, Safety equipment, Marine clothing, books and charts. Free on site parking."/>
            
            
            
            
            
            
            
            
        
            
            
            
        </node>
</create><modify><node lat="6697586" lon="-438079" timestamp="2012-10-14T09:09:35Z" username="shearwater of mumbles"><tag k="OBJCOD" v="SMACRA"/><tag k="trnbth" v="35"/><tag k="ofsety" v="-373"/><tag k="ofsetx" v="325"/><tag k="numvhf" v=" "/><tag k="maxlen" v=" "/><tag k="dckdph" v="9.75"/><tag k="ZIPCDE" v="SA1"/><tag k="WEBSIT" v=" "/><tag k="TELNUM" v="+44 1792 47 03 10"/><tag k="STRNAM" v="Lockside,Maritime Quarter"/><tag k="SRVLST" v="28;168;36;31;73;74;174;43;78;139;38;133;52;49;122;125"/><tag k="OBJNAM" v="Swansea"/><tag k="INFORM" v=" "/><tag k="CITYNM" v="Swan"/><tag k="CATSMC" v="1"/>
            
            
            
            
            
        
            
            
            
            
            
            
            
            
            
            
            
            
            
            
            
            
        </node>
</modify><modify><node lat="6697586" lon="-438079" timestamp="2011-02-11T17:00:26Z" username="unknown"><tag k="OBJCOD" v="SMACRA"/><tag k="ofsety" v="-373"/><tag k="ofsetx" v="325"/><tag k="SRVLST" v="28;168;36;31;74;174;43;78;139;38;52;122;125;49;47"/><tag k="CATSMC" v="1"/>
            
            
            
            
            
        </node>
</modify></bound>