<?xml version="1.0" encoding="UTF-8"?><bound box="5351857,-391372,5371356,-371804"><create><node lat="5353995" lon="-379863" timestamp="2014-04-21T17:37:05Z" username="unknown"><tag k="OBJCOD" v="hotspt"/><tag k="catspt" v="1"/><tag k="OBJNAM" v="Cabras"/><tag k="DUNITS" v="1"/>
            
            
            
            
        </node>
</create><create><node lat="5354846" lon="-374450" timestamp="2011-08-31T20:16:03Z" username="alfonso albeniz"><tag k="OBJCOD" v="FSHFAC"/>
            
        </node>
</create><create><node lat="5355168" lon="-377367" timestamp="2014-12-04T06:40:56Z" username="doradero"><tag k="OBJCOD" v="OBSTRN"/><tag k="VALSOU" v=" "/><tag k="OBJNAM" v=" "/><tag k="INFORM" v=" "/><tag k="DUNITS" v="1"/>
            
            
            
            
            
        </node>
</create><create><node lat="5355252" lon="-377323" timestamp="2014-12-04T06:39:40Z" username="doradero"><tag k="OBJCOD" v="OBSTRN"/><tag k="VALSOU" v=" "/><tag k="OBJNAM" v=" "/><tag k="INFORM" v=" "/><tag k="DUNITS" v="1"/>
            
            
            
            
            
        </node>
</create><create><node lat="5355308" lon="-377296" timestamp="2013-10-23T08:36:35Z" username="unknown"><tag k="OBJCOD" v="WRECKS"/><tag k="OBJNAM" v="Genoveba ferro"/><tag k="INFORM" v="Barco undido con boya para amarrarse en bajamar "/><tag k="DUNITS" v="1"/><tag k="CATWRK" v="5"/>
            
            
            
            
            
        </node>
</create><modify><node lat="5355384" lon="-389431" timestamp="2013-10-30T18:48:58Z" username="unknown"><tag k="OBJCOD" v="UWTROC"/>
            
        </node>
</modify><create><node lat="5356313" lon="-387853" timestamp="2014-04-21T17:28:23Z" username="unknown"><tag k="OBJCOD" v="UWTROC"/><tag k="WATLEV" v="3"/><tag k="VALSOU" v="2"/><tag k="OBJNAM" v="Las Liebres"/><tag k="DUNITS" v="1"/>
            
            
            
            
            
        </node>
</create><create><node lat="5357326" lon="-375476" timestamp="2012-05-02T20:33:04Z" username="peletxa"><tag k="OBJCOD" v="WRECKS"/><tag k="OBJNAM" v="Barcos hundidos"/><tag k="DUNITS" v="1"/><tag k="CATWRK" v="5"/>
            
            
            
            
        </node>
</create><modify><node lat="5358290" lon="-379948" timestamp="2012-03-11T20:34:44Z" username="rdp123"><tag k="OBJCOD" v="BOYSPP"/>
            
        </node>
</modify><modify><node lat="5358530" lon="-379934" timestamp="2011-09-17T12:15:50Z" username="alfonso albeniz"><tag k="OBJCOD" v="BOYSPP"/>
            
            <slave>
                <tag k="OBJCOD" v="FOGSIG"/>
            </slave>
        </node>
</modify><create><node lat="5358576" lon="-388643" timestamp="2014-08-08T15:24:09Z" username="unknown"><tag k="OBJCOD" v="gennav"/><tag k="OBJNAM" v="1"/><tag k="INFORM" v="1"/>
            
            
            
        </node>
</create><create><node lat="5359131" lon="-376108" timestamp="2014-09-01T09:22:08Z" username="unknown"><tag k="OBJCOD" v="WRECKS"/><tag k="VALSOU" v="76"/><tag k="OBJNAM" v="mar azul"/><tag k="INFORM" v="76m&#10;"/><tag k="DUNITS" v="1"/><tag k="CATWRK" v="5"/>
            
            
            
            
            
            
        </node>
</create><create><node lat="5359228" lon="-384729" timestamp="2013-07-03T12:16:32Z" username="unknown"><tag k="OBJCOD" v="FSHFAC"/><tag k="OBJNAM" v="el doble"/><tag k="INFORM" v="pesca&#10;"/>
            
            
            
        
            
            
            
        </node>
</create><create><node lat="5359241" lon="-384715" timestamp="2013-07-03T12:17:44Z" username="unknown"><tag k="OBJCOD" v="hotspt"/><tag k="catspt" v="1"/><tag k="OBJNAM" v="EL DOBLE"/><tag k="DUNITS" v="1"/>
            
            
            
            
        </node>
</create><create><node lat="5359744" lon="-376145" timestamp="2012-05-04T22:32:39Z" username="peletxa"><tag k="OBJCOD" v="WRECKS"/><tag k="OBJNAM" v="Barcos hundidos"/><tag k="DUNITS" v="1"/><tag k="CATWRK" v="5"/>
            
            
            
            
        </node>
</create><create><node lat="5359958" lon="-376018" timestamp="2015-09-15T17:13:48Z" username="unknown"><tag k="OBJCOD" v="WRECKS"/><tag k="DUNITS" v="1"/><tag k="CATWRK" v="1"/></node>
</create><create><node lat="5360367" lon="-382575" timestamp="2012-03-19T07:45:51Z" username="peletxa"><tag k="OBJCOD" v="gennav"/><tag k="OBJNAM" v="Cabras"/>
            
            
        </node>
</create><create><node lat="5360378" lon="-382567" timestamp="2013-07-03T12:20:21Z" username="unknown"><tag k="OBJCOD" v="hotspt"/><tag k="catspt" v="1"/><tag k="OBJNAM" v="cabras."/><tag k="DUNITS" v="1"/>
            
            
            
            
        </node>
</create><create><node lat="5360400" lon="-382575" timestamp="2012-03-17T15:29:48Z" username="peletxa"><tag k="OBJCOD" v="hotspt"/><tag k="catspt" v="1"/><tag k="OBJNAM" v="Posibles cabras"/><tag k="DUNITS" v="1"/>
            
            
            
            
        </node>
</create><create><node lat="5365356" lon="-387325" timestamp="2012-05-03T08:20:41Z" username="peletxa"><tag k="OBJCOD" v="gennav"/><tag k="OBJNAM" v="El roble"/>
            
            
        </node>
</create><create><node lat="5365699" lon="-384196" timestamp="2013-07-03T12:24:48Z" username="unknown"><tag k="OBJCOD" v="hotspt"/><tag k="catspt" v="1"/><tag k="OBJNAM" v="EL RAMO"/><tag k="DUNITS" v="1"/>
            
            
            
            
        </node>
</create><create><node lat="5365863" lon="-387369" timestamp="2012-03-07T17:37:07Z" username="peletxa"><tag k="OBJCOD" v="ACHBRT"/><tag k="OBJNAM" v="Jibiones"/><tag k="INFORM" v="Mia"/>
            
            
            
        
            
        
            
        </node>
</create><create><node lat="5369192" lon="-374131" timestamp="2014-08-06T04:13:12Z" username="unknown"><tag k="OBJCOD" v="FSHFAC"/><tag k="OBJNAM" v="plaera, Este"/><tag k="INFORM" v="panchos"/>
            
            
            
        </node>
</create></bound>