<?xml version="1.0" encoding="UTF-8"?><bound box="6014989,-293529,6034498,-273961"><create><node lat="6024529" lon="-291619" timestamp="2014-08-26T15:52:30Z" username="caabm"><tag k="OBJCOD" v="BOYLAT"/><tag k="COLOUR" v="4;3"/><tag k="BOYSHP" v="2"/>
            
            
            
            <slave>
                <tag k="OBJCOD" v="FOGSIG"/>
            </slave>
            <slave>
                <tag k="OBJCOD" v="LIGHTS"/>
                <tag k="COLOUR" v="4"/>
            </slave>
        </node>
</create></bound>