<?xml version="1.0" encoding="UTF-8"?><bound box="5351857,-469647,5371356,-450078"><create><node lat="5352048" lon="-452138" timestamp="2014-01-13T20:46:21Z" username="unknown"><tag k="OBJCOD" v="gennav"/><tag k="OBJNAM" v="zona arena piedra"/>
            
            
        </node>
</create><create><node lat="5352228" lon="-455723" timestamp="2014-01-13T01:00:48Z" username="unknown"><tag k="OBJCOD" v="gennav"/><tag k="OBJNAM" v="posible piedra"/>
            
            
        </node>
</create><create><node lat="5352311" lon="-455521" timestamp="2014-01-13T00:56:07Z" username="unknown"><tag k="OBJCOD" v="gennav"/><tag k="OBJNAM" v="posible piedra"/>
            
            
        </node>
</create><create><node lat="5352860" lon="-451616" timestamp="2014-02-20T14:09:09Z" username="unknown"><tag k="OBJCOD" v="gennav"/><tag k="OBJNAM" v="veeif"/>
            
            
        </node>
</create><create><node lat="5352950" lon="-454156" timestamp="2014-01-13T01:01:15Z" username="unknown"><tag k="OBJCOD" v="gennav"/><tag k="OBJNAM" v="posible piedra"/>
            
            
        </node>
</create><create><node lat="5353167" lon="-452676" timestamp="2014-01-13T00:57:21Z" username="unknown"><tag k="OBJCOD" v="gennav"/><tag k="OBJNAM" v="linea a revisar piedras"/>
            
            
        </node>
</create><create><node lat="5353922" lon="-450334" timestamp="2014-08-05T06:41:50Z" username="unknown"><tag k="OBJCOD" v="hotspt"/><tag k="catspt" v="1"/><tag k="OBJNAM" v="rocas"/><tag k="DUNITS" v="1"/>
            
            
            
            
        </node>
</create><create><node lat="5354171" lon="-451319" timestamp="2014-01-13T00:58:23Z" username="unknown"><tag k="OBJCOD" v="gennav"/><tag k="OBJNAM" v="posible piedra"/>
            
            
        </node>
</create><create><node lat="5354513" lon="-450219" timestamp="2014-01-13T01:14:23Z" username="unknown"><tag k="OBJCOD" v="gennav"/><tag k="OBJNAM" v="verificar punto"/>
            
            
        </node>
</create><create><node lat="5354582" lon="-451078" timestamp="2014-02-12T00:23:04Z" username="unknown"><tag k="OBJCOD" v="gennav"/><tag k="OBJNAM" v="posible piedra"/>
            
            
        </node>
</create><create><node lat="5354731" lon="-452870" timestamp="2014-02-12T00:27:29Z" username="unknown"><tag k="OBJCOD" v="gennav"/><tag k="OBJNAM" v="posible pendiente"/>
            
            
        </node>
</create><create><node lat="5354846" lon="-453816" timestamp="2013-12-27T23:09:52Z" username="unknown"><tag k="OBJCOD" v="hotspt"/><tag k="catspt" v="1"/><tag k="OBJNAM" v="Bajo canto"/><tag k="DUNITS" v="1"/>
            
            
            
            
        </node>
</create><create><node lat="5354927" lon="-450079" timestamp="2014-01-13T20:28:58Z" username="unknown"><tag k="OBJCOD" v="gennav"/><tag k="OBJNAM" v="revisar punto piedra arena"/>
            
            
        </node>
</create><create><node lat="5355094" lon="-450708" timestamp="2014-10-19T07:08:37Z" username="unknown"><tag k="OBJCOD" v="hotspt"/><tag k="catspt" v="1"/><tag k="OBJNAM" v="cal&#10;&#10;&#10;"/><tag k="DUNITS" v="1"/>
            
            
            
            
        </node>
</create><create><node lat="5356872" lon="-461460" timestamp="2011-08-25T10:37:38Z" username="thai"><tag k="OBJCOD" v="BCNSPP"/><tag k="OBJNAM" v="Palo vertical"/><tag k="INFORM" v="PosiciÃ³n aproximada"/><tag k="COLOUR" v="2"/><tag k="BCNSHP" v="5"/>
            
            
            
            
            
        </node>
</create><create><node lat="5365822" lon="-461832" timestamp="2011-08-25T10:39:05Z" username="thai"><tag k="OBJCOD" v="BCNSPP"/><tag k="OBJNAM" v="Palo vertical"/><tag k="INFORM" v="SituaciÃ³n aproximada"/><tag k="COLOUR" v="2"/><tag k="BCNSHP" v="5"/>
            
            
            
            
            
        </node>
</create></bound>