<?xml version="1.0" encoding="UTF-8"?><bound box="6190578,-313098,6210089,-293529"><create><node lat="6195005" lon="-310100" timestamp="2013-11-09T11:47:04Z" username="pierre Lagrange"><tag k="OBJCOD" v="BOYCAR"/><tag k="abrchr" v="YBY"/><tag k="COLPAT" v="1"/><tag k="COLOUR" v="6;2;6"/><tag k="CATCAM" v="4"/><tag k="BOYSHP" v="5"/>
            
            
            
            
            
            
            <slave>
                <tag k="OBJCOD" v="TOPMAR"/>
                <tag k="abrchr" v="YBY"/>
                <tag k="COLOUR" v="2"/>
                <tag k="TOPSHP" v="10"/>
            </slave>
        </node>
</create><modify><node lat="6200264" lon="-296644" timestamp="2014-08-12T19:55:07Z" username="pylb"><tag k="OBJCOD" v="LIGHTS"/><tag k="COLOUR" v="1"/><tag k="OBJNAM" v="Le Grand  L&#xE9;jon"/><tag k="INFORM" v=" "/></node>
</modify></bound>