<?xml version="1.0" encoding="UTF-8"?><bound box="5936957,-332667,5956464,-313098"><delete><node lat="5947355" lon="-331622" timestamp="2015-08-20T15:29:12Z" username="PLP"><tag k="OBJCOD" v="WRECKS"/></node>
</delete><create><node lat="5947573" lon="-332474" timestamp="2014-05-31T14:23:39Z" username="loiclogeais"><tag k="OBJCOD" v="hotspt"/><tag k="catspt" v="1"/><tag k="VALSOU" v=" "/><tag k="OBJNAM" v="dauphins"/><tag k="INFORM" v=" "/><tag k="DUNITS" v="1"/>
            
            
            
            
            
            
        </node>
</create><create><node lat="5950244" lon="-331803" timestamp="2015-08-20T15:29:12Z" username="PLP"><tag k="OBJCOD" v="WRECKS"/><tag k="WATLEV" v="3"/><tag k="VALSOU" v="39"/><tag k="QUASOU" v="7"/><tag k="CATWRK" v="1"/></node>
</create><create><node lat="5953942" lon="-327498" timestamp="2014-09-26T15:49:12Z" username="tambouille"><tag k="OBJCOD" v="WRECKS"/><tag k="OBJNAM" v="Tira oz"/><tag k="DUNITS" v="1"/><tag k="CATWRK" v="2"/>
            
            
            
            
        </node>
</create></bound>