<?xml version="1.0" encoding="UTF-8"?><bound box="5995481,-391372,6014989,-371804"><create><node lat="6008982" lon="-379658" timestamp="2011-04-10T16:57:44Z" username="unknown"><tag k="OBJCOD" v="MORFAC"/><tag k="OBJNAM" v="me hroedur"/>
            
            
        </node>
</create><modify><node lat="6011967" lon="-380510" timestamp="2014-09-06T09:23:53Z" username="bleimor"><tag k="OBJCOD" v="BCNCAR"/>
            
        </node>
</modify><modify><node lat="6012406" lon="-382621" timestamp="2015-09-16T12:29:39Z" username="bleimor"><tag k="OBJCOD" v="UWTROC"/><tag k="VALSOU" v="-0.40"/><tag k="OBJNAM" v=" "/><tag k="INFORM" v="attention &#xE5; BM VE -0.40m"/><tag k="DUNITS" v="1"/></node>
</modify><modify><node lat="6012505" lon="-380891" timestamp="2014-09-09T16:05:24Z" username="bil56"><tag k="OBJCOD" v="LIGHTS"/><tag k="COLOUR" v="3"/><tag k="OBJNAM" v="pointe des chats"/><tag k="INFORM" v=" "/>
            
            
            
            
        </node>
</modify><create><node lat="6013126" lon="-383090" timestamp="2014-09-09T15:52:25Z" username="bil56"><tag k="OBJCOD" v="ACHBRT"/><tag k="OBJNAM" v="bouées"/><tag k="INFORM" v=" "/>
            
            
            
        </node>
</create><create><node lat="6013725" lon="-380330" timestamp="2010-10-05T08:58:55Z"><tag k="OBJCOD" v="SBDARE"/><tag k="NATSUR" v="6"/>
            
            
        </node>
</create><create><node lat="6013742" lon="-380313" timestamp="2010-10-05T11:53:35Z"><tag k="OBJCOD" v="SBDARE"/><tag k="NATSUR" v="4"/>
            
            
        </node>
</create><create><node lat="6013776" lon="-382730" timestamp="2014-09-09T15:54:56Z" username="bil56"><tag k="OBJCOD" v="gennav"/><tag k="OBJNAM" v="plage de Locmaria"/><tag k="INFORM" v=" "/>
            
            
            
        </node>
</create><create><node lat="6013795" lon="-380142" timestamp="2015-08-18T18:15:58Z" username="jpchapron"><tag k="OBJCOD" v="ACHBRT"/></node>
</create><create><node lat="6014319" lon="-388044" timestamp="2014-09-09T16:08:12Z" username="bil56"><tag k="OBJCOD" v="ACHBRT"/><tag k="OBJNAM" v=" "/><tag k="INFORM" v=" "/>
            
            
            
        </node>
</create><modify><node lat="6014403" lon="-378323" timestamp="2014-10-19T19:01:29Z" username="alain micmac"><tag k="OBJCOD" v="BOYCAR"/><tag k="OBJNAM" v="Edouard de Cougy"/><tag k="INFORM" v="Cardinale Est"/>
            
        
            
            
            
        </node>
</modify><create><node lat="6014407" lon="-378827" timestamp="2014-10-23T21:22:20Z" username="fred22800"><tag k="OBJCOD" v="WRECKS"/><tag k="VALSOU" v="10"/><tag k="OBJNAM" v="Edouard de Couguy"/><tag k="INFORM" v="chalutier armé&#10;17.06.1943 par mine"/><tag k="DUNITS" v="1"/><tag k="CATWRK" v="1"/>
            
            
            
            
            
            
        </node>
</create><modify><node lat="6014864" lon="-389107" timestamp="2015-03-03T22:41:32Z" username="fredo080"><tag k="OBJCOD" v="BCNSPP"/><tag k="OBJNAM" v="AMER SAINT-NICOLAS"/><tag k="INFORM" v="pyramide blanche"/></node>
</modify></bound>