<?xml version="1.0" encoding="UTF-8"?><bound box="7146920,-391372,7166443,-371804"><create><node lat="7150915" lon="-380122" timestamp="2013-05-28T17:43:17Z" username="shaun coyne"><tag k="OBJCOD" v="gennav"/><tag k="OBJNAM" v=""/><tag k="INFORM" v=" "/>
            
            
        
            
            
            
        </node>
</create><create><node lat="7152566" lon="-382363" timestamp="2013-04-02T16:45:12Z" username="shaun coyne"><tag k="OBJCOD" v="gennav"/><tag k="OBJNAM" v="Ormonde Windfarm"/><tag k="INFORM" v="30 Turbines"/>
            
            
            
        </node>
</create><create><node lat="7153056" lon="-387479" timestamp="2011-01-26T22:45:25Z"><tag k="OBJCOD" v="LIGHTS"/><tag k="COLOUR" v="1"/><tag k="OBJNAM" v="Ormonde Windfarm Temp"/>
            
            
            
        </node>
</create></bound>