<?xml version="1.0" encoding="UTF-8"?><bound box="8162405,-352235,8181939,-332667"><create><node lat="8163180" lon="-338764" timestamp="2015-11-09T18:16:48Z" username="Shb "><tag k="OBJCOD" v="SLCONS"/><tag k="OBJNAM" v="Tingwall slipway"/><tag k="INFORM" v="Ferry and small boat slipway"/><tag k="CATSLC" v="12"/></node>
</create><modify><node lat="8168616" lon="-337565" timestamp="2012-02-05T06:41:37Z" username="Wolfgang S"><tag k="OBJCOD" v="BOYCAR"/><tag k="INFORM" v="Mit weißem, schnellen Funkelfeuer"/>
            
            
        </node>
</modify><create><node lat="8171821" lon="-332675" timestamp="2012-08-08T08:33:06Z" username="unknown"><tag k="OBJCOD" v="SMACRA"/><tag k="ofsety" v="0"/><tag k="ofsetx" v="0"/><tag k="SRVLST" v="74;167"/><tag k="OBJNAM" v="Rousay Pier-Wyre Sound"/><tag k="CATSMC" v="1"/>
            
            
            
            
            
            
        </node>
</create></bound>