<?xml version="1.0" encoding="UTF-8"?><bound box="7849890,-450078,7869421,-430510"><create><node lat="7862265" lon="-440657" timestamp="2014-06-28T17:35:11Z" username="Codswallop"><tag k="OBJCOD" v="WRECKS"/><tag k="VALSOU" v=" "/><tag k="OBJNAM" v="She'll Brit"/><tag k="INFORM" v="Tanker"/><tag k="DUNITS" v="3"/><tag k="CATWRK" v="1"/>
            
            
            
            
            
            
        </node>
</create><modify><node lat="7864635" lon="-449482" timestamp="2012-09-22T21:19:15Z" username="unknown"><tag k="OBJCOD" v="psgiio"/><tag k="catser" v="23"/>
            
            
        </node>
</modify><create><node lat="7866764" lon="-434504" timestamp="2014-06-11T15:26:49Z" username="Codswallop"><tag k="OBJCOD" v="WRECKS"/><tag k="VALSOU" v=" "/><tag k="OBJNAM" v="SS Durham Castle"/><tag k="INFORM" v="Passenger Ship"/><tag k="DUNITS" v="3"/><tag k="CATWRK" v="1"/>
            
            
            
            
            
            
        </node>
</create></bound>