<?xml version="1.0" encoding="UTF-8"?><bound box="4572134,-410941,4591622,-391372"><create><node lat="4582098" lon="-407809" timestamp="2015-08-12T21:19:44Z" username="mosca"><tag k="OBJCOD" v="SOUNDG"/><tag k="VALSOU" v="10"/><tag k="DUNITS" v="1"/></node>
</create><create><node lat="4582098" lon="-407809" timestamp="2015-08-12T21:20:37Z" username="mosca"><tag k="OBJCOD" v="UWTROC"/><tag k="WATLEV" v="2"/><tag k="VALSOU" v="10"/><tag k="OBJNAM" v=" "/><tag k="INFORM" v=" "/><tag k="DUNITS" v="1"/></node>
</create></bound>