<?xml version="1.0" encoding="UTF-8"?><bound box="6112536,-469647,6132046,-450078"><delete><node lat="6124847" lon="-466217" timestamp="2012-05-08T20:11:08Z" username="Catavoile29"><tag k="OBJCOD" v="psgiio"/><tag k="catser" v="133"/><tag k="zipcde" v="29160"/><tag k="websit" v="http://www.catavoile29.fr"/><tag k="telnum" v="0669180776"/><tag k="strnam" v="Quai kador"/><tag k="citynm" v="Crozon"/><tag k="OBJNAM" v="Catavoile 29"/><tag k="INFORM" v="Balades en catamaran dans la baie et vers les &#xEE;les de la mer d'Iroise."/>
            
            
            
            
            
            
            
            
            
        </node>
</delete></bound>