<?xml version="1.0" encoding="UTF-8"?><bound box="6229600,-352235,6249112,-332667"><modify><node lat="6229678" lon="-348876" timestamp="2013-06-06T09:41:52Z" username="Tessier"><tag k="OBJCOD" v="BOYCAR"/><tag k="OBJNAM" v="LA JUMENT DES HÉAUX("/><tag k="INFORM" v=" "/>
            
            
            
        </node>
</modify><create><node lat="6231105" lon="-335214" timestamp="2013-06-14T17:00:18Z" username="camillehudelot"><tag k="OBJCOD" v="PYLONS"/><tag k="OBJNAM" v=" "/><tag k="INFORM" v=" "/>
            
            
            
        </node>
</create><create><node lat="6242700" lon="-335906" timestamp="2012-07-22T08:48:44Z" username="fevrier damien"><tag k="OBJCOD" v="LIGHTS"/><tag k="COLOUR" v="3"/>
            
            
        </node>
</create></bound>