<?xml version="1.0" encoding="UTF-8"?><bound box="6522303,-391372,6541818,-371804"><create><node lat="6523017" lon="-382874" timestamp="2015-06-17T22:17:31Z" username="steve8" average_rating="5.0" rating_count="2" reviews_count="2"><tag k="OBJCOD" v="psgiio"/><tag k="catser" v="23"/><tag k="OBJNAM" v="Floating River Exe Cafe"/></node>
</create><create><node lat="6526012" lon="-383902" timestamp="2011-07-01T22:33:39Z" username="K1790"><tag k="OBJCOD" v="gennav"/><tag k="OBJNAM" v="Starcross Yacht Club"/><tag k="INFORM" v="The start area for club racing is usually between transit @ club and 29."/>
            
            
            
        
            
            
        </node>
</create><create><node lat="6526161" lon="-384249" timestamp="2014-05-11T08:40:14Z" username="jandaco"><tag k="OBJCOD" v="gennav"/><tag k="OBJNAM" v="SYC"/><tag k="INFORM" v="Starcross Yacht Club"/>
            
            
            
        </node>
</create><create><node lat="6526164" lon="-383915" timestamp="2014-03-05T22:57:50Z" username="jandaco"><tag k="OBJCOD" v="psgiio"/><tag k="catser" v="131"/><tag k="zipcde" v=" "/><tag k="websit" v=" "/><tag k="telnum" v=" "/><tag k="strnam" v=" "/><tag k="numvhf" v=" "/><tag k="citynm" v=" "/><tag k="OBJNAM" v="SYC Mooring"/><tag k="INFORM" v=" "/>
            
            
            
            
            
            
            
            
            
            
        </node>
</create><create><node lat="6526236" lon="-382242" timestamp="2012-07-18T17:22:44Z" username="unknown"><tag k="OBJCOD" v="WRECKS"/><tag k="OBJNAM" v="Chris Carters Tender"/><tag k="DUNITS" v="1"/><tag k="CATWRK" v="5"/>
            
            
            
            
        </node>
</create><create><node lat="6526521" lon="-383308" timestamp="2014-11-27T22:19:01Z" username="jandaco"><tag k="OBJCOD" v="BOYLAT"/><tag k="OBJNAM" v="Port Hand"/><tag k="INFORM" v="laid 2013"/><tag k="COLOUR" v="3"/><tag k="BOYSHP" v="1"/>
            
            
            
            
            
        </node>
</create><create><node lat="6527608" lon="-383174" timestamp="2015-06-16T21:17:41Z" username="donaldmclintock"><tag k="OBJCOD" v="BOYSPP"/><tag k="OBJNAM" v="TSC race mark 2015"/><tag k="COLOUR" v="6"/><tag k="BOYSHP" v="5"/></node>
</create><modify><node lat="6527901" lon="-383993" timestamp="2015-06-16T05:48:11Z" username="donaldmclintock"><tag k="OBJCOD" v="BOYLAT"/><tag k="OBJNAM" v="&quot;No 20&quot; nob"/><tag k="INFORM" v=" "/></node>
</modify><create><node lat="6527911" lon="-383818" timestamp="2015-06-16T05:45:52Z" username="donaldmclintock"><tag k="OBJCOD" v="BOYSPP"/><tag k="OBJNAM" v="South west gas buoy"/><tag k="COLOUR" v="6"/><tag k="BOYSHP" v="5"/></node>
</create><delete><node lat="6527942" lon="-383876" timestamp="2015-06-16T21:22:14Z" username="donaldmclintock"><tag k="OBJCOD" v="BCNSPP"/><tag k="OBJNAM" v="Gas mar - yellow perch"/></node>
</delete><create><node lat="6527958" lon="-383870" timestamp="2015-06-16T21:22:14Z" username="donaldmclintock"><tag k="OBJCOD" v="BCNSPP"/><tag k="abrchr" v="BN"/><tag k="OBJNAM" v="Gas mar - yellow perch"/><tag k="CATSPM" v="27"/><tag k="BCNSHP" v="1"/><slave><tag k="OBJCOD" v="TOPMAR"/><tag k="abrchr" v="BN"/><tag k="COLOUR" v="4"/><tag k="TOPSHP" v="1"/></slave></node>
</create><create><node lat="6528013" lon="-384000" timestamp="2015-06-16T21:21:53Z" username="donaldmclintock"><tag k="OBJCOD" v="BOYSPP"/><tag k="OBJNAM" v="North west gas buoy (yellow buoy)"/><tag k="INFORM" v="Bruford course pass to starboard on a short course"/><tag k="COLOUR" v="6"/><tag k="BOYSHP" v="5"/></node>
</create><modify><node lat="6528225" lon="-385214" timestamp="2015-06-16T05:41:26Z" username="donaldmclintock"><tag k="OBJCOD" v="BOYLAT"/><tag k="OBJNAM" v="&quot;No 35&quot; Ranje"/></node>
</modify><modify><node lat="6528508" lon="-385616" timestamp="2015-06-16T06:09:48Z" username="donaldmclintock"><tag k="OBJCOD" v="BOYLAT"/><tag k="OBJNAM" v="&quot;No 37&quot; Barrel"/><tag k="INFORM" v=""/></node>
</modify><create><node lat="6528864" lon="-385739" timestamp="2015-06-16T21:19:49Z" username="donaldmclintock"><tag k="OBJCOD" v="BOYLAT"/><tag k="abrchr" v="G"/><tag k="OBJNAM" v="&quot;No 39&quot; Turf"/><tag k="MARSYS" v="1"/><tag k="INFORM" v="It's 5 metres east of charted position 3/6/15"/><tag k="COLOUR" v="4"/><tag k="CATLAM" v="2"/></node>
</create><delete><node lat="6528870" lon="-385772" timestamp="2015-06-16T21:19:49Z" username="donaldmclintock"><tag k="OBJCOD" v="BOYLAT"/><tag k="OBJNAM" v="&quot;No 39&quot; Turf"/><tag k="INFORM" v="It's 5 metres east of charted position 3/6/15"/></node>
</delete><create><node lat="6528958" lon="-385919" timestamp="2014-03-31T04:33:32Z" username="northlite"><tag k="OBJCOD" v="BOYLAT"/><tag k="OBJNAM" v=" "/><tag k="INFORM" v=" "/><tag k="COLOUR" v="3"/><tag k="BOYSHP" v="1"/>
            
            
            
            
            
        </node>
</create><modify><node lat="6529206" lon="-385575" timestamp="2015-06-16T06:13:12Z" username="donaldmclintock"><tag k="OBJCOD" v="BOYLAT"/><tag k="OBJNAM" v="&quot;No 41&quot; third perch"/></node>
</modify><create><node lat="6529279" lon="-386006" timestamp="2013-08-15T16:28:30Z" username="northlite"><tag k="OBJCOD" v="psgiio"/><tag k="catser" v="24"/><tag k="zipcde" v="EX6 8EE"/><tag k="websit" v="www.turfpub.net"/><tag k="telnum" v="01392 833128"/><tag k="strnam" v="Exeter Ship Canal"/><tag k="citynm" v="Exminster"/><tag k="OBJNAM" v="The Turf"/><tag k="INFORM" v="Great food, good ales and wines"/>
            
            
            
            
            
            
            
            
            
        </node>
</create><modify><node lat="6529778" lon="-385156" timestamp="2015-06-16T06:11:34Z" username="donaldmclintock"><tag k="OBJCOD" v="BOYLAT"/><tag k="OBJNAM" v="&quot;No 22&quot; Ting Tong"/></node>
</modify><modify><node lat="6529918" lon="-385043" timestamp="2015-06-16T06:14:01Z" username="donaldmclintock"><tag k="OBJCOD" v="BCNLAT"/><tag k="OBJNAM" v="&quot;No 43&quot; second perch"/></node>
</modify><create><node lat="6532155" lon="-385729" timestamp="2012-08-10T16:29:02Z" username="Rory"><tag k="OBJCOD" v="psgiio"/><tag k="catser" v="23"/><tag k="OBJNAM" v="The Lighter Inn"/>
            
            
            
        </node>
</create><create><node lat="6532245" lon="-385809" timestamp="2011-07-21T10:29:07Z" username="unknown"><tag k="OBJCOD" v="psgiio"/><tag k="catser" v="2"/><tag k="zipcde" v="EX3 0JJ"/><tag k="websit" v="www.troutsboatyard.co.uk"/><tag k="telnum" v="+44 1392 873044"/><tag k="strnam" v="Ferry Road"/><tag k="citynm" v="Topsham, Exeter"/><tag k="OBJNAM" v="W Trout &amp; Son"/><tag k="INFORM" v="info@troutsboatyard.co.uk"/>
            
            
            
            
            
            
            
            
            
        </node>
</create><create><node lat="6532269" lon="-385878" timestamp="2014-04-10T17:27:59Z" username="wyndenaire"><tag k="OBJCOD" v="psgiio"/><tag k="catser" v="21"/><tag k="websit" v="www.troutsboatyard.co.uk"/><tag k="citynm" v="Topsham "/><tag k="OBJNAM" v="Trouts Boatyard "/>
            
            
            
            
            
        
            
            
        </node>
</create><create><node lat="6532462" lon="-386002" timestamp="2013-04-12T10:37:37Z" username="topshamtim"><tag k="OBJCOD" v="gennav"/><tag k="OBJNAM" v="Topsham Sailing Club"/>
            
            
        </node>
</create><create><node lat="6533483" lon="-386981" timestamp="2011-04-04T19:24:27Z" username="unknown"><tag k="OBJCOD" v="gennav"/><tag k="OBJNAM" v="Retreat Boatyard"/>
            
            
        </node>
</create></bound>