<?xml version="1.0" encoding="UTF-8"?><bound box="7146920,-410941,7166443,-391372"><create><node lat="7147257" lon="-407649" timestamp="2011-05-16T17:28:14Z" username="unknown"><tag k="OBJCOD" v="BOYCAR"/><tag k="OBJNAM" v="Walney 2"/><tag k="COLOUR" v="6;2;6"/><tag k="CATCAM" v="4"/><tag k="BOYSHP" v="4"/>
            
            
            
            
            
            <slave>
                <tag k="OBJCOD" v="TOPMAR"/>
                <tag k="TOPSHP" v="10"/>
            </slave>
            <slave>
                <tag k="OBJCOD" v="LIGHTS"/>
                <tag k="COLOUR" v="12"/>
            </slave>
        </node>
</create><create><node lat="7151200" lon="-393622" timestamp="2011-05-16T17:32:13Z" username="unknown"><tag k="OBJCOD" v="BOYCAR"/><tag k="OBJNAM" v="Walney 2"/><tag k="COLOUR" v="2;6"/><tag k="CATCAM" v="1"/><tag k="BOYSHP" v="4"/>
            
            
            
            
            
            <slave>
                <tag k="OBJCOD" v="TOPMAR"/>
                <tag k="TOPSHP" v="13"/>
            </slave>
            <slave>
                <tag k="OBJCOD" v="LIGHTS"/>
                <tag k="COLOUR" v="12"/>
            </slave>
        </node>
</create><create><node lat="7155335" lon="-407705" timestamp="2011-05-16T17:29:07Z" username="unknown"><tag k="OBJCOD" v="BOYCAR"/><tag k="OBJNAM" v="Walney 2"/><tag k="COLOUR" v="6;2;6"/><tag k="CATCAM" v="4"/><tag k="BOYSHP" v="4"/>
            
            
            
            
            
            <slave>
                <tag k="OBJCOD" v="TOPMAR"/>
                <tag k="TOPSHP" v="10"/>
            </slave>
            <slave>
                <tag k="OBJCOD" v="LIGHTS"/>
                <tag k="COLOUR" v="12"/>
            </slave>
        </node>
</create><create><node lat="7160578" lon="-404198" timestamp="2011-05-16T17:30:57Z" username="unknown"><tag k="OBJCOD" v="BOYCAR"/><tag k="OBJNAM" v="Walney 2"/><tag k="COLOUR" v="2;6"/><tag k="CATCAM" v="1"/><tag k="BOYSHP" v="4"/>
            
            
            
            
            
            <slave>
                <tag k="OBJCOD" v="TOPMAR"/>
                <tag k="TOPSHP" v="13"/>
            </slave>
            <slave>
                <tag k="OBJCOD" v="LIGHTS"/>
                <tag k="COLOUR" v="12"/>
            </slave>
        </node>
</create></bound>