<?xml version="1.0" encoding="UTF-8"?><bound box="6034498,-450078,6054007,-430510"><create><node lat="6035704" lon="-446576" timestamp="2011-10-05T12:21:54Z" username="kevbod"><tag k="OBJCOD" v="hotspt"/><tag k="catspt" v="1"/><tag k="DUNITS" v="1"/>
            
            
            
        </node>
</create><create><node lat="6036317" lon="-445711" timestamp="2014-06-05T14:17:48Z" username="dom060459"><tag k="OBJCOD" v="hotspt"/><tag k="catspt" v="1"/><tag k="DUNITS" v="1"/>
            
            
            
        </node>
</create><create><node lat="6038058" lon="-447572" timestamp="2013-08-17T09:31:30Z" username="glenan29"><tag k="OBJCOD" v="FSHFAC"/><tag k="OBJNAM" v="zone à araignées"/><tag k="INFORM" v="printemps"/>
            
            
            
        </node>
</create><create><node lat="6038224" lon="-447150" timestamp="2015-06-18T21:38:07Z" username="harlekin"><tag k="OBJCOD" v="MORFAC"/><tag k="OBJNAM" v="Bouée des Moutons"/></node>
</create><create><node lat="6038302" lon="-448125" timestamp="2014-08-20T20:55:44Z" username="ngetti"><tag k="OBJCOD" v="gennav"/><tag k="OBJNAM" v="Ile aux Moutons - Mouillage Sud"/><tag k="INFORM" v="Par vent modéré de W et NW&#10;Pilote Cotier p177"/>
            
            
            
        </node>
</create><create><node lat="6041798" lon="-446624" timestamp="2015-04-24T18:23:03Z" username="schoubaka0"><tag k="OBJCOD" v="hotspt"/><tag k="catspt" v="1"/><tag k="VALSOU" v=" "/><tag k="OBJNAM" v="maquer"/><tag k="INFORM" v=" "/><tag k="DUNITS" v="1"/></node>
</create><modify><node lat="6042299" lon="-435332" timestamp="2015-08-24T18:07:06Z" username="jeanpaulandco"><tag k="OBJCOD" v="BOYSPP"/><tag k="INFORM" v="Non visible"/></node>
</modify><modify><node lat="6043594" lon="-445815" timestamp="2015-08-08T22:09:14Z" username="fiish on"><tag k="OBJCOD" v="WRECKS"/><tag k="OBJNAM" v="Fiish"/><tag k="DUNITS" v="3"/></node>
</modify><modify><node lat="6044173" lon="-449902" timestamp="2014-07-14T13:57:19Z" username="second luv"><tag k="OBJCOD" v="BOYCAR"/>
            
        </node>
</modify><create><node lat="6047134" lon="-434351" timestamp="2013-08-17T10:06:31Z" username="glenan29"><tag k="OBJCOD" v="FSHFAC"/><tag k="OBJNAM" v="zone à bars"/>
            
            
        </node>
</create><create><node lat="6048691" lon="-445432" timestamp="2014-10-28T17:03:06Z" username="davbzh29"><tag k="OBJCOD" v="hotspt"/><tag k="catspt" v="1"/><tag k="VALSOU" v=" "/><tag k="OBJNAM" v="lieu jaune"/><tag k="INFORM" v=" "/><tag k="DUNITS" v="1"/></node>
</create><modify><node lat="6049012" lon="-448608" timestamp="2013-02-10T20:44:33Z" username="unknown"><tag k="OBJCOD" v="UWTROC"/>
            
        </node>
</modify><modify><node lat="6049707" lon="-440307" timestamp="2011-08-04T12:52:01Z" username="unknown"><tag k="OBJCOD" v="BOYCAR"/><tag k="OBJNAM" v="Linuen Est"/>
            
            
        
            
            
        </node>
</modify><delete><node lat="6049776" lon="-435164" timestamp="2013-09-26T04:38:20Z" username="unknown"><tag k="OBJCOD" v="BCNLAT"/>
            
        </node>
</delete><modify><node lat="6049986" lon="-433576" timestamp="2014-08-23T15:20:09Z" username="karaburun"><tag k="OBJCOD" v="SBDARE"/>
            
        </node>
</modify><create><node lat="6050280" lon="-434293" timestamp="2011-04-10T12:49:54Z" username="unknown"><tag k="OBJCOD" v="SBDARE"/><tag k="NATSUR" v="4"/>
            
            
        </node>
</create><create><node lat="6050424" lon="-448205" timestamp="2012-08-09T16:51:48Z" username="bomatt"><tag k="OBJCOD" v="hotspt"/><tag k="catspt" v="1"/><tag k="VALSOU" v=" "/><tag k="OBJNAM" v="surf"/><tag k="INFORM" v=" "/><tag k="DUNITS" v="1"/>
            
            
            
            
            
            
        </node>
</create><create><node lat="6050496" lon="-442842" timestamp="2014-10-13T15:14:25Z" username="davbzh29"><tag k="OBJCOD" v="hotspt"/><tag k="catspt" v="2"/><tag k="VALSOU" v="5"/><tag k="OBJNAM" v="chasse&#10;pêche"/><tag k="INFORM" v=" "/><tag k="DUNITS" v="1"/>
            
            
            
            
            
            
        </node>
</create><modify><node lat="6050624" lon="-436572" timestamp="2012-04-15T20:05:37Z" username="Piraban"><tag k="OBJCOD" v="BCNCAR"/>
            
            <slave>
                <tag k="OBJCOD" v="FOGSIG"/>
            </slave>
            <slave>
                <tag k="OBJCOD" v="LIGHTS"/>
                <tag k="COLOUR" v="12"/>
            </slave>
        </node>
</modify><create><node lat="6051069" lon="-442170" timestamp="2015-01-23T20:58:12Z" username="patninie "><tag k="OBJCOD" v="hotspt"/><tag k="catspt" v="2"/><tag k="VALSOU" v=" "/><tag k="OBJNAM" v="pointe de beg meil"/><tag k="INFORM" v=" "/><tag k="DUNITS" v="1"/></node>
</create><create><node lat="6051288" lon="-434851" timestamp="2013-08-17T08:02:13Z" username="herve29s"><tag k="OBJCOD" v="psgiio"/><tag k="catser" v="23"/><tag k="zipcde" v="29900"/><tag k="telnum" v="+33 2 98 60 57 95"/><tag k="strnam" v="91 Avenue Du Cabellou"/><tag k="stanam" v="Bretagne"/><tag k="county" v="Finistère"/><tag k="citynm" v="Concarneau"/><tag k="OBJNAM" v="Bar Restaurant Le Cabellou"/><tag k="NATION" v="FR"/>
            
            
            
            
            
            
            
            
            
            
        </node>
</create><create><node lat="6051652" lon="-443879" timestamp="2015-07-10T20:13:52Z" username="JUMAGA"><tag k="OBJCOD" v="psgiio"/><tag k="catser" v="131"/><tag k="zipcde" v=" "/><tag k="websit" v=" "/><tag k="telnum" v=" "/><tag k="strnam" v=" "/><tag k="numvhf" v=" "/><tag k="citynm" v="BegMeil"/><tag k="OBJNAM" v="bouee 314 capitainerie Beg Meil"/><tag k="INFORM" v=" "/></node>
</create><create><node lat="6051779" lon="-434966" timestamp="2015-07-12T13:45:55Z" username="eric viot"><tag k="OBJCOD" v="MORFAC"/><tag k="OBJNAM" v="Mascaret"/></node>
</create><create><node lat="6052134" lon="-442621" timestamp="2014-08-03T14:27:47Z" username="ngetti"><tag k="OBJCOD" v="gennav"/><tag k="OBJNAM" v="Mouillage de Beg Meil"/><tag k="INFORM" v="Pilote Cotier p204"/>
            
            
            
        </node>
</create><delete><node lat="6052545" lon="-434953" timestamp="2013-08-17T08:02:50Z" username="herve29s"><tag k="OBJCOD" v="psgiio"/><tag k="catser" v="23"/>
            
            
        </node>
</delete><modify><node lat="6052565" lon="-435903" timestamp="2015-08-02T13:15:54Z" username="ovni"><tag k="OBJCOD" v="BCNLAT"/></node>
</modify><modify><node lat="6052710" lon="-435985" timestamp="2015-08-02T13:15:36Z" username="ovni"><tag k="OBJCOD" v="BOYLAT"/><tag k="OBJNAM" v=" "/><tag k="INFORM" v=" "/></node>
</modify><create><node lat="6052753" lon="-435885" timestamp="2013-08-08T08:29:30Z" username="krigdill"><tag k="OBJCOD" v="BOYLAT"/><tag k="abrchr" v="G"/><tag k="OBJNAM" v=" "/><tag k="MARSYS" v="1"/><tag k="INFORM" v="non lumineuse !!!"/><tag k="COLOUR" v="4"/><tag k="CATLAM" v="2"/><tag k="BOYSHP" v="1"/>
            
            
            
            
            
            
            
            
            <slave>
                <tag k="OBJCOD" v="TOPMAR"/>
                <tag k="abrchr" v="G"/>
                <tag k="COLOUR" v="4"/>
                <tag k="MARSYS" v="1"/>
                <tag k="TOPSHP" v="1"/>
            </slave>
        </node>
</create><modify><node lat="6053126" lon="-435357" timestamp="2013-08-08T08:27:45Z" username="krigdill"><tag k="OBJCOD" v="LIGHTS"/><tag k="COLOUR" v="4"/><tag k="OBJNAM" v="Lanriec"/><tag k="INFORM" v="le feu se trouve dans une maison. a suivre de nuit apres Men fall ( laterale tribord )"/>
            
            
            
            
        </node>
</modify><create><node lat="6053498" lon="-435607" timestamp="2015-07-16T13:58:42Z" username="Penb&#xE9;"><tag k="OBJCOD" v="gennav"/><tag k="OBJNAM" v="Concarneau"/><tag k="INFORM" v="Pilote C&#xF4;tier p167"/></node>
</create><create><node lat="6053503" lon="-438635" timestamp="2013-08-17T10:07:47Z" username="glenan29"><tag k="OBJCOD" v="FSHFAC"/><tag k="OBJNAM" v="seiches"/>
            
            
        </node>
</create><delete><node lat="6053517" lon="-435907" timestamp="2012-03-01T16:26:50Z" username="Piraban"><tag k="OBJCOD" v="psgiio"/><tag k="catser" v="23"/>
            
            
        </node>
</delete><create><node lat="6053545" lon="-436176" timestamp="2012-04-20T19:08:46Z" username="juklm"><tag k="OBJCOD" v="gennav"/><tag k="OBJNAM" v="entree"/><tag k="INFORM" v="beuzec conq par la croix. alignement pour entree nuit"/>
            
            
            
        </node>
</create><create><node lat="6053554" lon="-434675" timestamp="2011-12-22T13:40:52Z" average_rating="0" rating_count="0" reviews_count="0" username="unknown"><tag k="OBJCOD" v="psgiio"/><tag k="catser" v="3"/><tag k="OBJNAM" v="Maison"/>
            
            
            
        </node>
</create><delete><node lat="6053725" lon="-435692" timestamp="2014-04-29T12:59:25Z" username="trisheen" average_rating="3.0" rating_count="1" reviews_count="1"><tag k="OBJCOD" v="SMACRA"/><tag k="trnbth" v="52"/><tag k="ofsety" v="172"/><tag k="ofsetx" v="-625"/><tag k="numvhf" v="9"/><tag k="maxlen" v=" "/><tag k="dckdph" v=" "/><tag k="ZIPCDE" v=" "/><tag k="WEBSIT" v=" "/><tag k="TELNUM" v="+33 298975796"/><tag k="STRNAM" v=" "/><tag k="SRVLST" v=""/><tag k="OBJNAM" v="Concarneau"/><tag k="INFORM" v="Evitez de faire escale lorsqu'il y a de la houle, le port de plaisance est mal proteg&#xE9;, preferez Port la For&#xEA;t."/><tag k="CITYNM" v=" "/><tag k="CATSMC" v="1"/>
            
            
            
            
            
        
            
            
            
            
        
            
            
            
            
        
            
            
            
            
        
            
            
            
            
        
            
            
            
            
        
            
            
            
            
        
            
            
            
            
        
            
            
            
            
        
            
            
            
            
            
            
            
            
            
            
            
            
            
            
            
            
        </node>
</delete><create><node lat="6053815" lon="-435638" timestamp="2015-07-23T00:00:00Z" username="ADAC"><tag k="OBJCOD" v="SMACRA"/><tag k="OBJNAM" v="Port de Plaisance"/><tag k="ofsety" v="10"/><tag k="ofsetx" v="10"/><tag k="CATSMC" v="1"/><tag k="WEBSIT" v="http://www.marinafuehrer.adac.de/haefen/port-de-plaisance-40/"/></node>
</create></bound>