<?xml version="1.0" encoding="UTF-8"?><bound box="6190578,-332667,6210089,-313098"><create><node lat="6191991" lon="-321639" timestamp="2015-06-27T09:38:31Z" username="benjamin1973"><tag k="OBJCOD" v="hotspt"/><tag k="catspt" v="1"/><tag k="VALSOU" v=" "/><tag k="OBJNAM" v="beg pirono"/><tag k="INFORM" v="maq  mulet de roche"/><tag k="DUNITS" v="1"/></node>
</create><create><node lat="6193275" lon="-324352" timestamp="2015-06-27T09:41:28Z" username="benjamin1973"><tag k="OBJCOD" v="hotspt"/><tag k="catspt" v="1"/><tag k="VALSOU" v=" "/><tag k="OBJNAM" v="roche"/><tag k="INFORM" v="attention  aux chiens"/><tag k="DUNITS" v="1"/></node>
</create><create><node lat="6202581" lon="-329953" timestamp="2011-08-13T15:04:54Z" username="unknown"><tag k="OBJCOD" v="gennav"/><tag k="OBJNAM" v="port lazo"/>
            
            
        </node>
</create><delete><node lat="6203758" lon="-329186" timestamp="2014-06-22T06:15:11Z" username="jeromeantoine"><tag k="OBJCOD" v="BCNLAT"/>
            
        </node>
</delete><delete><node lat="6204165" lon="-329156" timestamp="2014-06-22T06:14:39Z" username="jeromeantoine"><tag k="OBJCOD" v="BCNLAT"/>
            
        </node>
</delete><create><node lat="6204818" lon="-316964" timestamp="2014-07-14T17:54:07Z" username="tmrgrt74"><tag k="OBJCOD" v="ACHBRT"/><tag k="OBJNAM" v="Fransa kuzey demir yeri"/><tag k="INFORM" v=" "/>
            
            
            
        </node>
</create><create><node lat="6208098" lon="-331466" timestamp="2015-08-05T15:11:16Z" username="Tamata 22 "><tag k="OBJCOD" v="UWTROC"/><tag k="WATLEV" v="4"/><tag k="VALSOU" v=" "/><tag k="OBJNAM" v=" "/><tag k="INFORM" v="d&#xE9;couvre &#xE0; 2m50 de coefficient 84"/><tag k="DUNITS" v="1"/></node>
</create><delete><node lat="6208103" lon="-331688" timestamp="2014-09-08T09:34:33Z" username="jeromeantoine"><tag k="OBJCOD" v="BCNSPP"/>
            
        </node>
</delete><create><node lat="6208859" lon="-330110" timestamp="2014-04-28T12:55:51Z" username="loyer"><tag k="OBJCOD" v="ACHBRT"/><tag k="OBJNAM" v="roche DAVID"/><tag k="INFORM" v=" "/>
            
            
            
        </node>
</create></bound>