<?xml version="1.0" encoding="UTF-8"?><bound box="6990743,-313098,7010264,-293529"><create><node lat="6998324" lon="-307920" timestamp="2013-02-21T18:30:03Z" username="jojojo"><tag k="OBJCOD" v="UWTROC"/><tag k="WATLEV" v="4"/><tag k="DUNITS" v="1"/>
            
            
            
        </node>
</create><create><node lat="7002803" lon="-312910" timestamp="2015-06-05T12:28:16Z" username="tj121"><tag k="OBJCOD" v="UWTROC"/><tag k="WATLEV" v="4"/><tag k="VALSOU" v="0000"/><tag k="OBJNAM" v="Wreck"/><tag k="INFORM" v="Underwater object"/><tag k="DUNITS" v="1"/></node>
</create><create><node lat="7008700" lon="-311111" timestamp="2013-11-04T18:46:36Z" username="unknown"><tag k="OBJCOD" v="LIGHTS"/><tag k="COLOUR" v="1"/><tag k="OBJNAM" v="hale lighthouse "/>
            
            
            
        </node>
</create></bound>