<?xml version="1.0" encoding="UTF-8"?><bound box="6639400,-371804,6658917,-352235"><create><node lat="6653255" lon="-361374" timestamp="2014-08-23T02:44:24Z" username="postyfish"><tag k="OBJCOD" v="WRECKS"/><tag k="WATLEV" v="3"/><tag k="VERDAT" v="10"/><tag k="VALSOU" v="8.10"/><tag k="QUASOU" v="6"/><tag k="CATWRK" v="2"/>
            
            
            
            
            
            
        </node>
</create><modify><node lat="6653291" lon="-361635" timestamp="2015-01-18T03:32:12Z" username="postyfish"><tag k="OBJCOD" v="WRECKS"/></node>
</modify><create><node lat="6653316" lon="-355089" timestamp="2013-06-15T23:47:56Z" username="unknown"><tag k="OBJCOD" v="gennav"/>
            
        </node>
</create><create><node lat="6654477" lon="-357288" timestamp="2011-06-26T10:43:30Z" username="unknown"><tag k="OBJCOD" v="UWTROC"/><tag k="WATLEV" v="3"/><tag k="OBJNAM" v="Twin Peaks"/><tag k="INFORM" v="2 rock points in middle of pool"/><tag k="DUNITS" v="3"/>
            
            
            
            
            
        </node>
</create><create><node lat="6655240" lon="-357754" timestamp="2011-07-10T08:11:04Z" username="unknown"><tag k="OBJCOD" v="hotspt"/><tag k="catspt" v="1"/><tag k="OBJNAM" v="Star Bank"/><tag k="DUNITS" v="3"/>
            
            
            
            
        </node>
</create><create><node lat="6655945" lon="-358152" timestamp="2012-11-29T19:37:37Z" username="unknown"><tag k="OBJCOD" v="hotspt"/><tag k="catspt" v="1"/><tag k="OBJNAM" v="off kidney bank"/><tag k="INFORM" v="cod. blonde"/><tag k="DUNITS" v="3"/>
            
            
            
            
            
        </node>
</create><create><node lat="6656974" lon="-356293" timestamp="2011-11-27T17:23:09Z" username="unknown"><tag k="OBJCOD" v="hotspt"/><tag k="catspt" v="1"/><tag k="OBJNAM" v="Aldridge Shoal"/><tag k="INFORM" v="Blondes, bass, cod"/><tag k="DUNITS" v="3"/>
            
            
            
            
            
        
            
            
            
        </node>
</create><modify><node lat="6657214" lon="-363052" timestamp="2012-06-12T22:16:47Z" username="unknown"><tag k="OBJCOD" v="BOYSPP"/><tag k="OBJNAM" v="odm"/><tag k="INFORM" v="Barry yacht club outer distance mark &#10;only layed in summer."/>
            
            
            
        </node>
</modify><modify><node lat="6657607" lon="-362727" timestamp="2013-05-23T17:41:09Z" username="oscar316"><tag k="OBJCOD" v="SMACRA"/><tag k="ofsety" v="371"/><tag k="ofsetx" v="185"/><tag k="CATSMC" v="1"/>
            
            
            
            
        </node>
</modify><create><node lat="6657834" lon="-363333" timestamp="2013-02-02T13:40:59Z" username="'"><tag k="OBJCOD" v="SMACRA"/><tag k="ofsety" v="0"/><tag k="ofsetx" v="0"/><tag k="TELNUM" v="+44 1446 73 55 11"/><tag k="SRVLST" v="168;36"/><tag k="OBJNAM" v="Barry - Yacht Club"/><tag k="CATSMC" v="1"/>
            
            
            
            
            
            
            
        </node>
</create></bound>