<?xml version="1.0" encoding="UTF-8"?><bound box="7517898,-332667,7537425,-313098"><create><node lat="7517910" lon="-328815" timestamp="2015-09-12T22:22:55Z" username="vivacity"><tag k="OBJCOD" v="UWTROC"/><tag k="WATLEV" v="4"/><tag k="VALSOU" v=" "/><tag k="OBJNAM" v="rock"/><tag k="INFORM" v=" "/><tag k="DUNITS" v="1"/></node>
</create><create><node lat="7517968" lon="-328176" timestamp="2015-09-12T22:23:31Z" username="vivacity"><tag k="OBJCOD" v="UWTROC"/><tag k="WATLEV" v="4"/><tag k="VALSOU" v=" "/><tag k="OBJNAM" v="rock"/><tag k="INFORM" v=" "/><tag k="DUNITS" v="1"/></node>
</create><create><node lat="7518023" lon="-328494" timestamp="2015-09-12T22:23:08Z" username="vivacity"><tag k="OBJCOD" v="UWTROC"/><tag k="WATLEV" v="4"/><tag k="VALSOU" v=" "/><tag k="OBJNAM" v="rock"/><tag k="INFORM" v=" "/><tag k="DUNITS" v="1"/></node>
</create><create><node lat="7518027" lon="-328675" timestamp="2015-09-12T22:22:43Z" username="vivacity"><tag k="OBJCOD" v="UWTROC"/><tag k="WATLEV" v="4"/><tag k="VALSOU" v=" "/><tag k="OBJNAM" v="rock"/><tag k="INFORM" v=" "/><tag k="DUNITS" v="1"/></node>
</create><create><node lat="7518109" lon="-327689" timestamp="2015-09-12T22:23:58Z" username="vivacity"><tag k="OBJCOD" v="UWTROC"/><tag k="WATLEV" v="3"/><tag k="VALSOU" v=" "/><tag k="OBJNAM" v="rock"/><tag k="INFORM" v=" "/><tag k="DUNITS" v="1"/></node>
</create><create><node lat="7518153" lon="-328287" timestamp="2015-09-12T22:23:20Z" username="vivacity"><tag k="OBJCOD" v="UWTROC"/><tag k="WATLEV" v="4"/><tag k="VALSOU" v=" "/><tag k="OBJNAM" v="rock"/><tag k="INFORM" v=" "/><tag k="DUNITS" v="1"/></node>
</create><create><node lat="7518263" lon="-328412" timestamp="2015-09-12T22:22:33Z" username="vivacity"><tag k="OBJCOD" v="UWTROC"/><tag k="WATLEV" v="3"/><tag k="VALSOU" v=" "/><tag k="OBJNAM" v="rock"/><tag k="INFORM" v=" "/><tag k="DUNITS" v="1"/></node>
</create><create><node lat="7518274" lon="-328328" timestamp="2015-09-12T22:22:18Z" username="vivacity"><tag k="OBJCOD" v="UWTROC"/><tag k="WATLEV" v="3"/><tag k="VALSOU" v=" "/><tag k="OBJNAM" v="rock"/><tag k="INFORM" v=" "/><tag k="DUNITS" v="1"/></node>
</create><create><node lat="7518354" lon="-327645" timestamp="2015-09-12T22:21:54Z" username="vivacity"><tag k="OBJCOD" v="UWTROC"/><tag k="WATLEV" v="3"/><tag k="VALSOU" v=" "/><tag k="OBJNAM" v="rock"/><tag k="INFORM" v=" "/><tag k="DUNITS" v="1"/></node>
</create><create><node lat="7518515" lon="-327305" timestamp="2015-09-12T22:21:30Z" username="vivacity"><tag k="OBJCOD" v="UWTROC"/><tag k="WATLEV" v="4"/><tag k="VALSOU" v=" "/><tag k="OBJNAM" v="rock"/><tag k="INFORM" v=" "/><tag k="DUNITS" v="1"/></node>
</create><create><node lat="7518664" lon="-326883" timestamp="2015-09-12T22:21:17Z" username="vivacity"><tag k="OBJCOD" v="UWTROC"/><tag k="WATLEV" v="4"/><tag k="VALSOU" v=" "/><tag k="OBJNAM" v="rock"/><tag k="INFORM" v=" "/><tag k="DUNITS" v="1"/></node>
</create><create><node lat="7518792" lon="-326461" timestamp="2015-09-12T22:21:06Z" username="vivacity"><tag k="OBJCOD" v="UWTROC"/><tag k="WATLEV" v="4"/><tag k="VALSOU" v=" "/><tag k="OBJNAM" v="rock"/><tag k="INFORM" v=" "/><tag k="DUNITS" v="1"/></node>
</create><create><node lat="7518828" lon="-326117" timestamp="2015-09-12T22:20:53Z" username="vivacity"><tag k="OBJCOD" v="UWTROC"/><tag k="WATLEV" v="4"/><tag k="VALSOU" v=" "/><tag k="OBJNAM" v="rock"/><tag k="INFORM" v=" "/><tag k="DUNITS" v="1"/></node>
</create><create><node lat="7518901" lon="-325686" timestamp="2015-09-12T22:20:41Z" username="vivacity"><tag k="OBJCOD" v="UWTROC"/><tag k="WATLEV" v="4"/><tag k="VALSOU" v=" "/><tag k="OBJNAM" v="rock"/><tag k="INFORM" v=" "/><tag k="DUNITS" v="1"/></node>
</create><create><node lat="7525737" lon="-319824" timestamp="2015-09-12T22:19:08Z" username="vivacity"><tag k="OBJCOD" v="psgiio"/><tag k="catser" v="135"/><tag k="OBJNAM" v="private accessible"/><tag k="INFORM" v=" "/></node>
</create><create><node lat="7529826" lon="-319198" timestamp="2015-09-12T22:17:42Z" username="vivacity"><tag k="OBJCOD" v="UWTROC"/><tag k="WATLEV" v="4"/><tag k="VALSOU" v=" "/><tag k="OBJNAM" v="rock"/><tag k="INFORM" v=" "/><tag k="DUNITS" v="1"/></node>
</create><create><node lat="7530661" lon="-318684" timestamp="2015-09-12T22:17:29Z" username="vivacity"><tag k="OBJCOD" v="UWTROC"/><tag k="WATLEV" v="3"/><tag k="VALSOU" v=" "/><tag k="OBJNAM" v="rock"/><tag k="INFORM" v=" "/><tag k="DUNITS" v="1"/></node>
</create><create><node lat="7530748" lon="-318011" timestamp="2015-09-12T22:16:35Z" username="vivacity"><tag k="OBJCOD" v="UWTROC"/><tag k="WATLEV" v="4"/><tag k="VALSOU" v=" "/><tag k="OBJNAM" v="rock"/><tag k="INFORM" v=" "/><tag k="DUNITS" v="1"/></node>
</create><create><node lat="7530909" lon="-318234" timestamp="2015-09-12T22:16:47Z" username="vivacity"><tag k="OBJCOD" v="UWTROC"/><tag k="WATLEV" v="4"/><tag k="VALSOU" v=" "/><tag k="OBJNAM" v="rock"/><tag k="INFORM" v=" "/><tag k="DUNITS" v="1"/></node>
</create><create><node lat="7530924" lon="-318530" timestamp="2015-09-12T22:17:11Z" username="vivacity"><tag k="OBJCOD" v="UWTROC"/><tag k="WATLEV" v="3"/><tag k="VALSOU" v=" "/><tag k="OBJNAM" v="rock"/><tag k="INFORM" v=" "/><tag k="DUNITS" v="1"/></node>
</create><create><node lat="7530979" lon="-318355" timestamp="2015-09-12T22:16:56Z" username="vivacity"><tag k="OBJCOD" v="UWTROC"/><tag k="WATLEV" v="4"/><tag k="VALSOU" v=" "/><tag k="OBJNAM" v="rock"/><tag k="INFORM" v=" "/><tag k="DUNITS" v="1"/></node>
</create><create><node lat="7534648" lon="-314168" timestamp="2015-09-12T22:15:59Z" username="vivacity"><tag k="OBJCOD" v="UWTROC"/><tag k="WATLEV" v="3"/><tag k="VALSOU" v=" "/><tag k="OBJNAM" v="rock"/><tag k="INFORM" v=" "/><tag k="DUNITS" v="1"/></node>
</create><create><node lat="7535703" lon="-313523" timestamp="2015-09-12T22:15:17Z" username="vivacity"><tag k="OBJCOD" v="UWTROC"/><tag k="WATLEV" v="3"/><tag k="VALSOU" v=" "/><tag k="OBJNAM" v="rock"/><tag k="INFORM" v=" "/><tag k="DUNITS" v="1"/></node>
</create><create><node lat="7535741" lon="-313407" timestamp="2015-09-12T22:13:39Z" username="vivacity"><tag k="OBJCOD" v="UWTROC"/><tag k="WATLEV" v="4"/><tag k="VALSOU" v=" "/><tag k="OBJNAM" v="rock"/><tag k="INFORM" v=" "/><tag k="DUNITS" v="1"/></node>
</create><create><node lat="7535788" lon="-313287" timestamp="2015-09-12T22:13:15Z" username="vivacity"><tag k="OBJCOD" v="UWTROC"/><tag k="WATLEV" v="4"/><tag k="VALSOU" v=" "/><tag k="OBJNAM" v="rock"/><tag k="INFORM" v=" "/><tag k="DUNITS" v="1"/></node>
</create><create><node lat="7535788" lon="-313153" timestamp="2015-09-12T22:13:27Z" username="vivacity"><tag k="OBJCOD" v="UWTROC"/><tag k="WATLEV" v="4"/><tag k="VALSOU" v=" "/><tag k="OBJNAM" v="rock"/><tag k="INFORM" v=" "/><tag k="DUNITS" v="1"/></node>
</create><create><node lat="7535929" lon="-313463" timestamp="2015-09-12T22:15:35Z" username="vivacity"><tag k="OBJCOD" v="UWTROC"/><tag k="WATLEV" v="3"/><tag k="VALSOU" v=" "/><tag k="OBJNAM" v="rock"/><tag k="INFORM" v=" "/><tag k="DUNITS" v="1"/></node>
</create><create><node lat="7535946" lon="-313309" timestamp="2015-09-12T22:13:04Z" username="vivacity"><tag k="OBJCOD" v="UWTROC"/><tag k="WATLEV" v="4"/><tag k="VALSOU" v=" "/><tag k="OBJNAM" v="rock"/><tag k="INFORM" v=" "/><tag k="DUNITS" v="1"/></node>
</create><create><node lat="7535989" lon="-313435" timestamp="2015-09-12T22:15:01Z" username="vivacity"><tag k="OBJCOD" v="UWTROC"/><tag k="WATLEV" v="3"/><tag k="VALSOU" v=" "/><tag k="OBJNAM" v="rock"/><tag k="INFORM" v=" "/><tag k="DUNITS" v="1"/></node>
</create><create><node lat="7536011" lon="-313223" timestamp="2015-09-12T22:14:42Z" username="vivacity"><tag k="OBJCOD" v="UWTROC"/><tag k="WATLEV" v="4"/><tag k="VALSOU" v=" "/><tag k="OBJNAM" v="rock"/><tag k="INFORM" v=" "/><tag k="DUNITS" v="1"/></node>
</create><create><node lat="7536116" lon="-313143" timestamp="2015-09-12T22:12:53Z" username="vivacity"><tag k="OBJCOD" v="UWTROC"/><tag k="WATLEV" v="4"/><tag k="VALSOU" v=" "/><tag k="OBJNAM" v="rock"/><tag k="INFORM" v=" "/><tag k="DUNITS" v="1"/></node>
</create><create><node lat="7536226" lon="-313629" timestamp="2015-09-12T22:13:56Z" username="vivacity"><tag k="OBJCOD" v="UWTROC"/><tag k="WATLEV" v="4"/><tag k="VALSOU" v=" "/><tag k="OBJNAM" v="rock"/><tag k="INFORM" v=" "/><tag k="DUNITS" v="1"/></node>
</create><create><node lat="7536258" lon="-313503" timestamp="2015-09-12T22:14:18Z" username="vivacity"><tag k="OBJCOD" v="UWTROC"/><tag k="WATLEV" v="4"/><tag k="VALSOU" v=" "/><tag k="OBJNAM" v="rock"/><tag k="INFORM" v=" "/><tag k="DUNITS" v="1"/></node>
</create><create><node lat="7536325" lon="-313410" timestamp="2015-09-12T22:14:07Z" username="vivacity"><tag k="OBJCOD" v="UWTROC"/><tag k="WATLEV" v="4"/><tag k="VALSOU" v=" "/><tag k="OBJNAM" v="rock"/><tag k="INFORM" v=" "/><tag k="DUNITS" v="1"/></node>
</create><create><node lat="7536359" lon="-313317" timestamp="2015-09-12T22:14:28Z" username="vivacity"><tag k="OBJCOD" v="UWTROC"/><tag k="WATLEV" v="4"/><tag k="VALSOU" v=" "/><tag k="OBJNAM" v="rock"/><tag k="INFORM" v=" "/><tag k="DUNITS" v="1"/></node>
</create></bound>