<?xml version="1.0" encoding="UTF-8"?><bound box="5897942,-313098,5917449,-293529"><modify><node lat="5911087" lon="-296536" timestamp="2012-04-26T23:53:27Z" username="sabasails"><tag k="OBJCOD" v="BOYSAW"/><tag k="INFORM" v="atterissage cargo entree chenal de st nazaire"/>
            
            
        </node>
</modify><create><node lat="5911934" lon="-300747" timestamp="2012-06-25T14:36:22Z" username="unknown"><tag k="OBJCOD" v="WRECKS"/><tag k="OBJNAM" v="Cargo"/><tag k="DUNITS" v="1"/><tag k="CATWRK" v="1"/>
            
            
            
            
        
            
            
        </node>
</create><create><node lat="5911935" lon="-300759" timestamp="2013-04-20T12:14:03Z" username="unknown"><tag k="OBJCOD" v="WRECKS"/><tag k="VALSOU" v="43"/><tag k="OBJNAM" v="SN1"/><tag k="DUNITS" v="1"/><tag k="CATWRK" v="2"/>
            
            
            
            
            
        </node>
</create></bound>