<?xml version="1.0" encoding="UTF-8"?><bound box="7029786,-391372,7049308,-371804"><delete><node lat="7031459" lon="-390703" timestamp="2012-08-27T20:37:49Z" username="Greg Chiswell"><tag k="OBJCOD" v="BOYCAR"/>
            
        </node>
</delete><create><node lat="7031473" lon="-390681" timestamp="2012-08-27T20:38:43Z" username="Greg Chiswell"><tag k="OBJCOD" v="gennav"/><tag k="OBJNAM" v="North Hoyle removed"/><tag k="INFORM" v="Mark removed 2011"/>
            
            
            
        </node>
</create><create><node lat="7038687" lon="-381748" timestamp="2014-09-21T01:34:35Z" username="RToffshore"><tag k="OBJCOD" v="gennav"/><tag k="OBJNAM" v="gym"/><tag k="INFORM" v="call gym traffic Digi 1"/>
            
            
            
        </node>
</create></bound>