<?xml version="1.0" encoding="UTF-8"?><bound box="4338313,-410941,4357796,-391372"><create><node lat="4341403" lon="-410057" timestamp="2013-03-30T17:57:55Z" username="joagala"><tag k="OBJCOD" v="BOYCAR"/><tag k="OBJNAM" v="G"/><tag k="COLOUR" v="2;6"/><tag k="CATCAM" v="1"/><tag k="BOYSHP" v="4"/>
            
            
            
            
            
            <slave>
                <tag k="OBJCOD" v="TOPMAR"/>
                <tag k="TOPSHP" v="13"/>
            </slave>
        </node>
</create><create><node lat="4351564" lon="-399806" timestamp="2015-10-02T14:42:50Z" username="antoniopirastru"><tag k="OBJCOD" v="WATTUR"/></node>
</create></bound>