<?xml version="1.0" encoding="UTF-8"?><bound box="7010264,-450078,7029786,-430510"><create><node lat="7011810" lon="-435604" timestamp="2011-07-25T09:49:22Z" username="cool blue"><tag k="OBJCOD" v="BOYSPP"/><tag k="OBJNAM" v="Flyer"/><tag k="INFORM" v="CRF racing mark"/><tag k="COLOUR" v="6"/><tag k="BOYSHP" v="5"/>
            
            
            
            
            
        </node>
</create><create><node lat="7012087" lon="-434580" timestamp="2012-08-12T08:18:23Z" username="cool blue"><tag k="OBJCOD" v="DISMAR"/><tag k="OBJNAM" v="Wreck"/>
            
            
        </node>
</create><create><node lat="7014225" lon="-431528" timestamp="2011-04-10T07:46:54Z" username="unknown"><tag k="OBJCOD" v="BCNSPP"/><tag k="OBJNAM" v="Gt orm waypoint"/><tag k="COLOUR" v="2"/><tag k="BCNSHP" v="5"/>
            
            
            
            
        </node>
</create><modify><node lat="7016532" lon="-432115" timestamp="2015-03-06T17:07:28Z" username="Starsuff "><tag k="OBJCOD" v="WRECKS"/><tag k="VALSOU" v="10.90"/><tag k="OBJNAM" v="Torch"/><tag k="INFORM" v=" "/><tag k="DUNITS" v="1"/></node>
</modify><create><node lat="7017888" lon="-448729" timestamp="2014-07-09T15:47:49Z" username="jgc"><tag k="OBJCOD" v="MORFAC"/><tag k="OBJNAM" v="vwp rw3"/><tag k="INFORM" v=" "/>
            
            
            
        </node>
</create></bound>