<?xml version="1.0" encoding="UTF-8"?><bound box="8162405,-313098,8181939,-293529"><modify><node lat="8174118" lon="-304006" timestamp="2012-02-05T06:45:18Z" username="Wolfgang S"><tag k="OBJCOD" v="BOYCAR"/><tag k="OBJNAM" v="Wolfgang"/><tag k="INFORM" v="Richtig ist, mit weißem, schnellen Funkelfeuer"/>
            
            
            
        </node>
</modify><create><node lat="8177084" lon="-305606" timestamp="2011-07-16T20:19:21Z" username="unknown"><tag k="OBJCOD" v="SMACRA"/><tag k="ofsety" v="0"/><tag k="ofsetx" v="0"/><tag k="OBJNAM" v="Stromness"/><tag k="CATSMC" v="1"/>
            
            
            
            
            
        </node>
</create></bound>