<?xml version="1.0" encoding="UTF-8"?><bound box="6034498,-371804,6054007,-352235"><create><node lat="6036881" lon="-366721" timestamp="2013-08-26T15:03:58Z" username="unknown"><tag k="OBJCOD" v="gennav"/><tag k="OBJNAM" v="maison Martin&#10;"/>
            
            
        </node>
</create><create><node lat="6037717" lon="-367062" timestamp="2011-08-08T11:52:09Z" username="unknown"><tag k="OBJCOD" v="gennav"/><tag k="OBJNAM" v="cimetière marin"/>
            
            
        </node>
</create><create><node lat="6040348" lon="-366557" timestamp="2014-03-08T10:51:35Z" username="bil56"><tag k="OBJCOD" v="gennav"/><tag k="OBJNAM" v="tirant d'air 22m"/><tag k="INFORM" v=" "/>
            
            
            
        </node>
</create><create><node lat="6041220" lon="-364901" timestamp="2015-09-21T16:06:27Z" username="bil56" reviews_count="1" rating_count="1" average_rating="5.0"><tag k="OBJCOD" v="psgiio"/><tag k="catser" v="2"/><tag k="zipcde" v=" "/><tag k="websit" v=" "/><tag k="telnum" v=" "/><tag k="strnam" v=" "/><tag k="citynm" v="Hennebont"/><tag k="OBJNAM" v="NATH YACHTING"/><tag k="INFORM" v=" "/></node>
</create><create><node lat="6041328" lon="-365026" timestamp="2015-09-21T16:07:10Z" username="bil56"><tag k="OBJCOD" v="psgiio"/><tag k="catser" v="2"/><tag k="zipcde" v=" "/><tag k="websit" v=" "/><tag k="telnum" v=" "/><tag k="strnam" v=" "/><tag k="citynm" v="Hennebont"/><tag k="OBJNAM" v="BILLIE MARINE"/><tag k="INFORM" v=" "/></node>
</create><create><node lat="6042367" lon="-365691" timestamp="2011-01-01T18:19:49Z"><tag k="OBJCOD" v="SLCONS"/><tag k="OBJNAM" v="Cale de mise a l'eau"/><tag k="CATSLC" v="12"/>
            
            
            
        </node>
</create></bound>