<?xml version="1.0" encoding="UTF-8"?><bound box="8142871,-332667,8162405,-313098"><create><node lat="8145138" lon="-331662" timestamp="2011-08-22T11:54:18Z" username="unknown"><tag k="OBJCOD" v="gennav"/><tag k="OBJNAM" v="Yacht West"/>
            
            
        
            
        </node>
</create><create><node lat="8150696" lon="-323496" timestamp="2012-08-07T12:16:45Z" username="unknown"><tag k="OBJCOD" v="SMACRA"/><tag k="ofsety" v="0"/><tag k="ofsetx" v="0"/><tag k="OBJNAM" v="Elwick Bay"/><tag k="CATSMC" v="1"/>
            
            
            
            
            
        </node>
</create><modify><node lat="8150839" lon="-323165" timestamp="2015-02-11T09:46:20Z" username="lobster84"><tag k="OBJCOD" v="SMACRA"/><tag k="ofsety" v="0"/><tag k="ofsetx" v="0"/><tag k="CATSMC" v="1"/></node>
</modify><create><node lat="8150993" lon="-322970" timestamp="2012-06-14T13:26:37Z" username="unknown"><tag k="OBJCOD" v="ACHBRT"/><tag k="OBJNAM" v="Elwick Bay"/>
            
            
        </node>
</create></bound>