<?xml version="1.0" encoding="UTF-8"?><bound box="4221419,-332667,4240900,-313098"><create><node lat="4227258" lon="-328247" timestamp="2013-01-15T23:07:58Z" username="carlokermit"><tag k="OBJCOD" v="WRECKS"/><tag k="WATLEV" v="3"/><tag k="VERDAT" v="4"/><tag k="QUASOU" v="2"/><tag k="CATWRK" v="1"/>
            
            
            
            
            
        </node>
</create><create><node lat="4229022" lon="-329641" timestamp="2013-01-15T23:02:06Z" username="carlokermit"><tag k="OBJCOD" v="WRECKS"/><tag k="OBJNAM" v="LafolÃ©?"/><tag k="DUNITS" v="1"/><tag k="CATWRK" v="1"/>
            
            
            
            
        </node>
</create><create><node lat="4231510" lon="-329026" timestamp="2011-08-15T10:38:22Z" username="unknown"><tag k="OBJCOD" v="SMACRA"/><tag k="ofsety" v="0"/><tag k="ofsetx" v="0"/><tag k="CATSMC" v="1"/>
            
            
            
            
        </node>
</create></bound>