<?xml version="1.0" encoding="UTF-8"?><bound box="7244538,-430510,7264063,-410941"><modify><node lat="7247485" lon="-418011" timestamp="2013-06-24T20:54:17Z" username="Serena"><tag k="OBJCOD" v="WRECKS"/><tag k="OBJNAM" v="Girl Donna"/><tag k="INFORM" v="Type - MFV&#10;Length - 55.77ft&#10;Date Sunk - 22:05:2010"/><tag k="DUNITS" v="3"/>
            
            
            
            
        
            
            
            
        </node>
</modify><create><node lat="7256453" lon="-424001" timestamp="2015-04-16T11:13:36Z" username="timholland"><tag k="OBJCOD" v="gennav"/><tag k="INFORM" v="VHF Ch 73 &quot;range control&quot; for Firing Practice Area info"/></node>
</create><create><node lat="7259087" lon="-424894" timestamp="2015-09-22T13:20:35Z" username="navionicsstore121"><tag k="OBJCOD" v="LIGHTS"/><tag k="COLOUR" v="4"/></node>
</create></bound>