<?xml version="1.0" encoding="UTF-8"?><bound box="6990743,-450078,7010264,-430510"><create><node lat="6997021" lon="-443217" timestamp="2012-04-03T21:46:10Z" average_rating="0" rating_count="0" reviews_count="0" username="cloughie"><tag k="OBJCOD" v="gennav"/><tag k="OBJNAM" v="Red cafe roof"/><tag k="INFORM" v="Use for reference when cutting across the swatch"/>
            
            
            
        </node>
</create><create><node lat="6997473" lon="-441837" timestamp="2012-02-12T22:15:03Z" username="unknown"><tag k="OBJCOD" v="SBDARE"/><tag k="NATSUR" v="5"/>
            
            
        </node>
</create><create><node lat="6998734" lon="-437748" timestamp="2013-09-13T22:18:21Z" username="mspen"><tag k="OBJCOD" v="gennav"/><tag k="OBJNAM" v="Penmaenmawr Sailing Club"/>
            
            
        </node>
</create><create><node lat="7000615" lon="-450024" timestamp="2015-05-17T08:24:41Z" username="cmalbany"><tag k="OBJCOD" v="BCNLAT"/><tag k="OBJNAM" v="Swatch 4"/><tag k="COLOUR" v="4"/><tag k="BCNSHP" v="5"/></node>
</create><create><node lat="7000648" lon="-450078" timestamp="2015-05-17T08:27:22Z" username="cmalbany"><tag k="OBJCOD" v="gennav"/><tag k="OBJNAM" v="Swatch 4"/><tag k="INFORM" v="Start point to access swatch channel when sailing towards Conwy"/></node>
</create><create><node lat="7001274" lon="-442976" timestamp="2011-07-25T15:15:24Z" username="cool blue"><tag k="OBJCOD" v="BOYSPP"/><tag k="OBJNAM" v="Swatch"/><tag k="INFORM" v="CRF racing mark"/><tag k="COLOUR" v="6"/><tag k="BOYSHP" v="5"/>
            
            
            
            
            
        </node>
</create><create><node lat="7001680" lon="-441767" timestamp="2014-08-09T15:42:30Z" username="Clive Hardman"><tag k="OBJCOD" v="DISMAR"/><tag k="OBJNAM" v="SWATCH"/><tag k="INFORM" v=" "/>
            
            
            
        </node>
</create><delete><node lat="7002842" lon="-435907" timestamp="2013-01-29T18:42:58Z" username="aussi"><tag k="OBJCOD" v="BOYSPP"/><tag k="OBJNAM" v="Penmaenmawr Buoy"/><tag k="INFORM" v="pipeline outlet"/>
            
            
            
        </node>
</delete><create><node lat="7002842" lon="-435890" timestamp="2014-06-11T15:08:27Z" username="Clive Hardman"><tag k="OBJCOD" v="BOYSPP"/><tag k="OBJNAM" v=" "/><tag k="INFORM" v=" "/><tag k="COLOUR" v="6"/><tag k="BOYSHP" v="5"/>
            
            
            
            
            
        </node>
</create><modify><node lat="7003417" lon="-435497" timestamp="2011-09-29T07:43:16Z" username="unknown"><tag k="OBJCOD" v="BOYLAT"/>
            
        </node>
</modify><modify><node lat="7003535" lon="-433216" timestamp="2013-07-28T09:52:58Z" username="unknown"><tag k="OBJCOD" v="BOYLAT"/><tag k="INFORM" v="Fl(2)R. 10s"/>
            
            
        </node>
</modify><modify><node lat="7003575" lon="-432320" timestamp="2013-04-28T07:32:29Z" username="Ralphb"><tag k="OBJCOD" v="BOYLAT"/>
            
        </node>
</modify><create><node lat="7003596" lon="-433228" timestamp="2014-06-11T15:14:11Z" username="Clive Hardman"><tag k="OBJCOD" v="BCNLAT"/><tag k="OBJNAM" v=" "/><tag k="INFORM" v=" "/><tag k="COLOUR" v="3"/><tag k="BCNSHP" v="5"/>
            
            
            
            
            
        </node>
</create><create><node lat="7003607" lon="-432293" timestamp="2015-07-15T07:33:24Z" username="cemaes2009"><tag k="OBJCOD" v="BCNLAT"/><tag k="OBJNAM" v=" "/><tag k="INFORM" v=" "/><tag k="COLOUR" v="3"/><tag k="BCNSHP" v="5"/></node>
</create><create><node lat="7003643" lon="-430874" timestamp="2014-06-11T17:08:51Z" username="Clive Hardman"><tag k="OBJCOD" v="BCNLAT"/><tag k="OBJNAM" v=" "/><tag k="INFORM" v=" "/><tag k="COLOUR" v="4"/><tag k="BCNSHP" v="5"/>
            
            
            
            
            
        </node>
</create><modify><node lat="7003661" lon="-430926" timestamp="2013-04-28T07:32:59Z" username="Ralphb"><tag k="OBJCOD" v="BOYLAT"/>
            
        </node>
</modify><create><node lat="7003851" lon="-430944" timestamp="2014-06-11T17:10:59Z" username="Clive Hardman"><tag k="OBJCOD" v="BCNLAT"/><tag k="OBJNAM" v=" "/><tag k="INFORM" v=" "/><tag k="COLOUR" v="3"/><tag k="BCNSHP" v="5"/>
            
            
            
            
            
        </node>
</create><modify><node lat="7003890" lon="-430954" timestamp="2013-06-30T20:34:56Z" username="colincollee"><tag k="OBJCOD" v="BOYLAT"/><tag k="INFORM" v=" "/>
            
        
            
            
        </node>
</modify><create><node lat="7003982" lon="-435271" timestamp="2014-06-11T14:58:42Z" username="Clive Hardman"><tag k="OBJCOD" v="BCNLAT"/><tag k="OBJNAM" v=" "/><tag k="INFORM" v=" "/><tag k="COLOUR" v="4"/><tag k="BCNSHP" v="5"/>
            
            
            
            
            
        </node>
</create><modify><node lat="7003999" lon="-435239" timestamp="2013-05-15T10:46:55Z" username="unknown"><tag k="OBJCOD" v="BOYLAT"/>
            
        </node>
</modify><create><node lat="7004208" lon="-446157" timestamp="2012-09-08T08:41:32Z" username="slate1234"><tag k="OBJCOD" v="SOUNDG"/><tag k="VALSOU" v=".5"/><tag k="DUNITS" v="1"/>
            
            
            
        </node>
</create><create><node lat="7004214" lon="-444535" timestamp="2011-08-13T20:20:55Z" username="cool blue"><tag k="OBJCOD" v="BOYSPP"/><tag k="OBJNAM" v="Wreck"/><tag k="INFORM" v="Race marker"/><tag k="COLOUR" v="6"/><tag k="BOYSHP" v="5"/>
            
            
            
            
            
        </node>
</create><modify><node lat="7004302" lon="-430600" timestamp="2015-07-15T07:25:51Z" username="cemaes2009"><tag k="OBJCOD" v="BOYLAT"/><tag k="OBJNAM" v="C5"/><tag k="INFORM" v=" "/></node>
</modify><create><node lat="7004340" lon="-435127" timestamp="2013-01-03T20:13:33Z" username="riverboata"><tag k="OBJCOD" v="BOYLAT"/><tag k="OBJNAM" v="C2"/><tag k="COLOUR" v="3"/><tag k="BOYSHP" v="1"/>
            
            
            
            
            <slave>
                <tag k="OBJCOD" v="LIGHTS"/>
                <tag k="COLOUR" v="3"/>
            </slave>
        </node>
</create><create><node lat="7004357" lon="-437073" timestamp="2014-06-11T15:04:20Z" username="Clive Hardman"><tag k="OBJCOD" v="DISMAR"/><tag k="OBJNAM" v=" "/><tag k="INFORM" v=" "/>
            
            
            
        </node>
</create><modify><node lat="7004378" lon="-437102" timestamp="2013-06-30T20:37:06Z" username="colincollee"><tag k="OBJCOD" v="BOYSAW"/>
            
        </node>
</modify><modify><node lat="7004423" lon="-430809" timestamp="2013-04-28T07:33:24Z" username="Ralphb"><tag k="OBJCOD" v="BOYLAT"/>
            
        </node>
</modify><create><node lat="7005299" lon="-435648" timestamp="2011-07-25T15:19:04Z" username="cool blue"><tag k="OBJCOD" v="BCNSPP"/><tag k="OBJNAM" v="Topsail"/><tag k="INFORM" v="CRF racing mark"/><tag k="COLOUR" v="2"/><tag k="BCNSHP" v="5"/>
            
            
            
            
            
        </node>
</create><create><node lat="7005681" lon="-435683" timestamp="2012-05-09T10:18:47Z" username="cool blue"><tag k="OBJCOD" v="DISMAR"/><tag k="OBJNAM" v="Topsail2"/>
            
            
        </node>
</create><create><node lat="7006626" lon="-444005" timestamp="2014-06-01T09:12:47Z" username="simonkay"><tag k="OBJCOD" v="WRECKS"/><tag k="VALSOU" v="17 at perimeter"/><tag k="OBJNAM" v="Unknown"/><tag k="INFORM" v="Area sealed by ring of buoys"/><tag k="DUNITS" v="1"/><tag k="CATWRK" v="2"/>
            
            
            
            
            
            
        </node>
</create><create><node lat="7007162" lon="-433507" timestamp="2014-08-09T16:12:42Z" username="Clive Hardman"><tag k="OBJCOD" v="DISMAR"/><tag k="OBJNAM" v="TOPSAIL"/><tag k="INFORM" v=" "/>
            
            
            
        </node>
</create><create><node lat="7007176" lon="-430781" timestamp="2015-06-01T21:33:56Z" username="Harlequin336"><tag k="OBJCOD" v="BOYLAT"/><tag k="OBJNAM" v="North Deep Outer"/><tag k="INFORM" v=" "/><tag k="COLOUR" v="4"/><tag k="BOYSHP" v="2"/></node>
</create><create><node lat="7007355" lon="-440762" timestamp="2014-08-09T15:32:19Z" username="Clive Hardman"><tag k="OBJCOD" v="DISMAR"/><tag k="OBJNAM" v="MIDLAKE"/><tag k="INFORM" v="M"/>
            
            
            
        </node>
</create><create><node lat="7007502" lon="-438822" timestamp="2015-05-09T10:53:14Z" username="Clive Hardman"><tag k="OBJCOD" v="DISMAR"/><tag k="OBJNAM" v=" "/><tag k="INFORM" v=" "/></node>
</create><create><node lat="7007530" lon="-442884" timestamp="2011-07-25T09:34:31Z" username="cool blue"><tag k="OBJCOD" v="BOYSPP"/><tag k="OBJNAM" v="Midlake"/><tag k="INFORM" v="Racing mark Conwy river festival"/><tag k="COLOUR" v="6"/><tag k="BOYSHP" v="5"/>
            
            
            
            
            
        
            
            
        
            
        </node>
</create><create><node lat="7008221" lon="-433445" timestamp="2014-08-08T15:40:15Z" username="colincollee"><tag k="OBJCOD" v="BOYSPP"/><tag k="OBJNAM" v="Topsail"/><tag k="INFORM" v="Racing buoy"/><tag k="COLOUR" v="6"/><tag k="BOYSHP" v="5"/>
            
            
            
            
            
        </node>
</create><create><node lat="7008335" lon="-436657" timestamp="2014-08-11T11:24:25Z" username="Clive Hardman"><tag k="OBJCOD" v="DISMAR"/><tag k="OBJNAM" v="BULLSEYE"/><tag k="INFORM" v="Conwy River Festival race mark"/>
            
            
            
        
            
            
            
        </node>
</create><create><node lat="7008463" lon="-440857" timestamp="2015-10-13T08:14:50Z" username="seaway16"><tag k="OBJCOD" v="LIGHTS"/><tag k="COLOUR" v="6"/><tag k="OBJNAM" v=" "/><tag k="INFORM" v=" "/></node>
</create><create><node lat="7008554" lon="-436761" timestamp="2011-07-25T15:22:57Z" username="cool blue"><tag k="OBJCOD" v="BCNSPP"/><tag k="OBJNAM" v="Bullseye"/><tag k="INFORM" v="CRF racing mark"/><tag k="COLOUR" v="2"/><tag k="BCNSHP" v="5"/>
            
            
            
            
            
        </node>
</create><create><node lat="7008584" lon="-436762" timestamp="2014-08-08T15:46:34Z" username="colincollee"><tag k="OBJCOD" v="BOYSPP"/><tag k="OBJNAM" v="Bullseye"/><tag k="COLOUR" v="6"/><tag k="BOYSHP" v="5"/>
            
            
            
            
        </node>
</create><modify><node lat="7009412" lon="-431405" timestamp="2013-02-22T23:34:53Z" username="minx2"><tag k="OBJCOD" v="BOYSPP"/><tag k="OBJNAM" v="Abbey"/><tag k="INFORM" v=" "/>
            
            
            
        
            
            
            
        </node>
</modify><create><node lat="7009826" lon="-438684" timestamp="2013-06-25T19:57:23Z" username="cool blue"><tag k="OBJCOD" v="BOYLAT"/><tag k="OBJNAM" v="Test mark"/><tag k="COLOUR" v="3"/><tag k="BOYSHP" v="1"/>
            
            
            
            
        </node>
</create><create><node lat="7009996" lon="-433810" timestamp="2014-08-09T15:23:04Z" username="Clive Hardman"><tag k="OBJCOD" v="DISMAR"/><tag k="OBJNAM" v="FLYER"/>
            
            
        </node>
</create><create><node lat="7010003" lon="-433728" timestamp="2012-08-17T19:39:09Z" username="cool blue"><tag k="OBJCOD" v="gennav"/><tag k="OBJNAM" v="Flyer"/>
            
            
        </node>
</create><create><node lat="7010022" lon="-433740" timestamp="2014-07-30T16:30:46Z" username="baztuson"><tag k="OBJCOD" v="BOYSPP"/><tag k="OBJNAM" v="Abbey long sea outfall"/><tag k="COLOUR" v="6"/><tag k="BOYSHP" v="5"/>
            
            
            
            
        </node>
</create><modify><node lat="7010109" lon="-433922" timestamp="2013-02-22T23:33:56Z" username="minx2"><tag k="OBJCOD" v="BOYSPP"/><tag k="OBJNAM" v="Orme Long Outfall"/><tag k="INFORM" v=" "/>
            
            
            
        
            
            
            
        </node>
</modify></bound>