<?xml version="1.0" encoding="UTF-8"?><bound box="7244538,-410941,7264063,-391372"><delete><node lat="7252357" lon="-397552" timestamp="2012-06-16T04:17:21Z" username="rendy"><tag k="OBJCOD" v="SMACRA"/><tag k="ofsety" v="-749"/><tag k="ofsetx" v="349"/><tag k="CATSMC" v="1"/>
            
            
            
            
        </node>
</delete><create><node lat="7259033" lon="-396840" timestamp="2012-12-23T15:25:40Z" username="get kraken"><tag k="OBJCOD" v="gennav"/><tag k="OBJNAM" v="Bridge Removed"/><tag k="INFORM" v="Bridge removed in 2012, yachts can now access inner harbour. Dries to thick mud."/>
            
            
            
        </node>
</create><create><node lat="7259051" lon="-397024" timestamp="2014-03-14T23:16:44Z" username="get kraken"><tag k="OBJCOD" v="psgiio"/><tag k="catser" v="81"/><tag k="OBJNAM" v="Vanguard Sailing Club"/><tag k="INFORM" v="Drying moorings, launching slip."/>
            
            
            
            
        </node>
</create><modify><node lat="7260277" lon="-398566" timestamp="2014-02-27T21:32:03Z" username="musarkie"><tag k="OBJCOD" v="SMACRA"/><tag k="ofsety" v="-925"/><tag k="ofsetx" v="450"/><tag k="CATSMC" v="1"/>
            
            
            
            
        </node>
</modify></bound>