<?xml version="1.0" encoding="UTF-8"?><bound box="6463757,-410941,6483272,-391372"><modify><node lat="6465649" lon="-400951" timestamp="2013-07-09T09:43:45Z" username="tank"><tag k="OBJCOD" v="BOYSPP"/><tag k="INFORM" v="Not there on 09/07/2013"/>
            
            
        </node>
</modify><create><node lat="6467639" lon="-395941" timestamp="2015-08-21T17:35:57Z" username="Kurke"><tag k="OBJCOD" v="BOYSPP"/><tag k="abrchr" v="Y"/><tag k="OBJNAM" v="RDYC2 (APR-OCT)"/><tag k="COLOUR" v="6"/><tag k="CATSPM" v="27"/><tag k="BOYSHP" v="3"/></node>
</create><delete><node lat="6467639" lon="-395197" timestamp="2014-06-01T06:18:39Z" username="Slang"><tag k="OBJCOD" v="BOYSPP"/>
            
        </node>
</delete><create><node lat="6468507" lon="-400765" timestamp="2013-08-31T09:14:38Z" username="topshamtim"><tag k="OBJCOD" v="BOYSPP"/><tag k="OBJNAM" v="Blackpool"/><tag k="COLOUR" v="6"/><tag k="BOYSHP" v="5"/>
            
            
            
            
        </node>
</create><create><node lat="6468508" lon="-394271" timestamp="2015-08-21T17:37:34Z" username="Kurke"><tag k="OBJCOD" v="BOYSPP"/><tag k="abrchr" v="Y"/><tag k="STATUS" v="5"/><tag k="OBJNAM" v="Rdyc 3"/><tag k="INFORM" v="APR-OCT"/><tag k="COLOUR" v="6"/><tag k="BOYSHP" v="3"/></node>
</create><delete><node lat="6468537" lon="-396164" timestamp="2015-08-21T17:33:53Z" username="Kurke"><tag k="OBJCOD" v="BOYSPP"/></node>
</delete><create><node lat="6469108" lon="-397774" timestamp="2015-08-21T17:31:22Z" username="Kurke"><tag k="OBJCOD" v="BOYSPP"/><tag k="abrchr" v="Y"/><tag k="STATUS" v="5"/><tag k="OBJNAM" v="Rdyc 1"/><tag k="INFORM" v="APR-OCT"/><tag k="COLOUR" v="6"/><tag k="BOYSHP" v="3"/></node>
</create><delete><node lat="6469368" lon="-394667" timestamp="2015-08-21T17:37:34Z" username="Kurke"><tag k="OBJCOD" v="BOYSPP"/></node>
</delete><delete><node lat="6469383" lon="-397611" timestamp="2015-08-21T17:31:22Z" username="Kurke"><tag k="OBJCOD" v="BOYSPP"/></node>
</delete><modify><node lat="6469864" lon="-398146" timestamp="2013-08-06T19:58:02Z" username="mattbuc"><tag k="OBJCOD" v="UWTROC"/><tag k="INFORM" v="Ring of rocks"/><tag k="DUNITS" v="1"/>
            
            
            
        </node>
</modify><create><node lat="6470247" lon="-394086" timestamp="2015-08-21T17:41:18Z" username="Kurke"><tag k="OBJCOD" v="BOYSPP"/><tag k="OBJNAM" v="RDYC4"/><tag k="COLOUR" v="6"/><tag k="BOYSHP" v="5"/></node>
</create><create><node lat="6470741" lon="-396743" timestamp="2015-08-10T14:49:50Z" username="Clarry"><tag k="OBJCOD" v="BOYSPP"/><tag k="OBJNAM" v="DHNA A Harbour Limit"/><tag k="INFORM" v="6 knot seasonal mark"/><tag k="COLOUR" v="6"/><tag k="BOYSHP" v="5"/></node>
</create><create><node lat="6470971" lon="-396312" timestamp="2015-08-10T14:49:23Z" username="Clarry"><tag k="OBJCOD" v="BOYSPP"/><tag k="OBJNAM" v="DHNA B Harbour Limits"/><tag k="INFORM" v="6 knot seasonal mark"/><tag k="COLOUR" v="6"/><tag k="BOYSHP" v="5"/></node>
</create><create><node lat="6471498" lon="-395456" timestamp="2015-07-30T06:09:53Z" username="Clarry"><tag k="OBJCOD" v="gennav"/><tag k="OBJNAM" v="DHNA HARBOUR LIMITS"/><tag k="INFORM" v="6 KNOTS SPEED RESTRICTION APPLIES TO ALL VESSELS"/></node>
</create><create><node lat="6471551" lon="-395125" timestamp="2015-08-10T14:50:59Z" username="Clarry"><tag k="OBJCOD" v="BOYSPP"/><tag k="OBJNAM" v="DHNA C Harbour Limits"/><tag k="INFORM" v="6 knot seasonal mark"/><tag k="COLOUR" v="6"/><tag k="BOYSHP" v="5"/></node>
</create><create><node lat="6471695" lon="-394865" timestamp="2015-08-10T14:51:59Z" username="Clarry"><tag k="OBJCOD" v="BOYSPP"/><tag k="OBJNAM" v="DHNA D Harbour Limts"/><tag k="INFORM" v="6 knot seasonal mark"/><tag k="COLOUR" v="6"/><tag k="BOYSHP" v="5"/></node>
</create><create><node lat="6471983" lon="-391826" timestamp="2014-12-28T09:12:58Z" username="beeny"><tag k="OBJCOD" v="UWTROC"/><tag k="WATLEV" v="2"/><tag k="VALSOU" v=" "/><tag k="OBJNAM" v=" "/><tag k="INFORM" v=" "/><tag k="DUNITS" v="1"/>
            
            
            
            
            
            
        </node>
</create><modify><node lat="6472687" lon="-396702" timestamp="2015-05-13T08:41:31Z" username="rtsymons"><tag k="OBJCOD" v="BOYLAT"/><tag k="OBJNAM" v="Home Stone"/></node>
</modify><create><node lat="6472858" lon="-396914" timestamp="2014-02-03T11:23:44Z" username="mat"><tag k="OBJCOD" v="gennav"/><tag k="OBJNAM" v="6 Knots Max"/>
            
            
        </node>
</create><create><node lat="6472952" lon="-398060" timestamp="2014-07-19T10:05:45Z" username="trevindevon"><tag k="OBJCOD" v="BOYLAT"/><tag k="OBJNAM" v="Skerries bell bouy"/><tag k="INFORM" v="Large red bell bouy"/><tag k="COLOUR" v="3"/><tag k="BOYSHP" v="1"/>
            
            
            
            
            
        </node>
</create><create><node lat="6473496" lon="-398909" timestamp="2014-04-05T08:37:23Z" username="iank007"><tag k="OBJCOD" v="gennav"/><tag k="OBJNAM" v="Beacon Parks"/>
            
            
        </node>
</create><create><node lat="6473968" lon="-397796" timestamp="2014-06-18T14:32:50Z" username="pblackler"><tag k="OBJCOD" v="psgiio"/><tag k="catser" v="81"/><tag k="zipcde" v=" "/><tag k="websit" v="www.royaldart.co.uk"/><tag k="telnum" v=" "/><tag k="strnam" v=" "/><tag k="numvhf" v=" "/><tag k="citynm" v=" "/><tag k="OBJNAM" v="Royal Dart Yacht Club"/><tag k="INFORM" v=" "/>
            
            
            
            
            
            
            
            
            
            
        </node>
</create><create><node lat="6474089" lon="-397685" timestamp="2013-12-10T08:37:54Z" average_rating="3" rating_count="1" reviews_count="1" username="mat"><tag k="OBJCOD" v="psgiio"/><tag k="catser" v="24"/><tag k="zipcde" v="TQ6 0AG"/><tag k="telnum" v="+441803752348"/><tag k="strnam" v="Higher St."/><tag k="citynm" v="Kingswear"/><tag k="OBJNAM" v="The Ship Inn"/>
            
            
            
            
            
            
            
        </node>
</create><create><node lat="6474263" lon="-398246" timestamp="2015-07-30T06:06:38Z" username="Clarry"><tag k="OBJCOD" v="psgiio"/><tag k="catser" v="53"/><tag k="zipcde" v="TQ6 9AL"/><tag k="websit" v="www.dartharbour.org"/><tag k="telnum" v="01803 832337"/><tag k="strnam" v="6 Oxford Street"/><tag k="numvhf" v="11"/><tag k="citynm" v="Dartmouth"/><tag k="OBJNAM" v="Dart Harbour &amp; a Navigation Authority"/><tag k="INFORM" v="See website"/></node>
</create><create><node lat="6474334" lon="-397818" timestamp="2015-07-23T00:00:00Z" username="ADAC"><tag k="OBJCOD" v="SMACRA"/><tag k="OBJNAM" v="Darthaven Marina"/><tag k="ofsety" v="10"/><tag k="ofsetx" v="10"/><tag k="CATSMC" v="1"/><tag k="WEBSIT" v="http://www.marinafuehrer.adac.de/haefen/darthaven-marina/"/></node>
</create><modify><node lat="6474341" lon="-397535" timestamp="2011-07-21T11:32:44Z" username="unknown"><tag k="OBJCOD" v="psgiio"/><tag k="catser" v="124"/><tag k="INFORM" v="chris@chris-hoyle-marine.co.uk&#10;Outboard Motor Specialist and Yamaha main dealers"/>
            
            
            
        </node>
</modify><create><node lat="6474387" lon="-399432" timestamp="2014-12-12T10:55:40Z" username="beeny"><tag k="OBJCOD" v="UWTROC"/><tag k="WATLEV" v="3"/><tag k="VALSOU" v=" "/><tag k="OBJNAM" v="Bull Rock"/><tag k="INFORM" v=" "/><tag k="DUNITS" v="1"/>
            
            
            
            
            
            
        </node>
</create><create><node lat="6474389" lon="-399416" timestamp="2014-12-11T14:08:04Z" username="beeny"><tag k="OBJCOD" v="UWTROC"/><tag k="WATLEV" v="3"/><tag k="VALSOU" v="20"/><tag k="OBJNAM" v="bull rock"/><tag k="INFORM" v=" "/><tag k="DUNITS" v="1"/>
            
            
            
            
            
            
        </node>
</create><modify><node lat="6474389" lon="-397511" username="cirrus" timestamp="2015-03-05T12:58:07Z" average_rating="4.0" rating_count="1" reviews_count="1"><tag k="OBJCOD" v="psgiio"/><tag k="catser" v="3"/><tag k="websit" v=" "/><tag k="INFORM" v=" "/></node>
</modify><create><node lat="6474393" lon="-397515" timestamp="2014-08-08T14:26:12Z" average_rating="4.0" rating_count="1" reviews_count="1" username="Majost"><tag k="OBJCOD" v="psgiio"/><tag k="catser" v="3"/><tag k="zipcde" v="TQ6 0SG"/><tag k="telnum" v="+44 1803 75 27 33"/><tag k="strnam" v="Brixham Road"/><tag k="stanam" v="England"/><tag k="county" v="South West"/><tag k="citynm" v="Kingswear"/><tag k="brands" v="Navionics"/><tag k="OBJNAM" v="Darthaven Marina Limited"/><tag k="NATION" v="GB"/>
            
            
            
            
            
            
            
            
            
            
            
        </node>
</create><create><node lat="6474396" lon="-399426" timestamp="2014-12-15T09:59:53Z" username="beeny"><tag k="OBJCOD" v="UWTROC"/><tag k="WATLEV" v="3"/><tag k="VALSOU" v=" "/><tag k="OBJNAM" v=" "/><tag k="INFORM" v=" "/><tag k="DUNITS" v="1"/>
            
            
            
            
            
            
        </node>
</create><create><node lat="6474396" lon="-399426" timestamp="2014-12-16T06:09:07Z" username="beeny"><tag k="OBJCOD" v="gennav"/><tag k="OBJNAM" v="rock"/><tag k="INFORM" v=" "/>
            
            
            
        </node>
</create><create><node lat="6474396" lon="-399426" timestamp="2014-12-16T06:38:04Z" username="beeny"><tag k="OBJCOD" v="SBDARE"/><tag k="NATSUR" v="4"/><tag k="INFORM" v=" "/>
            
            
            
        </node>
</create><create><node lat="6474409" lon="-397996" timestamp="2015-07-30T05:58:20Z" username="Clarry"><tag k="OBJCOD" v="gennav"/><tag k="OBJNAM" v="DHNA"/><tag k="INFORM" v="Chart needs to be updated to show mooring seabed anchor system."/></node>
</create><modify><node lat="6474429" lon="-398154" timestamp="2015-01-02T17:11:57Z" username="haonavy"><tag k="OBJCOD" v="SMACRA"/><tag k="ofsety" v="57"/><tag k="ofsetx" v="-539"/><tag k="STRNAM" v="6 oxford St"/><tag k="SRVLST" v=""/><tag k="CATSMC" v="1"/>
            
            
            
            
        
            
            
            
            
            
            
        </node>
</modify><create><node lat="6474480" lon="-397412" timestamp="2013-10-05T06:33:46Z" username="deacs"><tag k="OBJCOD" v="LIGHTS"/><tag k="COLOUR" v="12"/>
            
            
        </node>
</create><create><node lat="6474572" lon="-398283" timestamp="2015-01-02T17:24:13Z" username="haonavy"><tag k="OBJCOD" v="psgiio"/><tag k="catser" v="128"/><tag k="OBJNAM" v="Dartmouth Boat Float"/><tag k="INFORM" v="Dinghy and small craft mooring. Access via tunnel."/>
            
            
            
            
        </node>
</create><create><node lat="6474596" lon="-397966" timestamp="2015-07-30T06:01:20Z" username="Clarry"><tag k="OBJCOD" v="MORFAC"/><tag k="OBJNAM" v="DHNA"/><tag k="INFORM" v="5"/></node>
</create><create><node lat="6474598" lon="-397965" timestamp="2013-04-29T13:34:01Z" username="sarogava"><tag k="OBJCOD" v="MORFAC"/><tag k="OBJNAM" v="4a"/><tag k="INFORM" v="anchor going east like rest, 4a not always in the water but anchor is"/>
            
            
            
        
            
            
            
        </node>
</create><create><node lat="6474639" lon="-398634" timestamp="2015-10-01T14:41:19Z" username="beeny"><tag k="OBJCOD" v="hotspt"/><tag k="catspt" v="1"/><tag k="VALSOU" v=" "/><tag k="OBJNAM" v="stryn"/><tag k="INFORM" v=" "/><tag k="DUNITS" v="1"/></node>
</create><create><node lat="6474639" lon="-398634" timestamp="2015-10-01T14:58:30Z" username="beeny"><tag k="OBJCOD" v="gennav"/><tag k="OBJNAM" v="rota"/><tag k="INFORM" v=" "/></node>
</create><create><node lat="6475063" lon="-397846" timestamp="2013-03-20T06:35:25Z" username="bobbopod"><tag k="OBJCOD" v="psgiio"/><tag k="catser" v="21"/>
            
            
        </node>
</create><create><node lat="6475063" lon="-397844" timestamp="2014-03-18T17:05:30Z" username="dolphin"><tag k="OBJCOD" v="psgiio"/><tag k="catser" v="21"/><tag k="prclst" v="DIESEL: 1.290 on 2014-03-18"/><tag k="catsub" v="4"/><tag k="OBJNAM" v="Dartmouth Fuel Barge"/>
            
            
            
            
        
            
            
            
        </node>
</create><create><node lat="6475126" lon="-397832" timestamp="2015-07-30T06:03:10Z" username="Clarry"><tag k="OBJCOD" v="gennav"/><tag k="OBJNAM" v="DHNA"/><tag k="INFORM" v="DHNA Waste Pontoon/water"/></node>
</create><delete><node lat="6475375" lon="-398092" timestamp="2014-05-21T21:56:23Z" username="avast"><tag k="OBJCOD" v="MORFAC"/>
            
        </node>
</delete><create><node lat="6475458" lon="-398210" timestamp="2014-07-06T20:36:45Z" average_rating="2.0" rating_count="1" reviews_count="1" username="Rory"><tag k="OBJCOD" v="psgiio"/><tag k="catser" v="24"/><tag k="OBJNAM" v="The Floating Bridge"/>
            
            
            
        </node>
</create><create><node lat="6475668" lon="-398103" timestamp="2015-07-23T00:00:00Z" username="ADAC"><tag k="OBJCOD" v="SMACRA"/><tag k="OBJNAM" v="Dart Marina"/><tag k="ofsety" v="10"/><tag k="ofsetx" v="10"/><tag k="CATSMC" v="1"/><tag k="WEBSIT" v="http://www.marinafuehrer.adac.de/haefen/dart-marina/"/></node>
</create><create><node lat="6475674" lon="-398341" timestamp="2015-10-31T14:27:24Z" username="beeny"><tag k="OBJCOD" v="hotspt"/><tag k="catspt" v="1"/><tag k="VALSOU" v=" "/><tag k="OBJNAM" v="blonde ray"/><tag k="INFORM" v=" "/><tag k="DUNITS" v="1"/></node>
</create><create><node lat="6476050" lon="-398382" timestamp="2014-07-20T13:12:10Z" username="Rory"><tag k="OBJCOD" v="MORFAC"/><tag k="abrchr" v="MOORING BUOY"/><tag k="CATMOR" v="7"/><tag k="BOYSHP" v="7"/>
            
            
            
            
        </node>
</create><delete><node lat="6476097" lon="-398470" timestamp="2014-07-19T09:01:37Z" username="Rory"><tag k="OBJCOD" v="CRANES"/>
            
        </node>
</delete><modify><node lat="6476099" lon="-398399" timestamp="2015-02-15T13:42:06Z" username="timheale55"><tag k="OBJCOD" v="MORFAC"/></node>
</modify><create><node lat="6476398" lon="-398410" timestamp="2014-07-19T09:05:50Z" username="Rory"><tag k="OBJCOD" v="gennav"/><tag k="OBJNAM" v="Lower Training Pontoon"/><tag k="INFORM" v="Royal Navy Maritime Training"/>
            
            
            
        </node>
</create><modify><node lat="6476916" lon="-398264" timestamp="2015-04-30T22:04:46Z" username="robertrobert" average_rating="5" reviews_count="1" rating_count="1"><tag k="OBJCOD" v="SMACRA"/><tag k="ofsety" v="-227"/><tag k="ofsetx" v="861"/><tag k="numvhf" v="80"/><tag k="SRVLST" v="127;125;130;49;126;47"/><tag k="CATSMC" v="1"/></node>
</modify><create><node lat="6476938" lon="-398671" timestamp="2014-07-19T09:06:45Z" username="Rory"><tag k="OBJCOD" v="gennav"/><tag k="OBJNAM" v="Upper Training Pontoon"/><tag k="INFORM" v="Royal Navy Maritime Training"/>
            
            
            
        </node>
</create><create><node lat="6477161" lon="-398278" timestamp="2014-11-05T18:44:14Z" username="Andy Wright"><tag k="OBJCOD" v="WRECKS"/><tag k="OBJNAM" v="Pearts Point"/><tag k="INFORM" v="Watch that ebb tide.............."/><tag k="DUNITS" v="1"/><tag k="CATWRK" v="5"/>
            
            
            
            
            
        </node>
</create><create><node lat="6477340" lon="-398285" timestamp="2014-05-26T20:00:32Z" username="Andy Wright"><tag k="OBJCOD" v="psgiio"/><tag k="catser" v="133"/><tag k="zipcde" v="TQ6 0EA"/><tag k="websit" v="www.southdevon.ac.uk"/><tag k="strnam" v="Noss Marine Academy"/><tag k="citynm" v="Bridge Road, Kingswear, Dartmouth"/><tag k="OBJNAM" v="Noss Marine Academy, South Devon College"/>
            
            
            
            
            
            
            
        </node>
</create><create><node lat="6479216" lon="-398680" timestamp="2013-12-10T10:14:00Z" username="mat"><tag k="OBJCOD" v="gennav"/><tag k="OBJNAM" v="Boat House"/>
            
            
        </node>
</create><create><node lat="6479304" lon="-399347" timestamp="2011-08-06T10:18:04Z" username="unknown"><tag k="OBJCOD" v="gennav"/><tag k="OBJNAM" v="Anchor spot"/>
            
            
        </node>
</create><create><node lat="6479453" lon="-399150" timestamp="2013-12-10T10:15:41Z" username="mat"><tag k="OBJCOD" v="gennav"/><tag k="OBJNAM" v="Boat House"/>
            
            
        </node>
</create><create><node lat="6479473" lon="-399464" timestamp="2013-12-04T15:05:06Z" username="mat"><tag k="OBJCOD" v="UWTROC"/><tag k="WATLEV" v="4"/><tag k="DUNITS" v="1"/>
            
            
            
        </node>
</create><create><node lat="6479478" lon="-399461" timestamp="2015-07-08T22:17:11Z" username="Tulahla Ruby"><tag k="OBJCOD" v="UWTROC"/><tag k="WATLEV" v="4"/><tag k="OBJNAM" v="Rock."/><tag k="INFORM" v="Always keep to the star bardo of the rocks bout 1-3 are for deep keeled boats"/><tag k="DUNITS" v="1"/></node>
</create><create><node lat="6479578" lon="-399663" timestamp="2012-06-27T20:28:15Z" username="Hawkeye"><tag k="OBJCOD" v="MORFAC"/><tag k="OBJNAM" v="Vipers Quat"/>
            
            
        </node>
</create><create><node lat="6479913" lon="-400295" timestamp="2014-09-18T21:42:24Z" username="richard penketh" average_rating="5.0" rating_count="1" reviews_count="1"><tag k="OBJCOD" v="psgiio"/><tag k="catser" v="24"/><tag k="OBJNAM" v="The Ferry Boat Inn"/>
            
            
            
        
            
            
        
            
            
        </node>
</create><create><node lat="6480108" lon="-391596" timestamp="2011-01-01T15:59:42Z"><tag k="OBJCOD" v="gennav"/><tag k="OBJNAM" v="Home"/><tag k="INFORM" v="01803 858311"/>
            
            
            
        
            
            
            
        </node>
</create><create><node lat="6480165" lon="-399958" timestamp="2014-02-03T09:48:44Z" username="mat"><tag k="OBJCOD" v="MORFAC"/>
            
        </node>
</create><create><node lat="6480228" lon="-399630" timestamp="2014-02-03T09:29:30Z" username="mat"><tag k="OBJCOD" v="MORFAC"/>
            
        </node>
</create><create><node lat="6480359" lon="-399923" timestamp="2014-02-03T09:49:22Z" username="mat"><tag k="OBJCOD" v="MORFAC"/>
            
        </node>
</create><create><node lat="6480432" lon="-399357" timestamp="2014-02-03T09:30:47Z" username="mat"><tag k="OBJCOD" v="MORFAC"/>
            
        </node>
</create><create><node lat="6480550" lon="-399895" timestamp="2014-02-03T09:53:52Z" username="mat"><tag k="OBJCOD" v="MORFAC"/>
            
        </node>
</create><create><node lat="6480606" lon="-399220" timestamp="2014-02-03T09:32:27Z" username="mat"><tag k="OBJCOD" v="MORFAC"/>
            
        </node>
</create><create><node lat="6480678" lon="-398932" timestamp="2014-02-03T09:33:33Z" username="mat"><tag k="OBJCOD" v="MORFAC"/>
            
        </node>
</create><create><node lat="6480800" lon="-399815" timestamp="2014-02-03T09:54:33Z" username="mat"><tag k="OBJCOD" v="MORFAC"/>
            
        </node>
</create><create><node lat="6480835" lon="-398814" timestamp="2014-02-03T09:35:34Z" username="mat"><tag k="OBJCOD" v="MORFAC"/>
            
        </node>
</create><create><node lat="6480951" lon="-398869" timestamp="2014-02-03T09:36:21Z" username="mat"><tag k="OBJCOD" v="MORFAC"/>
            
        </node>
</create><create><node lat="6481059" lon="-399799" timestamp="2014-02-03T09:56:25Z" username="mat"><tag k="OBJCOD" v="MORFAC"/>
            
        </node>
</create><create><node lat="6481087" lon="-398715" timestamp="2014-02-03T09:38:15Z" username="mat"><tag k="OBJCOD" v="MORFAC"/>
            
        </node>
</create><create><node lat="6481093" lon="-401814" timestamp="2010-12-13T10:14:39Z"><tag k="OBJCOD" v="SLCONS"/><tag k="OBJNAM" v="Blackness Marine slipway"/><tag k="CATSLC" v="12"/>
            
            
            
        </node>
</create><create><node lat="6481180" lon="-398817" timestamp="2014-02-03T09:40:33Z" username="mat"><tag k="OBJCOD" v="MORFAC"/>
            
        </node>
</create><create><node lat="6481284" lon="-402159" timestamp="2014-02-03T09:57:44Z" username="mat"><tag k="OBJCOD" v="MORFAC"/>
            
        </node>
</create><create><node lat="6481401" lon="-398927" timestamp="2014-02-03T09:41:42Z" username="mat"><tag k="OBJCOD" v="MORFAC"/>
            
        </node>
</create><create><node lat="6481441" lon="-402383" timestamp="2014-02-03T09:59:18Z" username="mat"><tag k="OBJCOD" v="MORFAC"/>
            
        </node>
</create><create><node lat="6481496" lon="-398882" timestamp="2014-02-03T09:42:38Z" username="mat"><tag k="OBJCOD" v="MORFAC"/>
            
        </node>
</create><create><node lat="6481609" lon="-398528" timestamp="2013-06-11T18:57:53Z" username="smudgeSmith"><tag k="OBJCOD" v="psgiio"/><tag k="catser" v="131"/><tag k="zipcde" v="TQ5 0EH"/><tag k="websit" v="Www. Mdlmarinas.co.uk"/><tag k="telnum" v="01803 845445"/><tag k="strnam" v="Galmpton Creek Galmpton"/><tag k="citynm" v="Me Brixham"/><tag k="OBJNAM" v="Dartside Quay"/><tag k="INFORM" v="Trot mornings up to 7m"/>
            
            
            
            
            
            
            
            
            
        </node>
</create><create><node lat="6481613" lon="-399084" timestamp="2014-02-03T09:44:31Z" username="mat"><tag k="OBJCOD" v="MORFAC"/>
            
        </node>
</create><create><node lat="6481619" lon="-402651" timestamp="2014-02-03T10:00:02Z" username="mat"><tag k="OBJCOD" v="MORFAC"/>
            
        </node>
</create><create><node lat="6481634" lon="-400882" timestamp="2014-09-18T18:09:17Z" username="Mizzenstaysail"><tag k="OBJCOD" v="gennav"/><tag k="OBJNAM" v="Anchor spot"/>
            
            
        </node>
</create><modify><node lat="6481694" lon="-402240" timestamp="2013-12-04T16:28:24Z" username="mat"><tag k="OBJCOD" v="BOYLAT"/><tag k="OBJNAM" v="&quot;Pighole No1&quot;"/><tag k="INFORM" v=" "/>
            
            
            
        </node>
</modify><create><node lat="6481711" lon="-400490" timestamp="2013-12-05T07:52:50Z" username="mat"><tag k="OBJCOD" v="BOYSPP"/><tag k="INFORM" v="Speed limits 6 knots"/><tag k="COLOUR" v="6"/><tag k="BOYSHP" v="5"/>
            
            
            
            
        </node>
</create><create><node lat="6481750" lon="-398367" timestamp="2013-06-11T18:54:43Z" username="smudgeSmith"><tag k="OBJCOD" v="psgiio"/><tag k="catser" v="2"/><tag k="zipcde" v="TQ5 0EH"/><tag k="websit" v="Www.mdlmarinas.co.uk"/><tag k="telnum" v="01803 845445"/><tag k="strnam" v="Galmpton Creek"/><tag k="citynm" v="Nr Brixham"/><tag k="OBJNAM" v="Dartside Quay"/><tag k="INFORM" v="65t &amp; 16t hoists . Boat storage, 28 on site tenants."/>
            
            
            
            
            
            
            
            
            
        
            
            
        </node>
</create><create><node lat="6481752" lon="-399187" timestamp="2014-02-03T09:45:26Z" username="mat"><tag k="OBJCOD" v="MORFAC"/>
            
        </node>
</create><create><node lat="6481753" lon="-398369" timestamp="2013-06-11T18:45:13Z" username="smudgeSmith"><tag k="OBJCOD" v="CRANES"/><tag k="OBJNAM" v="Dartside Quay"/><tag k="INFORM" v="65 tonne boat hoist call 01803 845445"/><tag k="CATCRN" v="4"/>
            
            
            
            
        </node>
</create><create><node lat="6481785" lon="-398106" timestamp="2013-06-11T18:44:24Z" username="smudgeSmith"><tag k="OBJCOD" v="SLCONS"/><tag k="OBJNAM" v="Dartside Quay"/><tag k="INFORM" v="65t and 16t boat hoists call. 01803 845445"/><tag k="CATSLC" v="12"/>
            
            
            
            
        </node>
</create><create><node lat="6481801" lon="-399346" timestamp="2014-02-03T09:46:15Z" username="mat"><tag k="OBJCOD" v="MORFAC"/>
            
        </node>
</create><create><node lat="6481810" lon="-402756" timestamp="2014-02-03T10:02:15Z" username="mat"><tag k="OBJCOD" v="MORFAC"/>
            
        </node>
</create><create><node lat="6481862" lon="-399159" timestamp="2013-12-10T10:16:41Z" username="mat"><tag k="OBJCOD" v="gennav"/><tag k="OBJNAM" v="Boat House"/>
            
            
        </node>
</create><create><node lat="6481940" lon="-402754" timestamp="2015-05-23T16:17:01Z" username="Notso"><tag k="OBJCOD" v="ACHBRT"/><tag k="OBJNAM" v="anchorage"/><tag k="INFORM" v=" "/></node>
</create><create><node lat="6481949" lon="-399632" timestamp="2014-02-03T09:47:36Z" username="mat"><tag k="OBJCOD" v="MORFAC"/>
            
        </node>
</create><create><node lat="6481995" lon="-408030" timestamp="2013-12-10T10:21:37Z" average_rating="3.0" rating_count="1" reviews_count="1" username="mat"><tag k="OBJCOD" v="psgiio"/><tag k="catser" v="24"/><tag k="zipcde" v="TQ9 7EQ"/><tag k="websit" v="www.tuckenhay.com"/><tag k="telnum" v="+4401803732350"/><tag k="strnam" v=" "/><tag k="citynm" v="Tuckenhay"/><tag k="OBJNAM" v="The Maltsters Arms"/><tag k="INFORM" v=" "/>
            
            
        
            
            
            
            
            
            
            
            
            
        
            
            
            
            
            
            
            
            
            
        
            
            
            
            
            
            
            
            
            
        
            
            
            
            
            
            
            
            
            
        </node>
</create><create><node lat="6482006" lon="-407862" timestamp="2013-12-05T08:29:01Z" username="mat"><tag k="OBJCOD" v="SLCONS"/><tag k="CATSLC" v="12"/>
            
            
        </node>
</create><create><node lat="6482026" lon="-407775" timestamp="2013-12-05T10:19:15Z" username="mat"><tag k="OBJCOD" v="MORFAC"/>
            
        </node>
</create><create><node lat="6482061" lon="-400552" timestamp="2013-12-10T10:17:17Z" username="mat"><tag k="OBJCOD" v="gennav"/><tag k="OBJNAM" v="Sandridge Boat House"/>
            
            
        </node>
</create><create><node lat="6482074" lon="-402337" timestamp="2014-02-03T10:04:18Z" username="mat"><tag k="OBJCOD" v="MORFAC"/>
            
        </node>
</create><delete><node lat="6482115" lon="-407486" timestamp="2013-12-05T08:24:26Z" username="mat"><tag k="OBJCOD" v="BCNLAT"/>
            
        </node>
</delete><delete><node lat="6482115" lon="-407150" timestamp="2013-12-05T08:23:07Z" username="mat"><tag k="OBJCOD" v="BCNLAT"/>
            
        </node>
</delete><delete><node lat="6482115" lon="-406966" timestamp="2013-12-05T08:22:46Z" username="mat"><tag k="OBJCOD" v="BCNLAT"/>
            
        </node>
</delete><delete><node lat="6482158" lon="-407339" timestamp="2013-12-05T08:23:24Z" username="mat"><tag k="OBJCOD" v="BCNLAT"/>
            
        </node>
</delete><create><node lat="6482164" lon="-407328" timestamp="2015-07-31T10:35:38Z" username="macnadoodle"><tag k="OBJCOD" v="BOYLAT"/><tag k="OBJNAM" v="Mac"/><tag k="INFORM" v="Port hand mark out of position July 2015. Channel now slightly further south."/><tag k="COLOUR" v="3"/><tag k="BOYSHP" v="1"/></node>
</create><create><node lat="6482176" lon="-402415" timestamp="2014-02-03T10:05:59Z" username="mat"><tag k="OBJCOD" v="MORFAC"/>
            
        </node>
</create><delete><node lat="6482257" lon="-406866" timestamp="2013-12-05T08:19:45Z" username="mat"><tag k="OBJCOD" v="BCNLAT"/>
            
        </node>
</delete><delete><node lat="6482269" lon="-406343" timestamp="2013-12-05T08:17:53Z" username="mat"><tag k="OBJCOD" v="BCNLAT"/>
            
        </node>
</delete><create><node lat="6482285" lon="-406867" timestamp="2013-12-05T08:22:11Z" username="mat"><tag k="OBJCOD" v="BOYLAT"/><tag k="OBJNAM" v=" "/><tag k="INFORM" v="Cylindrical shape"/><tag k="COLOUR" v="3"/><tag k="BOYSHP" v="1"/>
            
            
            
        
            
            
            
        
            
            
        </node>
</create><create><node lat="6482298" lon="-406314" timestamp="2013-12-05T08:18:53Z" username="mat"><tag k="OBJCOD" v="BOYLAT"/><tag k="OBJNAM" v=" "/><tag k="INFORM" v="Conical shape"/><tag k="COLOUR" v="4"/><tag k="BOYSHP" v="2"/>
            
            
            
        
            
            
            
        </node>
</create><create><node lat="6482353" lon="-402560" timestamp="2014-02-03T10:06:40Z" username="mat"><tag k="OBJCOD" v="MORFAC"/>
            
        </node>
</create><modify><node lat="6482385" lon="-402836" timestamp="2013-12-04T15:51:54Z" username="mat"><tag k="OBJCOD" v="BOYLAT"/><tag k="OBJNAM" v="&quot;Long Stream No1&quot;"/><tag k="INFORM" v=" "/>
            
            
            
        </node>
</modify><create><node lat="6482418" lon="-404121" timestamp="2013-12-04T14:44:49Z" username="mat"><tag k="OBJCOD" v="UWTROC"/><tag k="WATLEV" v="2"/><tag k="DUNITS" v="1"/>
            
            
            
        </node>
</create><create><node lat="6482444" lon="-404147" timestamp="2013-12-04T14:46:04Z" username="mat"><tag k="OBJCOD" v="UWTROC"/><tag k="WATLEV" v="4"/><tag k="DUNITS" v="1"/>
            
            
            
        </node>
</create><create><node lat="6482448" lon="-404178" timestamp="2013-12-04T14:45:45Z" username="mat"><tag k="OBJCOD" v="UWTROC"/><tag k="WATLEV" v="4"/><tag k="DUNITS" v="1"/>
            
            
            
        </node>
</create><create><node lat="6482483" lon="-402766" timestamp="2014-02-03T10:07:16Z" username="mat"><tag k="OBJCOD" v="MORFAC"/>
            
        </node>
</create><create><node lat="6482579" lon="-403040" timestamp="2014-02-03T10:08:25Z" username="mat"><tag k="OBJCOD" v="MORFAC"/>
            
        </node>
</create><create><node lat="6482601" lon="-404489" timestamp="2013-12-04T14:44:17Z" username="mat"><tag k="OBJCOD" v="UWTROC"/><tag k="WATLEV" v="4"/><tag k="DUNITS" v="1"/>
            
            
            
        </node>
</create><create><node lat="6482614" lon="-404501" timestamp="2013-12-04T14:44:02Z" username="mat"><tag k="OBJCOD" v="UWTROC"/><tag k="WATLEV" v="4"/><tag k="DUNITS" v="1"/>
            
            
            
        </node>
</create><create><node lat="6482623" lon="-404361" timestamp="2011-08-06T09:27:07Z" username="unknown"><tag k="OBJCOD" v="gennav"/><tag k="OBJNAM" v="Anchor spot"/>
            
            
        </node>
</create><modify><node lat="6482643" lon="-405469" timestamp="2013-12-05T08:46:48Z" username="mat"><tag k="OBJCOD" v="BOYLAT"/><tag k="OBJNAM" v=" "/><tag k="INFORM" v="Cylindrical Topmark"/>
            
            
            
        </node>
</modify><delete><node lat="6482652" lon="-402784" timestamp="2013-12-04T14:59:53Z" username="mat"><tag k="OBJCOD" v="BCNSPP"/>
            
        </node>
</delete><create><node lat="6482678" lon="-403365" timestamp="2014-05-03T09:32:42Z" username="Much O'Bilged"><tag k="OBJCOD" v="psgiio"/><tag k="catser" v="133"/><tag k="websit" v="http://www.sgba.org.uk"/><tag k="OBJNAM" v="Stoke Gabriel Boating Assn."/><tag k="INFORM" v="A very friendly members' club and RYA approved sailing centre."/>
            
            
            
            
            
        </node>
</create><create><node lat="6482706" lon="-404585" timestamp="2011-08-06T09:25:42Z" username="unknown"><tag k="OBJCOD" v="gennav"/><tag k="OBJNAM" v="Anchor spot"/>
            
            
        </node>
</create><create><node lat="6482805" lon="-403351" timestamp="2014-05-03T09:26:53Z" username="Much O'Bilged"><tag k="OBJCOD" v="SLCONS"/><tag k="OBJNAM" v="SGBA dinghy ramp"/><tag k="INFORM" v="Tidal access +/- 1.5 hrs LW. Dinghies only. No vehicles permitted. Winch available to SGBA members."/><tag k="CATSLC" v="12"/>
            
            
            
            
        </node>
</create><create><node lat="6482863" lon="-404812" timestamp="2013-05-11T20:17:40Z" username="jimseng"><tag k="OBJCOD" v="ACHBRT"/><tag k="OBJNAM" v="Bow creek"/><tag k="INFORM" v="Anchorage at Bow Creek"/>
            
            
            
        </node>
</create><create><node lat="6482872" lon="-391406" timestamp="2013-12-10T08:38:49Z" username="mat" average_rating="3.0" rating_count="1" reviews_count="1"><tag k="OBJCOD" v="psgiio"/><tag k="catser" v="3"/><tag k="zipcde" v="TQ5 8QP"/><tag k="websit" v="www.baysidemarine.co.uk"/><tag k="telnum" v="+44 1803 856771"/><tag k="strnam" v="Higher Furzeham Road"/><tag k="citynm" v="Brixham"/><tag k="OBJNAM" v="Bayside Marine"/><tag k="INFORM" v="info@baysidemarine.co.uk"/>
            
            
            
            
            
            
            
            
            
        
            
            
        
            
            
        </node>
</create><modify><node lat="6483049" lon="-404738" timestamp="2013-12-05T10:51:53Z" username="mat"><tag k="OBJCOD" v="BOYLAT"/><tag k="OBJNAM" v="&quot; Langham Wood 'No 3&quot;"/><tag k="INFORM" v="No mooring here"/>
            
            
            
        
            
            
        
            
            
        </node>
</modify></bound>