<?xml version="1.0" encoding="UTF-8"?><bound box="4201937,-332667,4221419,-313098"><create><node lat="4203445" lon="-328464" timestamp="2014-10-13T16:36:03Z" username="Mina 60"><tag k="OBJCOD" v="hotspt"/><tag k="catspt" v="1"/><tag k="OBJNAM" v="610141a"/><tag k="DUNITS" v="1"/>
            
            
            
            
        </node>
</create><create><node lat="4204668" lon="-316368" timestamp="2011-06-06T07:57:26Z" username="unknown"><tag k="OBJCOD" v="hotspt"/><tag k="catspt" v="1"/><tag k="OBJNAM" v="Barco pesca"/><tag k="INFORM" v="Barco pesca fondeado"/><tag k="DUNITS" v="1"/>
            
            
            
            
            
        </node>
</create><create><node lat="4205595" lon="-317680" timestamp="2011-06-06T07:58:04Z" username="unknown"><tag k="OBJCOD" v="hotspt"/><tag k="catspt" v="1"/><tag k="OBJNAM" v="Barco pesca"/><tag k="INFORM" v="Barco pesca fondeado"/><tag k="DUNITS" v="1"/>
            
            
            
            
            
        </node>
</create><modify><node lat="4207640" lon="-323519" timestamp="2014-07-04T21:36:52Z" username="Pioly"><tag k="OBJCOD" v="SOUNDG"/><tag k="VALSOU" v="Escalón 100m"/><tag k="DUNITS" v="1"/>
            
            
            
        </node>
</modify><create><node lat="4219378" lon="-316421" timestamp="2013-03-04T11:26:23Z" username="unknown"><tag k="OBJCOD" v="hotspt"/><tag k="catspt" v="1"/><tag k="VALSOU" v="200"/><tag k="OBJNAM" v="pesca"/><tag k="INFORM" v="202 metros"/><tag k="DUNITS" v="1"/>
            
            
            
            
            
            
        </node>
</create></bound>