<?xml version="1.0" encoding="UTF-8"?><bound box="5995481,-352235,6014989,-332667"><create><node lat="5995860" lon="-335914" timestamp="2014-09-06T06:07:34Z" username="pimmie"><tag k="OBJCOD" v="BOYSPP"/><tag k="OBJNAM" v="Wind"/><tag k="COLOUR" v="6"/><tag k="BOYSHP" v="5"/>
            
            
            
            
        </node>
</create><modify><node lat="5995914" lon="-344201" timestamp="2012-02-19T18:10:33Z" username="toubab"><tag k="OBJCOD" v="WRECKS"/><tag k="OBJNAM" v="LE BUGALET"/><tag k="INFORM" v="Chaland&#10;Lg 60m&#10;Larg 12m"/><tag k="DUNITS" v="1"/>
            
            
            
            
        </node>
</modify><modify><node lat="5996059" lon="-344112" timestamp="2012-09-20T17:38:44Z" username="antoine bompard"><tag k="OBJCOD" v="BOYISD"/>
            
        </node>
</modify><create><node lat="5998432" lon="-334227" timestamp="2014-05-09T21:00:49Z" username="Rhum &amp; Eau"><tag k="OBJCOD" v="BOYSPP"/><tag k="OBJNAM" v="Bateau comité tdbi"/><tag k="COLOUR" v="6"/><tag k="BOYSHP" v="5"/>
            
            
            
            
        </node>
</create><create><node lat="5998436" lon="-335890" timestamp="2015-11-01T08:20:29Z" username="cricri44"><tag k="OBJCOD" v="MORFAC"/></node>
</create><modify><node lat="5998825" lon="-345208" timestamp="2015-08-16T17:27:30Z" username="JKAY"><tag k="OBJCOD" v="BCNISD"/><tag k="OBJNAM" v="men erwé"/><tag k="INFORM" v=" "/></node>
</modify><modify><node lat="5999223" lon="-338348" timestamp="2015-08-22T11:09:07Z" username="ngetti"><tag k="OBJCOD" v="BOYSPP"/><tag k="OBJNAM" v="&quot;B&quot; ou 8"/><tag k="INFORM" v=" "/></node>
</modify><create><node lat="5999449" lon="-351299" timestamp="2015-09-03T17:58:06Z" username="El commandor"><tag k="OBJCOD" v="UWTROC"/><tag k="WATLEV" v="4"/><tag k="VALSOU" v=" "/><tag k="OBJNAM" v="la Élizabeth'Swan"/><tag k="INFORM" v=" "/><tag k="DUNITS" v="1"/></node>
</create><create><node lat="5999553" lon="-351452" timestamp="2015-09-03T17:57:17Z" username="El commandor"><tag k="OBJCOD" v="UWTROC"/><tag k="WATLEV" v="4"/><tag k="VALSOU" v=" "/><tag k="OBJNAM" v="le Turner"/><tag k="INFORM" v=" "/><tag k="DUNITS" v="1"/></node>
</create><delete><node lat="5999864" lon="-332784" timestamp="2015-05-26T19:36:23Z" username="vapillon"><tag k="OBJCOD" v="BOYCAR"/></node>
</delete><create><node lat="5999864" lon="-332778" timestamp="2015-05-26T19:37:05Z" username="vapillon"><tag k="OBJCOD" v="BOYCAR"/><tag k="abrchr" v="YBY"/><tag k="OBJNAM" v="ROCHE REVISION"/><tag k="COLPAT" v="1"/><tag k="COLOUR" v="6;2;6"/><tag k="CATCAM" v="4"/><tag k="BOYSHP" v="5"/><slave><tag k="OBJCOD" v="TOPMAR"/><tag k="abrchr" v="YBY"/><tag k="COLOUR" v="2"/><tag k="TOPSHP" v="10"/></slave></node>
</create><create><node lat="6000403" lon="-352105" timestamp="2015-09-03T17:54:42Z" username="El commandor"><tag k="OBJCOD" v="UWTROC"/><tag k="WATLEV" v="4"/><tag k="VALSOU" v=" "/><tag k="OBJNAM" v="la Davy'Jones"/><tag k="INFORM" v=" "/><tag k="DUNITS" v="1"/></node>
</create><delete><node lat="6002043" lon="-332671" timestamp="2013-01-07T07:54:58Z" username="chtibreton"><tag k="OBJCOD" v="SBDARE"/><tag k="NATSUR" v="9"/><tag k="INFORM" v="Rocky seabed - Fonds rocheux"/>
            
            
            
        </node>
</delete><create><node lat="6002095" lon="-351996" timestamp="2011-09-29T17:42:44Z" username="wiglif"><tag k="OBJCOD" v="ACHBRT"/><tag k="OBJNAM" v="Lee"/>
            
            
        </node>
</create><modify><node lat="6002177" lon="-335368" timestamp="2015-08-28T09:01:38Z" username="olivier5378"><tag k="OBJCOD" v="BOYLAT"/></node>
</modify><create><node lat="6002179" lon="-335370" timestamp="2015-07-30T21:06:58Z" username="esperausses"><tag k="OBJCOD" v="BOYLAT"/><tag k="abrchr" v="R FL R 2.5S"/><tag k="OBJNAM" v="PETIT TREHO"/><tag k="MARSYS" v="1"/><tag k="COLOUR" v="3"/><tag k="CATLAM" v="1"/><tag k="BOYSHP" v="4"/><slave><tag k="OBJCOD" v="LIGHTS"/><tag k="SIGPER" v="2.50"/><tag k="abrchr" v="R FL R 2.5S"/><tag k="COLOUR" v="3"/><tag k="LITCHR" v="2"/></slave><slave><tag k="OBJCOD" v="TOPMAR"/><tag k="abrchr" v="R FL R 2.5S"/><tag k="COLOUR" v="3"/><tag k="TOPSHP" v="5"/></slave></node>
</create><create><node lat="6003060" lon="-338488" timestamp="2014-08-11T16:33:19Z" username="pimmie"><tag k="OBJCOD" v="BOYSPP"/><tag k="OBJNAM" v="Leeward Mark"/><tag k="COLOUR" v="6"/><tag k="BOYSHP" v="5"/>
            
            
            
            
        </node>
</create><create><node lat="6003064" lon="-338678" timestamp="2014-08-11T16:31:57Z" username="pimmie"><tag k="OBJCOD" v="BOYSPP"/><tag k="OBJNAM" v="Windward Mark"/><tag k="COLOUR" v="6"/><tag k="BOYSHP" v="5"/>
            
            
            
            
        </node>
</create><modify><node lat="6003343" lon="-339383" timestamp="2011-03-13T09:10:45Z" username="unknown"><tag k="OBJCOD" v="BCNSPP"/><tag k="OBJNAM" v="Karreg Beaumer"/>
            
            
        
            
            
        
            
            
        </node>
</modify><create><node lat="6003395" lon="-338569" timestamp="2014-08-02T15:13:28Z" username="ymld-gmail"><tag k="OBJCOD" v="UWTROC"/><tag k="WATLEV" v="4"/><tag k="VALSOU" v=" "/><tag k="OBJNAM" v=" "/><tag k="INFORM" v=" "/><tag k="DUNITS" v="1"/>
            
            
            
            
            
            
        </node>
</create><create><node lat="6003583" lon="-338929" timestamp="2014-08-02T15:13:11Z" username="ymld-gmail"><tag k="OBJCOD" v="UWTROC"/><tag k="WATLEV" v="4"/><tag k="VALSOU" v=" "/><tag k="OBJNAM" v=" "/><tag k="INFORM" v=" "/><tag k="DUNITS" v="1"/>
            
            
            
            
            
            
        </node>
</create><create><node lat="6003679" lon="-338640" timestamp="2014-08-02T15:13:52Z" username="ymld-gmail"><tag k="OBJCOD" v="UWTROC"/><tag k="WATLEV" v="4"/><tag k="VALSOU" v=" "/><tag k="OBJNAM" v=" "/><tag k="INFORM" v=" "/><tag k="DUNITS" v="1"/>
            
            
            
            
            
            
        </node>
</create><delete><node lat="6003683" lon="-335274" timestamp="2015-07-17T13:14:12Z" username="Gautier Jacques"><tag k="OBJCOD" v="SOUNDG"/></node>
</delete><delete><node lat="6003760" lon="-335754" timestamp="2013-03-31T12:30:54Z" username="unknown"><tag k="OBJCOD" v="UWTROC"/>
            
        </node>
</delete><create><node lat="6003806" lon="-334266" timestamp="2013-02-13T12:22:32Z" username="efqt83"><tag k="OBJCOD" v="gennav"/><tag k="OBJNAM" v="St. Philibert"/><tag k="INFORM" v="Ok forcés avancées"/>
            
            
            
        </node>
</create><create><node lat="6003847" lon="-343013" timestamp="2015-05-08T19:08:15Z" username="captngui"><tag k="OBJCOD" v="BOYSPP"/><tag k="OBJNAM" v="bateau comite TDBI 2015"/><tag k="COLOUR" v="6"/><tag k="BOYSHP" v="5"/></node>
</create><create><node lat="6003899" lon="-342764" timestamp="2010-12-27T09:28:48Z"><tag k="OBJCOD" v="psgiio"/><tag k="catser" v="81"/><tag k="zipcde" v="56341"/><tag k="websit" v="http://www.yccarnac.com/"/><tag k="telnum" v="02 97 52 10 98"/><tag k="strnam" v="Yacht Club Carnac  Port En Dro"/><tag k="citynm" v="CARNAC BP30"/><tag k="OBJNAM" v="Avycc"/><tag k="INFORM" v="Cale embarquement Avycc"/>
            
            
            
            
            
            
            
            
            
        </node>
</create><create><node lat="6004010" lon="-338551" timestamp="2014-08-02T15:12:57Z" username="ymld-gmail"><tag k="OBJCOD" v="UWTROC"/><tag k="WATLEV" v="4"/><tag k="VALSOU" v=" "/><tag k="OBJNAM" v=" "/><tag k="INFORM" v=" "/><tag k="DUNITS" v="1"/>
            
            
            
            
            
            
        </node>
</create><create><node lat="6004163" lon="-339788" timestamp="2014-08-02T15:04:45Z" username="ymld-gmail"><tag k="OBJCOD" v="UWTROC"/><tag k="WATLEV" v="4"/><tag k="VALSOU" v=" "/><tag k="OBJNAM" v=" "/><tag k="INFORM" v=" "/><tag k="DUNITS" v="1"/>
            
            
            
            
            
            
        </node>
</create><create><node lat="6004190" lon="-339565" timestamp="2014-08-02T15:02:42Z" username="ymld-gmail"><tag k="OBJCOD" v="UWTROC"/><tag k="WATLEV" v="4"/><tag k="VALSOU" v=" "/><tag k="OBJNAM" v=" "/><tag k="INFORM" v=" "/><tag k="DUNITS" v="1"/>
            
            
            
            
            
            
        </node>
</create><create><node lat="6004211" lon="-339620" timestamp="2014-08-02T15:02:04Z" username="ymld-gmail"><tag k="OBJCOD" v="UWTROC"/><tag k="WATLEV" v="4"/><tag k="VALSOU" v=" "/><tag k="OBJNAM" v=" "/><tag k="INFORM" v=" "/><tag k="DUNITS" v="1"/>
            
            
            
            
            
            
        </node>
</create><create><node lat="6004241" lon="-339548" timestamp="2014-08-02T15:02:22Z" username="ymld-gmail"><tag k="OBJCOD" v="UWTROC"/><tag k="WATLEV" v="4"/><tag k="VALSOU" v=" "/><tag k="OBJNAM" v=" "/><tag k="INFORM" v=" "/><tag k="DUNITS" v="1"/>
            
            
            
            
            
            
        </node>
</create><create><node lat="6004294" lon="-339597" timestamp="2014-08-02T15:01:44Z" username="ymld-gmail"><tag k="OBJCOD" v="UWTROC"/><tag k="WATLEV" v="4"/><tag k="VALSOU" v=" "/><tag k="OBJNAM" v=" "/><tag k="INFORM" v=" "/><tag k="DUNITS" v="1"/>
            
            
            
            
            
            
        </node>
</create><create><node lat="6004294" lon="-333927" timestamp="2013-02-13T12:21:37Z" username="efqt83"><tag k="OBJCOD" v="gennav"/><tag k="OBJNAM" v="Pointe St. Philibert"/><tag k="INFORM" v="Ok pour forces avancées"/>
            
            
            
        </node>
</create><modify><node lat="6004345" lon="-335827" timestamp="2013-09-26T08:28:07Z" username="jjlr"><tag k="OBJCOD" v="BCNSPP"/>
            
        </node>
</modify><create><node lat="6004347" lon="-339778" timestamp="2014-08-02T14:59:52Z" username="ymld-gmail"><tag k="OBJCOD" v="UWTROC"/><tag k="WATLEV" v="4"/><tag k="VALSOU" v=" "/><tag k="OBJNAM" v="Fonds rocheux"/><tag k="INFORM" v=" "/><tag k="DUNITS" v="1"/>
            
            
            
            
            
            
        </node>
</create><create><node lat="6004403" lon="-339806" timestamp="2014-08-02T15:01:04Z" username="ymld-gmail"><tag k="OBJCOD" v="UWTROC"/><tag k="WATLEV" v="4"/><tag k="VALSOU" v=" "/><tag k="OBJNAM" v=" "/><tag k="INFORM" v=" "/><tag k="DUNITS" v="1"/>
            
            
            
            
            
            
        </node>
</create><create><node lat="6004449" lon="-339835" timestamp="2014-08-02T15:00:44Z" username="ymld-gmail"><tag k="OBJCOD" v="UWTROC"/><tag k="WATLEV" v="4"/><tag k="VALSOU" v=" "/><tag k="OBJNAM" v=" "/><tag k="INFORM" v=" "/><tag k="DUNITS" v="1"/>
            
            
            
            
            
            
        </node>
</create><create><node lat="6004496" lon="-338885" timestamp="2014-08-02T15:06:32Z" username="ymld-gmail"><tag k="OBJCOD" v="UWTROC"/><tag k="WATLEV" v="4"/><tag k="VALSOU" v=" "/><tag k="OBJNAM" v=" "/><tag k="INFORM" v=" "/><tag k="DUNITS" v="1"/>
            
            
            
            
            
            
        </node>
</create><create><node lat="6004567" lon="-339890" timestamp="2014-08-02T15:03:21Z" username="ymld-gmail"><tag k="OBJCOD" v="UWTROC"/><tag k="WATLEV" v="4"/><tag k="VALSOU" v=" "/><tag k="OBJNAM" v=" "/><tag k="INFORM" v=" "/><tag k="DUNITS" v="1"/>
            
            
            
            
            
            
        </node>
</create><modify><node lat="6004649" lon="-334835" timestamp="2011-03-12T09:58:11Z" username="unknown"><tag k="OBJCOD" v="LIGHTS"/><tag k="COLOUR" v="1"/><tag k="OBJNAM" v="Kernevest"/>
            
            
            
        </node>
</modify><create><node lat="6004795" lon="-339119" timestamp="2014-08-02T15:06:18Z" username="ymld-gmail"><tag k="OBJCOD" v="UWTROC"/><tag k="WATLEV" v="4"/><tag k="VALSOU" v=" "/><tag k="OBJNAM" v=" "/><tag k="INFORM" v=" "/><tag k="DUNITS" v="1"/>
            
            
            
            
            
            
        </node>
</create><create><node lat="6005694" lon="-338555" timestamp="2012-02-29T07:00:41Z" username="unknown"><tag k="OBJCOD" v="WRECKS"/><tag k="OBJNAM" v="lucas"/><tag k="DUNITS" v="1"/><tag k="CATWRK" v="1"/>
            
            
            
            
        </node>
</create><create><node lat="6005746" lon="-337467" timestamp="2014-08-22T07:00:14Z" username="Nazane"><tag k="OBJCOD" v="SLCONS"/><tag k="OBJNAM" v="Port Duen"/><tag k="INFORM" v="cale de saint philibert &#10;horaire ete pour carte 10h-17h"/><tag k="CATSLC" v="12"/>
            
            
            
            
        </node>
</create><modify><node lat="6006330" lon="-337109" username="Bilzig" timestamp="2012-09-05T23:25:47Z" average_rating="4.0" rating_count="1" reviews_count="1"><tag k="OBJCOD" v="psgiio"/><tag k="catser" v="23"/>
            
            
        
            
            
        
            
            
        </node>
</modify><create><node lat="6006351" lon="-337277" timestamp="2014-05-30T07:47:20Z" username="youbss"><tag k="OBJCOD" v="ACHBRT"/>
            
        </node>
</create><create><node lat="6006395" lon="-336879" timestamp="2015-05-01T12:53:16Z" username="徐京坤cook"><tag k="OBJCOD" v="BOYSPP"/><tag k="OBJNAM" v="终点线"/><tag k="COLOUR" v="6"/><tag k="BOYSHP" v="5"/><slave><tag k="OBJCOD" v="FOGSIG"/></slave><slave><tag k="OBJCOD" v="LIGHTS"/><tag k="COLOUR" v="12"/></slave></node>
</create><delete><node lat="6006451" lon="-335787" timestamp="2012-05-11T00:56:13Z" username="Jabiru"><tag k="OBJCOD" v="LIGHTS"/><tag k="COLOUR" v="12"/><tag k="OBJNAM" v="Feu postérieur éteint"/><tag k="INFORM" v="Feu définitivement éteint depuis début 2012"/>
            
            
            
            
        </node>
</delete><create><node lat="6006577" lon="-336984" timestamp="2010-12-30T09:40:21Z"><tag k="OBJCOD" v="SBDARE"/><tag k="NATSUR" v="9"/>
            
            
        </node>
</create><modify><node lat="6006721" lon="-336979" username="Bilzig" timestamp="2012-09-05T23:13:02Z" average_rating="4.0" rating_count="1" reviews_count="1"><tag k="OBJCOD" v="psgiio"/><tag k="catser" v="3"/>
            
            
        
            
            
        
            
            
        </node>
</modify><modify><node lat="6006769" lon="-336663" timestamp="2014-06-03T04:14:08Z" username="Angelino"><tag k="OBJCOD" v="BOYSPP"/><tag k="OBJNAM" v=" "/><tag k="INFORM" v=" "/>
            
            
            
            <slave>
                <tag k="OBJCOD" v="FOGSIG"/>
            </slave>
            <slave>
                <tag k="OBJCOD" v="LIGHTS"/>
                <tag k="COLOUR" v="12"/>
            </slave>
        </node>
</modify><create><node lat="6006787" lon="-336971" timestamp="2010-12-09T10:45:25Z" username="unknown"><tag k="OBJCOD" v="psgiio"/><tag k="catser" v="24"/><tag k="zipcde" v="56470"/><tag k="telnum" v="+33 2 97 30 12 83"/><tag k="strnam" v="9 Cours Quais"/><tag k="citynm" v="Trinite sur Mer"/><tag k="OBJNAM" v="Le Rond"/>
            
            
            
            
            
            
            
        
            
            
            
        </node>
</create><modify><node lat="6006815" lon="-336979" username="grano" timestamp="2014-07-10T21:43:52Z" average_rating="4.5" rating_count="2" reviews_count="2"><tag k="OBJCOD" v="psgiio"/><tag k="catser" v="23"/>
            
            
        
            
            
        
            
            
        
            
            
        
            
            
        </node>
</modify><create><node lat="6006864" lon="-336984" timestamp="2013-10-03T11:15:59Z" username="locmou"><tag k="OBJCOD" v="psgiio"/><tag k="catser" v="23"/><tag k="zipcde" v=" "/><tag k="websit" v=" "/><tag k="telnum" v=" "/><tag k="strnam" v=" "/><tag k="citynm" v=" "/><tag k="OBJNAM" v="maison chevillard"/><tag k="INFORM" v=" "/>
            
            
            
            
            
            
            
            
            
        </node>
</create><modify><node lat="6006869" lon="-337092" timestamp="2010-10-07T02:55:34Z"><tag k="OBJCOD" v="psgiio"/><tag k="catser" v="23"/><tag k="strnam" v="16 Rue Frères Kermorvant"/><tag k="citynm" v="Trinité Sur Mer"/><tag k="OBJNAM" v="Crêperie Du Bourg"/>
            
            
            
            
            
        </node>
</modify><modify><node lat="6006951" lon="-337024" timestamp="2014-08-19T17:00:29Z" username="flubbs"><tag k="OBJCOD" v="psgiio"/><tag k="catser" v="23"/><tag k="citynm" v="La Trinit&#xE9;-Sur-Mer"/>
            
            
            
        </node>
</modify><create><node lat="6007145" lon="-336668" timestamp="2015-07-23T00:00:00Z" username="ADAC"><tag k="OBJCOD" v="SMACRA"/><tag k="OBJNAM" v="Port de La Trinité-sur-Mer"/><tag k="ofsety" v="10"/><tag k="ofsetx" v="10"/><tag k="CATSMC" v="1"/><tag k="WEBSIT" v="http://www.marinafuehrer.adac.de/haefen/port-de-la-trinit-sur-mer/"/></node>
</create><delete><node lat="6007187" lon="-337142" username="roncen" timestamp="2014-02-01T10:03:41Z" average_rating="4.0" rating_count="1" reviews_count="1"><tag k="OBJCOD" v="psgiio"/><tag k="catser" v="23"/>
            
            
        
            
            
        
            
            
        
            
            
        
            
            
        </node>
</delete><create><node lat="6007258" lon="-337414" timestamp="2013-10-23T20:01:49Z" username="charles verstraete"><tag k="OBJCOD" v="psgiio"/><tag k="catser" v="126"/><tag k="zipcde" v="56470"/><tag k="websit" v="www.alternative-sailing.com"/><tag k="telnum" v="+33 297781033"/><tag k="strnam" v="9 Route de Carnac"/><tag k="citynm" v="La Trinit&#xE9;-sur-mer"/><tag k="OBJNAM" v="Alternative Sailing"/><tag k="INFORM" v=" "/>
            
            
            
            
            
            
            
            
            
        
            
            
            
            
            
            
            
            
            
        </node>
</create><modify><node lat="6007329" lon="-337308" username="Bilzig" timestamp="2012-09-05T23:16:05Z" average_rating="3.0" rating_count="1" reviews_count="1"><tag k="OBJCOD" v="psgiio"/><tag k="catser" v="23"/>
            
            
        
            
            
        
            
            
        
            
            
        </node>
</modify><modify><node lat="6007416" lon="-336766" timestamp="2014-08-19T16:58:52Z" username="flubbs"><tag k="OBJCOD" v="SMACRA"/><tag k="trnbth" v="12"/><tag k="ofsety" v="-32"/><tag k="ofsetx" v="-697"/><tag k="numvhf" v="9"/><tag k="maxlen" v=" "/><tag k="dckdph" v=" "/><tag k="ZIPCDE" v=" "/><tag k="WEBSIT" v=" "/><tag k="TELNUM" v="+33 297557149"/><tag k="STRNAM" v=" "/><tag k="SRVLST" v="71;28;29;168;36;39;126;74;167;127;49;122;125;47"/><tag k="OBJNAM" v="La Trinite-Sur-Mer"/><tag k="INFORM" v=" "/><tag k="CITYNM" v=" "/><tag k="CATSMC" v="1"/>
            
            
            
            
        
            
            
            
            
            
            
            
            
            
            
            
            
            
            
            
            
        </node>
</modify><create><node lat="6007549" lon="-336922" timestamp="2015-08-11T10:01:43Z" username="ovni"><tag k="OBJCOD" v="psgiio"/><tag k="catser" v="21"/><tag k="catsub" v="3"/><tag k="OBJNAM" v="Fuel pontoon"/></node>
</create><create><node lat="6007635" lon="-337172" timestamp="2015-10-22T20:50:36Z" username="david le hecho"><tag k="OBJCOD" v="psgiio"/><tag k="catser" v="22"/><tag k="zipcde" v="56470"/><tag k="websit" v="www.spi-location.com"/><tag k="telnum" v="0033 2 97 55 81 01"/><tag k="strnam" v="38 cours des quais"/><tag k="citynm" v="la trinit&#xE9; sur mer"/><tag k="OBJNAM" v="spi loc/dream yacht charter"/><tag k="INFORM" v="entretien et r&#xE9;paration de bateaux"/></node>
</create><create><node lat="6007655" lon="-337171" timestamp="2015-10-22T20:49:47Z" username="david le hecho"><tag k="OBJCOD" v="psgiio"/><tag k="catser" v="123"/><tag k="zipcde" v="56470"/><tag k="websit" v="www.spi-location.com"/><tag k="telnum" v="0297558101"/><tag k="strnam" v="38 cours des quais"/><tag k="citynm" v="la trinit&#xE9; sur mer"/><tag k="OBJNAM" v="spi loc/dream yacht charter"/><tag k="INFORM" v="location de voiliers et catamarans"/></node>
</create><create><node lat="6007679" lon="-337285" timestamp="2012-04-22T10:20:12Z" username="jabiru"><tag k="OBJCOD" v="psgiio"/><tag k="catser" v="23"/><tag k="zipcde" v="56470"/><tag k="telnum" v="+33 2 97 55 75 80"/><tag k="strnam" v="6 Rue Kerisper"/><tag k="stanam" v="Bretagne"/><tag k="county" v="Morbihan"/><tag k="citynm" v="Trinité Sur Mer"/><tag k="OBJNAM" v="Crêperie Grill Saint Franois"/><tag k="NATION" v="FR"/>
            
            
            
            
            
            
            
            
            
            
        </node>
</create><create><node lat="6007720" lon="-337241" timestamp="2012-07-06T09:08:58Z" username="MrGreg"><tag k="OBJCOD" v="psgiio"/><tag k="catser" v="23"/><tag k="zipcde" v="56470"/><tag k="telnum" v="+33 2 97 55 75 80"/><tag k="strnam" v="6 Rue Kerisper"/><tag k="stanam" v="Bretagne"/><tag k="county" v="Morbihan"/><tag k="citynm" v="Trinité Sur Mer"/><tag k="OBJNAM" v="Crêperie Grill Saint Franois"/><tag k="NATION" v="FR"/>
            
            
            
            
            
            
            
            
            
            
        </node>
</create><modify><node lat="6007791" lon="-336584" timestamp="2014-07-27T19:21:15Z" username="jfc74"><tag k="OBJCOD" v="psgiio"/><tag k="catser" v="23"/><tag k="zipcde" v="56470"/><tag k="telnum" v="+33 2 97 55 75 80"/><tag k="strnam" v="6 Rue Kerisper"/><tag k="citynm" v="Trinit&#xE9; Sur Mer"/><tag k="OBJNAM" v="Cr&#xEA;perie Grill Saint Franois"/>
            
            
            
            
            
            
            
        </node>
</modify><modify><node lat="6007843" lon="-336960" timestamp="2012-04-22T10:17:24Z" username="jabiru"><tag k="OBJCOD" v="psgiio"/><tag k="catser" v="23"/>
            
            
        </node>
</modify><create><node lat="6007874" lon="-336885" timestamp="2012-05-31T09:59:28Z" username="littlepeyo"><tag k="OBJCOD" v="MORFAC"/><tag k="OBJNAM" v="sainte Marine"/><tag k="INFORM" v="bouee snsm"/>
            
            
            
        </node>
</create><create><node lat="6009508" lon="-333559" timestamp="2013-10-04T15:18:29Z" username="pavero"><tag k="OBJCOD" v="ACHBRT"/><tag k="OBJNAM" v="loc"/><tag k="INFORM" v="parc hu&#xEE;tres"/>
            
            
            
        
            
            
            
        </node>
</create><delete><node lat="6010063" lon="-333281" timestamp="2011-01-20T01:48:56Z"><tag k="OBJCOD" v="psgiio"/><tag k="catser" v="22"/>
            
            
        </node>
</delete></bound>