<?xml version="1.0" encoding="UTF-8"?><bound box="7127397,-371804,7146920,-352235"><create><node lat="7132425" lon="-368885" timestamp="2010-12-07T12:03:15Z"><tag k="OBJCOD" v="gennav"/><tag k="OBJNAM" v="Walney Windfarm"/>
            
            
        </node>
</create><create><node lat="7141171" lon="-354773" timestamp="2015-05-17T13:13:05Z" username="tj121"><tag k="OBJCOD" v="UWTROC"/><tag k="WATLEV" v="3"/><tag k="OBJNAM" v="Rock"/><tag k="DUNITS" v="1"/></node>
</create><create><node lat="7146546" lon="-353138" timestamp="2014-08-07T12:10:32Z" username="jpm209"><tag k="OBJCOD" v="ACHBRT"/><tag k="OBJNAM" v="Bruin"/><tag k="INFORM" v="Pleasant anchorage away from the wash from the wind farm vessels."/>
            
            
            
        </node>
</create></bound>