<?xml version="1.0" encoding="UTF-8"?><bound box="6990743,-332667,7010264,-313098"><create><node lat="7002429" lon="-322011" timestamp="2013-10-30T02:18:38Z" username="Carl_riley"><tag k="OBJCOD" v="psgiio"/><tag k="catser" v="48"/><tag k="zipcde" v=" "/><tag k="websit" v=" "/><tag k="telnum" v=" "/><tag k="strnam" v=" "/><tag k="citynm" v=" "/><tag k="OBJNAM" v="Ellesmere Port Boat Museum"/><tag k="INFORM" v=" "/>
            
            
            
            
            
            
            
            
            
        </node>
</create><create><node lat="7002483" lon="-322047" timestamp="2013-10-30T02:21:40Z" username="Carl_riley"><tag k="OBJCOD" v="psgiio"/><tag k="catser" v="23"/><tag k="zipcde" v=" "/><tag k="websit" v=" "/><tag k="telnum" v=" "/><tag k="strnam" v=" "/><tag k="citynm" v=" "/><tag k="OBJNAM" v="Ellesmere Port"/><tag k="INFORM" v=" "/>
            
            
            
            
            
            
            
            
            
        </node>
</create><create><node lat="7003368" lon="-323132" timestamp="2012-11-20T15:17:11Z" username="Mark Rogers"><tag k="OBJCOD" v="gennav"/><tag k="OBJNAM" v="Ellesmere Port"/><tag k="INFORM" v="Complete  SHITHOLE A TOTAL DUMP"/>
            
            
            
        
            
            
        </node>
</create></bound>