<?xml version="1.0" encoding="UTF-8"?><bound box="4377280,-313098,4396764,-293529"><create><node lat="4382736" lon="-312698" timestamp="2014-01-04T23:06:11Z" username="unknown"><tag k="OBJCOD" v="BOYLAT"/><tag k="COLOUR" v="3"/><tag k="BOYSHP" v="1"/>
            
            
            
        </node>
</create><create><node lat="4382736" lon="-312697" timestamp="2013-12-31T18:21:04Z" username="unknown"><tag k="OBJCOD" v="BOYLAT"/><tag k="OBJNAM" v="punto g"/><tag k="INFORM" v="calamar&#10;&#10;&#10;"/><tag k="COLOUR" v="4;3"/><tag k="BOYSHP" v="2"/>
            
            
            
            
            
            <slave>
                <tag k="OBJCOD" v="FOGSIG"/>
            </slave>
        </node>
</create><create><node lat="4382745" lon="-312713" timestamp="2013-11-10T18:21:21Z" username="unknown"><tag k="OBJCOD" v="BOYLAT"/><tag k="COLOUR" v="3"/><tag k="BOYSHP" v="1"/>
            
            
            
        </node>
</create><create><node lat="4382753" lon="-312721" timestamp="2013-12-15T21:03:20Z" username="unknown"><tag k="OBJCOD" v="BOYISD"/><tag k="OBJNAM" v="piedra"/><tag k="INFORM" v="chalet"/><tag k="COLOUR" v="2;3;2"/><tag k="BOYSHP" v="4"/>
            
            
            
            
            
            <slave>
                <tag k="OBJCOD" v="TOPMAR"/>
                <tag k="TOPSHP" v="4"/>
            </slave>
        </node>
</create><create><node lat="4382755" lon="-312715" timestamp="2013-11-10T18:07:15Z" username="unknown"><tag k="OBJCOD" v="BCNLAT"/><tag k="COLOUR" v="4"/><tag k="BCNSHP" v="5"/>
            
            
            
        </node>
</create><create><node lat="4382757" lon="-312708" timestamp="2013-11-10T18:35:57Z" username="unknown"><tag k="OBJCOD" v="hotspt"/><tag k="catspt" v="1"/><tag k="VALSOU" v="30."/><tag k="OBJNAM" v="caramal"/><tag k="DUNITS" v="1"/>
            
            
            
            
            
        </node>
</create><create><node lat="4382778" lon="-312747" timestamp="2013-11-10T17:31:44Z" username="unknown"><tag k="OBJCOD" v="BOYLAT"/><tag k="OBJNAM" v="cal"/><tag k="COLOUR" v="3;4"/><tag k="BOYSHP" v="1"/>
            
            
            
            
        </node>
</create></bound>