<?xml version="1.0" encoding="UTF-8"?><bound box="6483272,-430510,6502787,-410941"><create><node lat="6485241" lon="-411821" timestamp="2013-08-11T14:52:31Z" username="DamonH"><tag k="OBJCOD" v="psgiio"/><tag k="catser" v="24"/><tag k="citynm" v="Dittisham"/><tag k="OBJNAM" v="The Ferry Boat Inn"/>
            
            
            
            
        </node>
</create><create><node lat="6485538" lon="-426920" timestamp="2011-12-29T20:53:30Z" username="Sharkham"><tag k="OBJCOD" v="psgiio"/><tag k="catser" v="23"/><tag k="zipcde" v="TQ10 9ES"/><tag k="websit" v="http://www.turtleycornmill.ccom"/><tag k="telnum" v="01364 646100"/><tag k="strnam" v="Avonwick"/><tag k="citynm" v="South Brent"/><tag k="OBJNAM" v="Turtley Corn Mill"/><tag k="INFORM" v="Great pub with good food, wine, whiskey and real ales. Open all day. Large grounds with a lake and river ideal for kids and dogs!  Miles from the sea but stop here on your way to your boat!"/>
            
            
            
            
            
            
            
            
            
        </node>
</create></bound>