<?xml version="1.0" encoding="UTF-8"?><bound box="6171067,-313098,6190578,-293529"><create><node lat="6171628" lon="-294969" timestamp="2013-07-02T12:22:16Z" username="camillehudelot"><tag k="OBJCOD" v="FSHFAC"/><tag k="OBJNAM" v=" "/><tag k="INFORM" v=" "/>
            
            
            
        </node>
</create><create><node lat="6171689" lon="-294978" timestamp="2013-07-02T12:23:16Z" username="camillehudelot"><tag k="OBJCOD" v="PYLONS"/><tag k="OBJNAM" v="t"/><tag k="INFORM" v=" "/>
            
            
            
        </node>
</create><create><node lat="6176100" lon="-309842" timestamp="2014-03-10T12:33:49Z" username="SECHELLE3"><tag k="OBJCOD" v="ACHBRT"/>
            
        </node>
</create><create><node lat="6183500" lon="-311047" timestamp="2013-07-21T05:54:10Z" username="didco75"><tag k="OBJCOD" v="ACHBRT"/><tag k="OBJNAM" v="Echouage gros sablon"/>
            
            
        </node>
</create><modify><node lat="6183948" lon="-312555" timestamp="2013-12-29T17:04:42Z" username="huubc"><tag k="OBJCOD" v="BOYCAR"/>
            
        </node>
</modify><create><node lat="6184155" lon="-310018" timestamp="2011-09-29T05:54:42Z" username="unknown"><tag k="OBJCOD" v="ACHBRT"/><tag k="OBJNAM" v="Plage des Alauze"/><tag k="INFORM" v="Banc de sable, id&#xC3;&#xA9;al pour l'echouage a grande maree"/>
            
            
        
            
            
            
        </node>
</create></bound>