<?xml version="1.0" encoding="UTF-8"?><bound box="7029786,-410941,7049308,-391372"><create><node lat="7030342" lon="-404985" timestamp="2014-09-21T01:28:25Z" username="RToffshore"><tag k="OBJCOD" v="PYLONS"/><tag k="OBJNAM" v="gym k04"/><tag k="INFORM" v=" "/>
            
            
            
        </node>
</create><create><node lat="7030629" lon="-404891" timestamp="2014-09-21T02:21:14Z" username="RToffshore"><tag k="OBJCOD" v="PYLONS"/><tag k="OBJNAM" v="gym k04n"/><tag k="INFORM" v=" "/>
            
            
            
        
            
            
            
        </node>
</create><create><node lat="7032661" lon="-407396" timestamp="2014-09-22T00:20:41Z" username="RToffshore"><tag k="OBJCOD" v="PYLONS"/><tag k="OBJNAM" v="GYM H04P"/><tag k="INFORM" v=" "/>
            
            
            
        </node>
</create><create><node lat="7034827" lon="-397458" timestamp="2014-09-21T01:30:08Z" username="RToffshore"><tag k="OBJCOD" v="PYLONS"/><tag k="OBJNAM" v="gym f10h"/><tag k="INFORM" v=" "/>
            
            
            
        </node>
</create><create><node lat="7035820" lon="-403227" timestamp="2014-09-21T01:32:11Z" username="RToffshore"><tag k="OBJCOD" v="PYLONS"/><tag k="OBJNAM" v="gym e06r"/><tag k="INFORM" v=" "/>
            
            
            
        </node>
</create><create><node lat="7035820" lon="-403120" timestamp="2014-09-21T01:31:50Z" username="RToffshore"><tag k="OBJCOD" v="PYLONS"/><tag k="OBJNAM" v="gym e07r"/><tag k="INFORM" v=" "/>
            
            
            
        </node>
</create><create><node lat="7040535" lon="-404595" timestamp="2014-02-26T21:46:37Z" username="dory blue"><tag k="OBJCOD" v="gennav"/><tag k="OBJNAM" v="Dublin"/>
            
            
        </node>
</create></bound>