<?xml version="1.0" encoding="UTF-8"?><bound box="4377280,-469647,4396764,-450078"><create><node lat="4377400" lon="-454270" timestamp="2013-03-18T14:03:33Z" username="unknown"><tag k="OBJCOD" v="BCNSPP"/><tag k="OBJNAM" v="baliza"/><tag k="INFORM" v="recinto bateas"/><tag k="COLOUR" v="2"/><tag k="BCNSHP" v="5"/>
            
            
            
            
            
        </node>
</create><create><node lat="4377782" lon="-456919" timestamp="2015-06-23T17:03:27Z" username="unknown"><tag k="OBJCOD" v="FSHFAC"/><tag k="OBJNAM" v="Deportivo "/></node>
</create><create><node lat="4377787" lon="-456937" timestamp="2015-06-21T21:23:01Z" username="unknown"><tag k="OBJCOD" v="hotspt"/><tag k="catspt" v="1"/><tag k="OBJNAM" v="Besugo"/><tag k="DUNITS" v="1"/></node>
</create><create><node lat="4377985" lon="-454939" timestamp="2012-09-04T12:16:29Z" username="unknown"><tag k="OBJCOD" v="BCNLAT"/><tag k="OBJNAM" v="pedir sardinas"/><tag k="COLOUR" v="4"/><tag k="BCNSHP" v="5"/>
            
            
            
            
        </node>
</create><create><node lat="4378344" lon="-454677" timestamp="2015-05-01T17:59:07Z" username="ALEJANDRO"><tag k="OBJCOD" v="gennav"/><tag k="OBJNAM" v="Abogado. Lawyer"/><tag k="INFORM" v="Alejandro Gabernet. Teléfono y whatsapp 607970565"/></node>
</create><modify><node lat="4378366" lon="-453333" timestamp="2014-05-18T21:19:36Z" username="ecc" average_rating="3.0" rating_count="1" reviews_count="1"><tag k="OBJCOD" v="SMACRA"/><tag k="ofsety" v="306"/><tag k="ofsetx" v="162"/><tag k="CATSMC" v="1"/>
            
            
            
            
        
            
            
            
            
        
            
            
            
            
        </node>
</modify><delete><node lat="4378384" lon="-453320" timestamp="2014-08-28T18:37:20Z" username="franalmon"><tag k="OBJCOD" v="SOUNDG"/>
            
        </node>
</delete><create><node lat="4378391" lon="-452446" timestamp="2011-09-17T07:36:39Z" username="unknown"><tag k="OBJCOD" v="UWTROC"/><tag k="WATLEV" v="2"/><tag k="OBJNAM" v="Piedra"/><tag k="DUNITS" v="1"/>
            
            
            
            
        </node>
</create><create><node lat="4378438" lon="-453144" timestamp="2015-07-23T00:00:00Z" username="ADAC"><tag k="OBJCOD" v="SMACRA"/><tag k="OBJNAM" v="Puerto Deportivo de Caleta de Vélez"/><tag k="ofsety" v="10"/><tag k="ofsetx" v="10"/><tag k="CATSMC" v="1"/><tag k="WEBSIT" v="http://www.marinafuehrer.adac.de/haefen/puerto-deportivo-de-caleta-de-velez/"/></node>
</create><create><node lat="4378507" lon="-453404" timestamp="2013-03-18T14:14:45Z" username="unknown"><tag k="OBJCOD" v="UWTROC"/><tag k="WATLEV" v="4"/><tag k="OBJNAM" v="piedras"/><tag k="DUNITS" v="1"/>
            
            
            
            
        </node>
</create><create><node lat="4378566" lon="-452534" timestamp="2015-05-01T18:02:43Z" username="ALEJANDRO"><tag k="OBJCOD" v="gennav"/><tag k="OBJNAM" v="Abogado. Lawyer Natalia Gabernet"/><tag k="INFORM" v="Telefono &amp;whatsapp 607970565"/></node>
</create><delete><node lat="4378622" lon="-453314" timestamp="2014-11-08T19:44:14Z" username="Capit&#xC3;&#xA1;n Brujita"><tag k="OBJCOD" v="hotspt"/><tag k="catspt" v="2"/><tag k="OBJNAM" v="maikel"/><tag k="DUNITS" v="1"/>
            
            
            
            
        </node>
</delete><create><node lat="4382109" lon="-456581" timestamp="2011-02-09T15:20:09Z"><tag k="OBJCOD" v="FSHFAC"/><tag k="OBJNAM" v="Corviurtas"/><tag k="INFORM" v="28mts"/>
            
            
            
        </node>
</create></bound>