<?xml version="1.0" encoding="UTF-8"?><bound box="4357796,-391372,4377280,-371804"><create><node lat="4366401" lon="-385276" timestamp="2014-11-16T07:12:49Z" username="vigo"><tag k="OBJCOD" v="FSHFAC"/><tag k="OBJNAM" v="kalima"/><tag k="INFORM" v=" "/>
            
            
        
            
            
            
        </node>
</create><create><node lat="4366666" lon="-385271" timestamp="2012-10-20T16:29:58Z" username="unknown"><tag k="OBJCOD" v="UWTROC"/><tag k="WATLEV" v="3"/><tag k="OBJNAM" v="kalima"/><tag k="DUNITS" v="1"/>
            
            
            
            
        </node>
</create><create><node lat="4366781" lon="-384912" timestamp="2012-10-20T23:17:34Z" username="unknown"><tag k="OBJCOD" v="FSHFAC"/><tag k="OBJNAM" v="kilino"/>
            
            
        </node>
</create><modify><node lat="4366785" lon="-385228" timestamp="2014-11-18T21:21:17Z" username="vigo"><tag k="OBJCOD" v="SOUNDG"/><tag k="VALSOU" v="280"/><tag k="DUNITS" v="1"/>
            
            
            
        </node>
</modify><create><node lat="4367942" lon="-385473" timestamp="2014-11-15T16:14:36Z" username="vigo"><tag k="OBJCOD" v="hotspt"/><tag k="catspt" v="1"/><tag k="VALSOU" v=" "/><tag k="OBJNAM" v=" "/><tag k="INFORM" v=" "/><tag k="DUNITS" v="1"/>
            
            
            
            
            
            
        </node>
</create><create><node lat="4367950" lon="-385981" timestamp="2011-09-29T14:22:06Z" username="unknown"><tag k="OBJCOD" v="hotspt"/><tag k="catspt" v="1"/><tag k="VALSOU" v="250"/><tag k="OBJNAM" v="cabo 250 s"/><tag k="INFORM" v="pp no probado"/><tag k="DUNITS" v="1"/>
            
            
            
            
            
            
        </node>
</create><create><node lat="4368449" lon="-385389" timestamp="2013-08-24T23:19:16Z" username="unknown"><tag k="OBJCOD" v="hotspt"/><tag k="catspt" v="1"/><tag k="VALSOU" v="150"/><tag k="OBJNAM" v="cabo 150 ee"/><tag k="INFORM" v="pp no probado&#10;"/><tag k="DUNITS" v="1"/>
            
            
            
            
            
            
        
            
            
            
            
            
        </node>
</create><create><node lat="4368800" lon="-386765" timestamp="2012-02-16T18:49:58Z" average_rating="0" rating_count="0" reviews_count="0" username="unknown"><tag k="OBJCOD" v="hotspt"/><tag k="catspt" v="1"/><tag k="VALSOU" v="120"/><tag k="OBJNAM" v="cabo 120 w"/><tag k="INFORM" v="pp no probado"/><tag k="DUNITS" v="1"/>
            
            
            
            
            
            
        </node>
</create><create><node lat="4369324" lon="-385307" timestamp="2013-08-24T23:20:08Z" username="unknown"><tag k="OBJCOD" v="hotspt"/><tag k="catspt" v="1"/><tag k="VALSOU" v="30"/><tag k="OBJNAM" v="Pesca"/><tag k="INFORM" v="Punto 1 Sacratif"/><tag k="DUNITS" v="1"/>
            
            
            
            
            
            
        
            
            
            
            
            
        </node>
</create><create><node lat="4369373" lon="-385110" timestamp="2012-09-21T22:12:24Z" username="unknown"><tag k="OBJCOD" v="hotspt"/><tag k="catspt" v="1"/><tag k="VALSOU" v="45"/><tag k="OBJNAM" v="sacratif 1"/><tag k="INFORM" v="buenas caballas y jureles al jiggin"/><tag k="DUNITS" v="1"/>
            
            
            
            
            
            
        </node>
</create><create><node lat="4369540" lon="-375765" timestamp="2013-10-14T11:41:43Z" username="unknown"><tag k="OBJCOD" v="FSHFAC"/><tag k="OBJNAM" v="bezugos "/><tag k="INFORM" v="por delante de las cuevas"/>
            
            
            
        </node>
</create><modify><node lat="4369952" lon="-385207" timestamp="2014-11-15T16:12:27Z" username="vigo"><tag k="OBJCOD" v="SOUNDG"/><tag k="VALSOU" v="73.90"/><tag k="DUNITS" v="1"/>
            
            
            
        </node>
</modify><modify><node lat="4370947" lon="-385959" timestamp="2013-04-15T21:40:48Z" username="yuyu"><tag k="OBJCOD" v="SMACRA"/><tag k="ofsety" v="216"/><tag k="ofsetx" v="-288"/><tag k="CATSMC" v="1"/>
            
            
            
            
        </node>
</modify><delete><node lat="4371008" lon="-383277" timestamp="2014-12-30T10:03:31Z" username="vigo"><tag k="OBJCOD" v="SOUNDG"/>
            
        </node>
</delete><delete><node lat="4371221" lon="-389577" timestamp="2013-03-29T18:26:53Z" username="joagala"><tag k="OBJCOD" v="BOYSPP"/>
            
        </node>
</delete><delete><node lat="4371231" lon="-389495" timestamp="2015-01-16T11:46:14Z" username="martinmore"><tag k="OBJCOD" v="BOYSPP"/></node>
</delete><delete><node lat="4371829" lon="-379277" timestamp="2013-05-02T09:26:27Z" username="unknown"><tag k="OBJCOD" v="BOYSPP"/>
            
        </node>
</delete><create><node lat="4372123" lon="-379929" timestamp="2014-08-09T21:11:48Z" username="Dez_German"><tag k="OBJCOD" v="psgiio"/><tag k="catser" v="131"/><tag k="OBJNAM" v="Calahonda"/>
            
            
            
        </node>
</create><modify><node lat="4372183" lon="-379892" timestamp="2015-02-16T19:32:55Z" username="Sallyanne20"><tag k="OBJCOD" v="SMACRA"/><tag k="ofsety" v="36"/><tag k="ofsetx" v="-432"/><tag k="CATSMC" v="1"/></node>
</modify><create><node lat="4372334" lon="-379811" timestamp="2012-09-16T17:33:16Z" username="unknown"><tag k="OBJCOD" v="psgiio"/><tag k="catser" v="131"/><tag k="OBJNAM" v="Amarres del Compadre"/>
            
            
            
        </node>
</create><create><node lat="4372999" lon="-377346" timestamp="2013-07-07T12:25:33Z" username="unknown"><tag k="OBJCOD" v="UWTROC"/><tag k="WATLEV" v="5"/><tag k="VERDAT" v="4"/>
            
            
            
        </node>
</create><create><node lat="4373073" lon="-390491" timestamp="2015-10-30T16:32:19Z" username="Richard Freeborn"><tag k="OBJCOD" v="BOYLAT"/><tag k="OBJNAM" v=" "/><tag k="INFORM" v=" "/><tag k="COLOUR" v="4"/><tag k="BOYSHP" v="2"/><slave><tag k="OBJCOD" v="LIGHTS"/><tag k="COLOUR" v="4"/></slave></node>
</create><create><node lat="4373074" lon="-390509" timestamp="2015-10-30T16:33:32Z" username="paulkerr"><tag k="OBJCOD" v="BOYLAT"/><tag k="COLOUR" v="4"/><tag k="BOYSHP" v="2"/></node>
</create><delete><node lat="4373077" lon="-377249" timestamp="2013-07-07T12:25:54Z" username="unknown"><tag k="OBJCOD" v="UWTROC"/>
            
        </node>
</delete><create><node lat="4373100" lon="-377485" timestamp="2015-10-03T13:47:10Z" username="Y2K" average_rating="1" reviews_count="1" rating_count="1"><tag k="OBJCOD" v="ACHBRT"/><tag k="OBJNAM" v="La Rijana"/></node>
</create><create><node lat="4373110" lon="-377442" timestamp="2012-02-18T20:54:10Z" username="unknown"><tag k="OBJCOD" v="ACHBRT"/><tag k="OBJNAM" v="cala rijana&#10;"/>
            
            
        </node>
</create><modify><node lat="4373278" lon="-390139" timestamp="2014-11-15T16:01:06Z" username="vigo"><tag k="OBJCOD" v="SOUNDG"/><tag k="VALSOU" v=" "/><tag k="DUNITS" v="1"/>
            
            
            
        </node>
</modify><create><node lat="4373527" lon="-390867" timestamp="2011-05-25T05:25:05Z" username="unknown"><tag k="OBJCOD" v="BCNSPP"/><tag k="OBJNAM" v="boya este"/><tag k="INFORM" v="11 metros sonda"/><tag k="COLOUR" v="2"/><tag k="BCNSHP" v="5"/>
            
            
            
            
            
        
            
            
            
        
            
            
            
        </node>
</create><create><node lat="4373728" lon="-374006" timestamp="2014-07-07T14:54:26Z" username="Sinead"><tag k="OBJCOD" v="gennav"/>
            
        </node>
</create><create><node lat="4373811" lon="-391033" timestamp="2011-05-25T05:24:20Z" username="unknown"><tag k="OBJCOD" v="BCNSPP"/><tag k="OBJNAM" v="boya w"/><tag k="INFORM" v="10 metros sonda"/><tag k="COLOUR" v="2"/><tag k="BCNSHP" v="5"/>
            
            
            
            
            
        </node>
</create><create><node lat="4373839" lon="-372685" timestamp="2013-10-31T18:59:42Z" username="unknown"><tag k="OBJCOD" v="FSHFAC"/><tag k="OBJNAM" v="cartel de ferro pargos "/>
            
            
        
            
            
        </node>
</create><create><node lat="4373903" lon="-390733" timestamp="2015-10-30T11:24:43Z" username="paulkerr"><tag k="OBJCOD" v="OBSTRN"/><tag k="VALSOU" v="Less than 1.5 metres"/><tag k="OBJNAM" v="Paul Kerr"/><tag k="INFORM" v="Although the chart says 8 metres it is not the case as we ran aground and holed the keel which is only 1.5 metres deep!! So beware"/><tag k="DUNITS" v="1"/></node>
</create><create><node lat="4373958" lon="-374497" timestamp="2011-07-25T12:25:33Z" username="unknown"><tag k="OBJCOD" v="ACHBRT"/><tag k="OBJNAM" v="fond Castel de Ferro"/>
            
            
        </node>
</create><delete><node lat="4374065" lon="-374513" timestamp="2013-04-15T21:35:01Z" username="yuyu"><tag k="OBJCOD" v="SMACRA"/><tag k="ofsety" v="36"/><tag k="ofsetx" v="-324"/><tag k="CATSMC" v="1"/>
            
            
            
            
        </node>
</delete><delete><node lat="4374148" lon="-391308" timestamp="2011-09-06T11:52:55Z" username="unknown"><tag k="OBJCOD" v="LIGHTS"/><tag k="COLOUR" v="4"/><tag k="INFORM" v="p Motril"/>
            
            
            
        </node>
</delete><create><node lat="4374356" lon="-374247" timestamp="2015-07-05T19:38:07Z" username="minnanna"><tag k="OBJCOD" v="ACHBRT"/><tag k="OBJNAM" v="Punto del juntos"/><tag k="INFORM" v="Hyvä ankkurointialue länsituulilta suojassa. Ankkurointi 5 metriin hiekkapohjaan."/></node>
</create><create><node lat="4375321" lon="-373099" timestamp="2013-10-31T19:06:03Z" username="unknown"><tag k="OBJCOD" v="psgiio"/><tag k="catser" v="25"/><tag k="OBJNAM" v="becas castel seÃ±as de edu "/>
            
            
            
        </node>
</create></bound>