<?xml version="1.0" encoding="UTF-8"?><bound box="6912660,-469647,6932181,-450078"><create><node lat="6927234" lon="-463838" timestamp="2015-04-26T13:20:31Z" username="lyndon"><tag k="OBJCOD" v="BOYLAT"/><tag k="OBJNAM" v="3"/><tag k="COLOUR" v="4"/><tag k="BOYSHP" v="2"/></node>
</create><create><node lat="6927240" lon="-464489" timestamp="2015-04-26T13:18:22Z" username="lyndon"><tag k="OBJCOD" v="BOYLAT"/><tag k="OBJNAM" v="2"/><tag k="COLOUR" v="3"/><tag k="BOYSHP" v="1"/></node>
</create><modify><node lat="6927382" lon="-466021" timestamp="2015-02-18T20:57:04Z" username="Cerwen"><tag k="OBJCOD" v="BOYSAW"/></node>
</modify><create><node lat="6927397" lon="-465878" timestamp="2015-07-17T19:42:21Z" username="Wal666"><tag k="OBJCOD" v="hotspt"/><tag k="catspt" v="1"/><tag k="VALSOU" v=" "/><tag k="OBJNAM" v="Fishing spot"/><tag k="INFORM" v="As used by local fishing trips"/><tag k="DUNITS" v="1"/></node>
</create><create><node lat="6927473" lon="-463033" timestamp="2015-10-03T11:13:30Z" username="lyndon"><tag k="OBJCOD" v="BOYLAT"/><tag k="OBJNAM" v="4"/><tag k="COLOUR" v="3"/><tag k="BOYSHP" v="1"/></node>
</create><create><node lat="6927500" lon="-465884" timestamp="2012-04-05T07:37:59Z" average_rating="0" rating_count="0" reviews_count="0" username="lyndon"><tag k="OBJCOD" v="BOYSAW"/><tag k="COLOUR" v="3;1"/><tag k="BOYSHP" v="4"/>
            
            
            
        </node>
</create><create><node lat="6927508" lon="-465185" timestamp="2013-06-09T08:25:08Z" username="lyndon"><tag k="OBJCOD" v="BOYLAT"/><tag k="OBJNAM" v="1"/><tag k="COLOUR" v="4"/><tag k="BOYSHP" v="2"/>
            
            
            
            
        </node>
</create><create><node lat="6928117" lon="-462986" timestamp="2015-10-03T11:11:18Z" username="lyndon"><tag k="OBJCOD" v="BOYLAT"/><tag k="OBJNAM" v="5"/><tag k="COLOUR" v="4"/><tag k="BOYSHP" v="2"/></node>
</create><create><node lat="6928832" lon="-463031" timestamp="2015-10-03T11:08:45Z" username="lyndon"><tag k="OBJCOD" v="BOYLAT"/><tag k="OBJNAM" v="6"/><tag k="COLOUR" v="3"/><tag k="BOYSHP" v="1"/></node>
</create><create><node lat="6929777" lon="-462690" timestamp="2015-10-03T11:04:52Z" username="lyndon"><tag k="OBJCOD" v="BOYLAT"/><tag k="OBJNAM" v="7"/><tag k="COLOUR" v="4"/><tag k="BOYSHP" v="2"/></node>
</create><create><node lat="6930579" lon="-461969" timestamp="2015-10-03T10:59:59Z" username="lyndon"><tag k="OBJCOD" v="BOYLAT"/><tag k="OBJNAM" v="8"/><tag k="COLOUR" v="3"/><tag k="BOYSHP" v="1"/></node>
</create><create><node lat="6930906" lon="-462097" timestamp="2015-10-03T10:58:40Z" username="lyndon"><tag k="OBJCOD" v="BOYLAT"/><tag k="OBJNAM" v="9"/><tag k="COLOUR" v="4"/><tag k="BOYSHP" v="2"/></node>
</create><create><node lat="6931578" lon="-462005" timestamp="2015-10-03T10:56:05Z" username="lyndon"><tag k="OBJCOD" v="BOYLAT"/><tag k="OBJNAM" v="10"/><tag k="COLOUR" v="3"/><tag k="BOYSHP" v="1"/></node>
</create><create><node lat="6932034" lon="-461975" timestamp="2015-10-03T10:54:29Z" username="lyndon"><tag k="OBJCOD" v="BOYLAT"/><tag k="OBJNAM" v="11"/><tag k="COLOUR" v="4"/><tag k="BOYSHP" v="2"/></node>
</create></bound>