<?xml version="1.0" encoding="UTF-8"?><bound box="4825491,-410941,4844982,-391372"><create><node lat="4841455" lon="-403307" timestamp="2012-03-01T22:29:47Z" average_rating="0" rating_count="0" reviews_count="0" username="juancarlos"><tag k="OBJCOD" v="psgiio"/><tag k="catser" v="21"/>
            
            
        </node>
</create><create><node lat="4841533" lon="-402931" timestamp="2013-02-22T19:41:20Z" username="itaca2"><tag k="OBJCOD" v="psgiio"/><tag k="catser" v="24"/>
            
            
        </node>
</create><create><node lat="4843515" lon="-399683" timestamp="2013-12-01T13:23:39Z" username="seangels"><tag k="OBJCOD" v="WRECKS"/><tag k="VALSOU" v="Indeterminada"/><tag k="OBJNAM" v="Campano"/><tag k="INFORM" v="Zona muy peligrosa"/><tag k="DUNITS" v="1"/><tag k="CATWRK" v="2"/>
            
            
            
            
            
            
        </node>
</create><create><node lat="4844073" lon="-402455" timestamp="2011-12-01T22:19:54Z" username="juancarlos"><tag k="OBJCOD" v="rutmrk"/><tag k="catmrk" v="1"/>
            
            
        </node>
</create></bound>