<?xml version="1.0" encoding="UTF-8"?><bound box="7947546,-410941,7967077,-391372"><create><node lat="7955016" lon="-405845" timestamp="2015-08-30T08:16:43Z" username="SAINTJAMES"><tag k="OBJCOD" v="BOYISD"/><tag k="OBJNAM" v="Helmsdale Marina entrance"/><tag k="INFORM" v="Unmarked rock shols"/><tag k="COLOUR" v="2;3;2"/><tag k="BOYSHP" v="4"/><slave><tag k="OBJCOD" v="TOPMAR"/><tag k="TOPSHP" v="4"/></slave></node>
</create><create><node lat="7955260" lon="-406107" timestamp="2015-09-21T16:32:00Z" username="Jamie N"><tag k="OBJCOD" v="gennav"/><tag k="OBJNAM" v="Helmsdale harbour."/><tag k="INFORM" v="A good place. The pontoon has only a metre depth at MLWS, plus the bar at the entrance had a similar depth. Best left for a couple of hours either side of low tides. A couple of very good pubs, and good cafes/eating places. Harbour people are local fisherman, who are very helpful. No fuel in the village though...."/></node>
</create></bound>