<?xml version="1.0" encoding="UTF-8"?><bound box="7517898,-391372,7537425,-371804"><create><node lat="7521249" lon="-376838" timestamp="2015-09-16T14:39:49Z" username="I_Believe"><tag k="OBJCOD" v="CGUSTA"/><tag k="OBJNAM" v="South Queensferry Coastguard"/><tag k="INFORM" v="South Queensferry Coastguard Rescue Station"/></node>
</create><delete><node lat="7521273" lon="-377605" timestamp="2015-08-08T15:41:23Z" username="Bilgediver"><tag k="OBJCOD" v="BCNSPP"/><tag k="abrchr" v="Y BN"/><tag k="OBJNAM" v="Outfall harbour.  Used as inner marker AMCC 2015"/><tag k="INFORM" v=" "/><tag k="COLOUR" v="6"/><tag k="CATSPM" v="39"/><tag k="BCNSHP" v="5"/></node>
</delete><create><node lat="7521316" lon="-377590" timestamp="2015-08-16T19:36:51Z" username="Bilgediver"><tag k="OBJCOD" v="BCNSPP"/><tag k="abrchr" v="Y BN"/><tag k="OBJNAM" v="Inner marker AMCC 2015"/><tag k="INFORM" v="Buoy only in position on race days."/><tag k="COLOUR" v="6"/><tag k="CATSPM" v="39"/><tag k="BCNSHP" v="5"/><slave><tag k="OBJCOD" v="TOPMAR"/><tag k="abrchr" v="Y BN"/><tag k="COLOUR" v="6"/><tag k="TOPSHP" v="5"/></slave></node>
</create><create><node lat="7521372" lon="-377608" timestamp="2015-08-16T19:34:17Z" username="Bilgediver"><tag k="OBJCOD" v="BOYSPP"/><tag k="OBJNAM" v="AMCC. Mid"/><tag k="INFORM" v="Buoy on!y in position on race days."/><tag k="COLOUR" v="6"/><tag k="BOYSHP" v="5"/></node>
</create><delete><node lat="7521409" lon="-377887" timestamp="2015-08-08T07:53:39Z" username="Bilgediver"><tag k="OBJCOD" v="BCNSPP"/><tag k="OBJNAM" v="Outfall harbour.  Used as inner marker AMCC 2015"/><tag k="INFORM" v=" "/></node>
</delete><create><node lat="7521421" lon="-377050" timestamp="2015-08-08T15:39:22Z" username="Bilgediver"><tag k="OBJCOD" v="BOYSPP"/><tag k="OBJNAM" v="QRC No 7  AMCC 2015"/><tag k="INFORM" v="Buoy only in position on race days"/><tag k="COLOUR" v="6"/><tag k="BOYSHP" v="5"/></node>
</create><delete><node lat="7521426" lon="-377219" timestamp="2015-08-08T08:57:43Z" username="Bilgediver"><tag k="OBJCOD" v="BOYSPP"/><tag k="OBJNAM" v="QRC No 7  AMCC 2015"/><tag k="INFORM" v="Buoy only in position on race days"/><tag k="COLOUR" v="6"/><tag k="BOYSHP" v="5"/></node>
</delete><delete><node lat="7521430" lon="-377634" timestamp="2015-08-08T15:43:51Z" username="Bilgediver"><tag k="OBJCOD" v="BOYSPP"/><tag k="OBJNAM" v="AMCC. Mid"/><tag k="INFORM" v=" "/><tag k="COLOUR" v="6"/><tag k="BOYSHP" v="5"/></node>
</delete><create><node lat="7521431" lon="-377628" timestamp="2015-08-08T19:28:37Z" username="Bilgediver"><tag k="OBJCOD" v="BOYSPP"/><tag k="OBJNAM" v="QRC.  Start Outer"/><tag k="INFORM" v="Buoy only in position on race days"/><tag k="COLOUR" v="6"/><tag k="BOYSHP" v="5"/></node>
</create><create><node lat="7521432" lon="-378090" timestamp="2015-09-12T23:52:23Z" username="vivacity"><tag k="OBJCOD" v="SMACRA"/><tag k="trnbth" v="No see information"/><tag k="ofsety" v="0"/><tag k="ofsetx" v="0"/><tag k="numvhf" v="Forth Coast Guard Ch67, Forth Radio ch24, Forth Pilots Ch71"/><tag k="maxlen" v=" "/><tag k="dckdph" v=" "/><tag k="ZIPCDE" v="EH30 9PP"/><tag k="WEBSIT" v="www.Queensferryboatclub.org.uk"/><tag k="TELNUM" v=" "/><tag k="STRNAM" v="Old Post Office Close, High Street"/><tag k="OBJNAM" v="Queensferry Harbour (owner Edinburgh Council) management Queensferry Boat Club"/><tag k="INFORM" v="Associated membership £25.00"/><tag k="CITYNM" v="South Queensferry"/><tag k="CATSMC" v="1"/></node>
</create><create><node lat="7521469" lon="-376967" timestamp="2015-08-08T15:16:56Z" username="Bilgediver"><tag k="OBJCOD" v="gennav"/><tag k="OBJNAM" v="Gap"/><tag k="INFORM" v=" "/></node>
</create><delete><node lat="7521480" lon="-377655" timestamp="2015-08-08T15:47:51Z" username="Bilgediver"><tag k="OBJCOD" v="BOYSPP"/><tag k="OBJNAM" v="QRC.  Start Outer"/><tag k="INFORM" v="Buoy only in position on race days"/><tag k="COLOUR" v="6"/><tag k="BOYSHP" v="5"/></node>
</delete><create><node lat="7521566" lon="-377102" timestamp="2015-08-08T19:04:27Z" username="Bilgediver"><tag k="OBJCOD" v="BOYSPP"/><tag k="OBJNAM" v="QRC No 6.   AMCC. 2015"/><tag k="INFORM" v="Yellow finger buoy only in place on race day"/><tag k="COLOUR" v="6"/><tag k="BOYSHP" v="5"/></node>
</create><create><node lat="7521571" lon="-379181" timestamp="2014-09-03T13:25:52Z" username="Bilgediver"><tag k="OBJCOD" v="BCNSPP"/><tag k="OBJNAM" v="Start transit boat in car park."/><tag k="INFORM" v="Use yacht on trailer."/><tag k="COLOUR" v="2"/><tag k="BCNSHP" v="5"/>
            
            
            
            
            
        
            
            
            
        
            
            
            
        </node>
</create><delete><node lat="7521583" lon="-377131" timestamp="2015-08-08T19:14:51Z" username="Bilgediver"><tag k="OBJCOD" v="BOYSPP"/><tag k="OBJNAM" v="QRC No 6.   AMCC. 2015"/><tag k="INFORM" v="Yellow finger buoy only in place on race day"/><tag k="COLOUR" v="6"/><tag k="BOYSHP" v="5"/></node>
</delete><delete><node lat="7521623" lon="-377251" timestamp="2015-08-08T08:59:44Z" username="Bilgediver"><tag k="OBJCOD" v="BOYSPP"/><tag k="OBJNAM" v="QRC No 6.   AMCC. 2015"/><tag k="INFORM" v="Yellow finger buoy only in place on race day"/><tag k="COLOUR" v="6"/><tag k="BOYSHP" v="5"/></node>
</delete><delete><node lat="7521632" lon="-377680" timestamp="2015-08-08T18:52:30Z" username="Bilgediver"><tag k="OBJCOD" v="BOYSPP"/><tag k="OBJNAM" v="QRC.  Start Outer"/><tag k="INFORM" v="Buoy only in position on race days"/><tag k="COLOUR" v="6"/><tag k="BOYSHP" v="5"/></node>
</delete><modify><node lat="7521643" lon="-378314" timestamp="2014-09-03T14:06:29Z" username="Bilgediver"><tag k="OBJCOD" v="BCNSPP"/><tag k="OBJNAM" v="Outfall Binks"/><tag k="INFORM" v=" "/>
            
            
            
        
            
            
            
        </node>
</modify><create><node lat="7521676" lon="-379395" timestamp="2012-02-14T16:03:45Z" username="Blue V."><tag k="OBJCOD" v="psgiio"/><tag k="catser" v="125"/><tag k="zipcde" v="EH30 9SQ"/><tag k="websit" v="http://www.bluev.co.uk"/><tag k="telnum" v="0131 331 4546"/><tag k="strnam" v="Port Edgar"/><tag k="citynm" v="South Queensferry"/><tag k="OBJNAM" v="Blue V."/><tag k="INFORM" v="Marine Electronics &amp; Navionics Dealer"/>
            
            
            
            
            
            
            
            
            
        
            
            
            
        </node>
</create><create><node lat="7521680" lon="-379377" timestamp="2015-07-04T21:10:22Z" username="andrew.c.greer" average_rating="5.0" reviews_count="1" rating_count="1"><tag k="OBJCOD" v="psgiio"/><tag k="catser" v="3"/><tag k="zipcde" v="EH30 9SQ"/><tag k="websit" v="www.bosuns.co.uk"/><tag k="telnum" v="0131 331 3875"/><tag k="strnam" v="Port Edgar Marina, Shore Road"/><tag k="citynm" v="South Queensferry"/><tag k="OBJNAM" v="Bosuns Locker"/><tag k="INFORM" v="Opening Times - Tue-Friday: 0930 - 1730&#10;Sat-Mon: 1000 - 1700"/></node>
</create><create><node lat="7521759" lon="-379392" timestamp="2014-09-03T12:25:06Z" username="Bilgediver"><tag k="OBJCOD" v="psgiio"/><tag k="catser" v="81"/><tag k="zipcde" v=" "/><tag k="websit" v=" "/><tag k="telnum" v=" "/><tag k="strnam" v=" "/><tag k="numvhf" v="CH. Marina 1"/><tag k="citynm" v=" "/><tag k="OBJNAM" v="Queensferry Rowing Club"/><tag k="INFORM" v=" "/>
            
            
            
            
            
            
            
            
            
            
        </node>
</create><create><node lat="7521772" lon="-379146" timestamp="2014-09-03T13:27:25Z" username="Bilgediver"><tag k="OBJCOD" v="BCNSPP"/><tag k="OBJNAM" v="Start Transit board red triangle on white on fence."/><tag k="INFORM" v="On regatta days only."/><tag k="COLOUR" v="2"/><tag k="BCNSHP" v="5"/>
            
            
            
            
            
        
            
            
            
        </node>
</create><modify><node lat="7521793" lon="-377886" timestamp="2014-09-08T15:27:53Z" username="Bilgediver"><tag k="OBJCOD" v="MORFAC"/><tag k="OBJNAM" v="QRC.   North South Race Low Tide"/><tag k="INFORM" v="Only on station for event."/>
            
            
            
        </node>
</modify><create><node lat="7521795" lon="-378077" timestamp="2014-09-01T13:32:54Z" username="Bilgediver"><tag k="OBJCOD" v="BOYSPP"/><tag k="OBJNAM" v="QRC    longer course. No 5"/><tag k="INFORM" v="Only on station for regattas."/><tag k="COLOUR" v="6"/><tag k="BOYSHP" v="5"/>
            
            
            
            
            
        
            
            
            
        </node>
</create><create><node lat="7521827" lon="-378392" timestamp="2014-05-20T16:39:53Z" username="Bilgediver"><tag k="OBJCOD" v="BOYSPP"/><tag k="OBJNAM" v="QRC 3"/><tag k="INFORM" v="QRC turning buoy.Only in place on race days."/><tag k="COLOUR" v="6"/><tag k="BOYSHP" v="5"/>
            
            
            
            
            
        
            
            
            
        
            
            
            
        </node>
</create><create><node lat="7521892" lon="-379088" timestamp="2014-05-20T16:42:25Z" username="Bilgediver"><tag k="OBJCOD" v="BOYLAT"/><tag k="OBJNAM" v="QRC 4"/><tag k="INFORM" v="QRC short course finish. Only in place on race days. Conical or Round."/><tag k="COLOUR" v="3"/><tag k="BOYSHP" v="1"/>
            
            
            
            
            
        
            
            
            
        
            
            
            
        </node>
</create><create><node lat="7522006" lon="-379704" timestamp="2012-04-07T19:30:01Z" username="Cherry Ripe"><tag k="OBJCOD" v="gennav"/><tag k="OBJNAM" v="Cherry Ripe"/>
            
            
        </node>
</create><create><node lat="7522044" lon="-379794" timestamp="2012-03-12T17:11:44Z" username="Morgan Le Fay"><tag k="OBJCOD" v="gennav"/><tag k="OBJNAM" v="Morgan Le Fay"/><tag k="INFORM" v="Westerly Merlin"/>
            
            
            
        </node>
</create><create><node lat="7522081" lon="-378134" timestamp="2014-10-20T19:40:26Z" username="Bilgediver"><tag k="OBJCOD" v="BOYLAT"/><tag k="OBJNAM" v="Asterisk on orange used by Guthrie for training and daytime mooring during courses."/><tag k="INFORM" v=" "/><tag k="COLOUR" v="3"/><tag k="BOYSHP" v="1"/>
            
            
            
            
            
        
            
            
            
        
            
            
            
        </node>
</create><create><node lat="7522094" lon="-379796" timestamp="2014-09-03T12:31:47Z" username="Bilgediver"><tag k="OBJCOD" v="gennav"/><tag k="OBJNAM" v="Scott's Mist"/><tag k="INFORM" v="Marcon Tomahawk 25"/>
            
            
            
        </node>
</create><create><node lat="7522115" lon="-379756" timestamp="2014-02-15T22:05:44Z" username="unknown"><tag k="OBJCOD" v="gennav"/><tag k="OBJNAM" v="Camino C20"/><tag k="INFORM" v="Europa TS240"/>
            
            
        
            
            
            
        
            
            
            
        </node>
</create><create><node lat="7522139" lon="-379754" timestamp="2013-07-10T20:48:53Z" username="kennyid2"><tag k="OBJCOD" v="gennav"/><tag k="OBJNAM" v="Rusty"/><tag k="INFORM" v="Snapdragon 21"/>
            
            
            
        </node>
</create><create><node lat="7522179" lon="-380056" timestamp="2015-10-19T09:17:55Z" username="andrew.c.greer"><tag k="OBJCOD" v="psgiio"/><tag k="catser" v="53"/><tag k="zipcde" v="EH30 9SQ"/><tag k="websit" v="www.portedgarmarina.co.uk"/><tag k="telnum" v="01313313330"/><tag k="strnam" v="Port Edgar Marina, Shore Road"/><tag k="numvhf" v="80"/><tag k="citynm" v="South Queensferry"/><tag k="OBJNAM" v="Port Edgar Marina Harbour Master"/><tag k="INFORM" v=" "/></node>
</create><create><node lat="7522179" lon="-378090" timestamp="2014-09-03T13:12:15Z" username="Bilgediver"><tag k="OBJCOD" v="BOYSPP"/><tag k="OBJNAM" v="QRC.  longer course.No 4"/><tag k="INFORM" v="Only on station for regattas."/><tag k="COLOUR" v="6"/><tag k="BOYSHP" v="5"/>
            
            
            
            
            
        </node>
</create><delete><node lat="7522285" lon="-379756" timestamp="2015-10-19T09:16:44Z" username="andrew.c.greer"><tag k="OBJCOD" v="LIGHTS"/><tag k="COLOUR" v="3"/></node>
</delete><create><node lat="7522295" lon="-378363" timestamp="2014-09-01T13:33:48Z" username="Bilgediver"><tag k="OBJCOD" v="BOYSPP"/><tag k="OBJNAM" v="QRC  No 2"/><tag k="INFORM" v="Turning buoy. Only in place on race days."/><tag k="COLOUR" v="6"/><tag k="BOYSHP" v="5"/>
            
            
            
            
            
        
            
            
            
        </node>
</create><create><node lat="7522386" lon="-379072" timestamp="2014-05-20T16:37:28Z" username="Bilgediver"><tag k="OBJCOD" v="BOYSPP"/><tag k="OBJNAM" v="QRC Start"/><tag k="INFORM" v="Only in place on race days."/><tag k="COLOUR" v="6"/><tag k="BOYSHP" v="5"/>
            
            
            
            
            
        
            
            
            
        </node>
</create><create><node lat="7522406" lon="-376126" timestamp="2012-04-26T14:52:04Z" username="Yesnaby"><tag k="OBJCOD" v="gennav"/><tag k="OBJNAM" v="PEYC L"/>
            
            
        </node>
</create><create><node lat="7522439" lon="-378389" timestamp="2012-04-26T14:50:12Z" username="Yesnaby"><tag k="OBJCOD" v="gennav"/><tag k="OBJNAM" v="PEYC Q"/>
            
            
        </node>
</create><modify><node lat="7522664" lon="-379737" timestamp="2013-06-29T05:31:43Z" username="Calviere2"><tag k="OBJCOD" v="SMACRA"/><tag k="ofsety" v="52"/><tag k="ofsetx" v="-517"/><tag k="CATSMC" v="1"/>
            
            
            
            
        </node>
</modify><modify><node lat="7522669" lon="-379745" timestamp="2015-09-12T23:42:12Z" username="vivacity"><tag k="OBJCOD" v="SMACRA"/><tag k="trnbth" v=" "/><tag k="ofsety" v="52"/><tag k="ofsetx" v="-517"/><tag k="numvhf" v="80"/><tag k="maxlen" v=" "/><tag k="dckdph" v=" "/><tag k="ZIPCDE" v=" "/><tag k="WEBSIT" v="www.Edinburghleisure.co.uk"/><tag k="TELNUM" v="01313313330"/><tag k="STRNAM" v=" "/><tag k="SRVLST" v="28;47"/><tag k="OBJNAM" v="Port Edgar"/><tag k="INFORM" v="Showers and laundry also available"/><tag k="CITYNM" v=" "/><tag k="CATSMC" v="1"/></node>
</modify><create><node lat="7522737" lon="-379577" timestamp="2012-04-26T14:48:43Z" username="Yesnaby"><tag k="OBJCOD" v="gennav"/><tag k="OBJNAM" v="PEYC Y"/>
            
            
        </node>
</create><create><node lat="7522937" lon="-379554" timestamp="2012-08-20T20:25:03Z" username="HenceForth"><tag k="OBJCOD" v="gennav"/><tag k="OBJNAM" v="PEYC W"/>
            
            
        </node>
</create><create><node lat="7523928" lon="-384161" timestamp="2014-07-11T23:38:59Z" username="Neil MacD"><tag k="OBJCOD" v="BOYSPP"/><tag k="OBJNAM" v="A"/><tag k="INFORM" v="red marker buoy"/><tag k="COLOUR" v="6"/><tag k="BOYSHP" v="5"/>
            
            
            
            
            
        </node>
</create><create><node lat="7524542" lon="-378220" timestamp="2015-09-13T00:53:15Z" username="vivacity"><tag k="OBJCOD" v="ACHBRT"/><tag k="OBJNAM" v="North Queensferry"/><tag k="INFORM" v="small craft"/></node>
</create><create><node lat="7524567" lon="-378431" timestamp="2015-09-13T00:52:16Z" username="vivacity"><tag k="OBJCOD" v="SLCONS"/><tag k="OBJNAM" v="ramp"/><tag k="INFORM" v=" "/><tag k="CATSLC" v="12"/></node>
</create><create><node lat="7524597" lon="-387130" timestamp="2013-04-28T14:05:40Z" username="Yesnaby"><tag k="OBJCOD" v="gennav"/><tag k="OBJNAM" v="PEYC T"/><tag k="INFORM" v="West Racing Mark T"/>
            
            
        
            
            
        </node>
</create><create><node lat="7525123" lon="-388854" timestamp="2014-07-11T23:43:24Z" username="Neil MacD"><tag k="OBJCOD" v="gennav"/><tag k="OBJNAM" v="PEYC X"/><tag k="INFORM" v="West Race Mark X"/>
            
            
            
        
            
            
            
        </node>
</create><modify><node lat="7525400" lon="-380698" timestamp="2014-04-29T23:27:39Z" username="Neil MacD"><tag k="OBJCOD" v="BOYCAR"/><tag k="OBJNAM" v="B"/><tag k="INFORM" v=" "/>
            
            
            
        
            
            
            
        </node>
</modify><create><node lat="7525521" lon="-381535" timestamp="2015-07-09T11:28:13Z" username="HenceForth"><tag k="OBJCOD" v="BOYLAT"/><tag k="OBJNAM" v="Whale Back Buoy"/><tag k="INFORM" v="Temporary replacement for Rosyth No 1 buoy during bridge construction.  1 Aug 2015 for one year."/><tag k="COLOUR" v="4"/><tag k="BOYSHP" v="2"/></node>
</create><modify><node lat="7526782" lon="-373242" timestamp="2015-07-14T14:51:42Z" username="JHendo"><tag k="OBJCOD" v="MORFAC"/><tag k="INFORM" v="Mooring Buoy"/></node>
</modify><create><node lat="7528609" lon="-372264" timestamp="2015-07-22T21:35:24Z" username="Spruce01"><tag k="OBJCOD" v="BCNSPP"/><tag k="OBJNAM" v="DBSC Thank Rock Pole"/><tag k="INFORM" v="Pole with 2 black spheres on top"/><tag k="COLOUR" v="2"/><tag k="BCNSHP" v="5"/></node>
</create><create><node lat="7528632" lon="-375178" timestamp="2015-09-13T00:59:16Z" username="vivacity"><tag k="OBJCOD" v="ACHBRT"/><tag k="OBJNAM" v="St David's - small craft"/><tag k="INFORM" v=" "/></node>
</create><create><node lat="7528945" lon="-372003" timestamp="2015-07-20T11:49:30Z" username="Spruce01"><tag k="OBJCOD" v="BCNCAR"/><tag k="OBJNAM" v="Thank Rock East Cardinal"/><tag k="INFORM" v="Dalgety Bay Sailing Club Seasonal Mark &#10;Blue barrel with black easterly top mark"/><tag k="COLOUR" v="2;6;2"/><tag k="CATCAM" v="2"/><tag k="BCNSHP" v="5"/><slave><tag k="OBJCOD" v="TOPMAR"/><tag k="TOPSHP" v="11"/></slave></node>
</create><create><node lat="7529253" lon="-387285" timestamp="2015-09-13T00:46:51Z" username="vivacity"><tag k="OBJCOD" v="SLCONS"/><tag k="OBJNAM" v="ramp"/><tag k="INFORM" v=" "/><tag k="CATSLC" v="12"/></node>
</create><create><node lat="7529285" lon="-387112" timestamp="2015-09-13T07:38:32Z" username="vivacity"><tag k="OBJCOD" v="SMACRA"/><tag k="trnbth" v=" "/><tag k="ofsety" v="0"/><tag k="ofsetx" v="0"/><tag k="numvhf" v=" "/><tag k="maxlen" v=" "/><tag k="dckdph" v=" "/><tag k="ZIPCDE" v=" "/><tag k="WEBSIT" v=" "/><tag k="TELNUM" v="01383872691"/><tag k="STRNAM" v=" "/><tag k="OBJNAM" v="Bruce Haven - Tidal"/><tag k="INFORM" v=" "/><tag k="CITYNM" v=" "/><tag k="CATSMC" v="12"/></node>
</create><create><node lat="7529352" lon="-387203" timestamp="2015-09-13T07:37:32Z" username="vivacity"><tag k="OBJCOD" v="psgiio"/><tag k="catser" v="81"/><tag k="zipcde" v="KY113JR"/><tag k="websit" v="www.forthcrusingclub.org"/><tag k="telnum" v="07748068061"/><tag k="strnam" v="Capernaum Pier, Limekilns"/><tag k="numvhf" v=" "/><tag k="citynm" v="Fife"/><tag k="OBJNAM" v="Forthcrusingclub"/><tag k="INFORM" v=" "/></node>
</create><create><node lat="7529370" lon="-387077" timestamp="2015-09-13T00:46:31Z" username="vivacity"><tag k="OBJCOD" v="SLCONS"/><tag k="OBJNAM" v="ramp"/><tag k="INFORM" v=" "/><tag k="CATSLC" v="12"/></node>
</create><create><node lat="7529730" lon="-387988" timestamp="2015-09-13T00:48:17Z" username="vivacity"><tag k="OBJCOD" v="ACHBRT"/><tag k="OBJNAM" v="Limekilns - Tidal"/><tag k="INFORM" v=" "/></node>
</create><create><node lat="7529779" lon="-371994" timestamp="2015-09-13T00:58:19Z" username="vivacity"><tag k="OBJCOD" v="psgiio"/><tag k="catser" v="81"/><tag k="zipcde" v=" "/><tag k="websit" v=" "/><tag k="telnum" v=" "/><tag k="strnam" v=" "/><tag k="numvhf" v=" "/><tag k="citynm" v=" "/><tag k="OBJNAM" v=" "/><tag k="INFORM" v=" "/></node>
</create><modify><node lat="7529825" lon="-389958" timestamp="2015-09-13T00:40:02Z" username="vivacity"><tag k="OBJCOD" v="SMACRA"/><tag k="trnbth" v=" "/><tag k="ofsety" v="310"/><tag k="ofsetx" v="259"/><tag k="numvhf" v=" "/><tag k="maxlen" v=" "/><tag k="dckdph" v=" "/><tag k="ZIPCDE" v=" "/><tag k="WEBSIT" v=" "/><tag k="TELNUM" v=" "/><tag k="STRNAM" v=" "/><tag k="SRVLST" v=""/><tag k="OBJNAM" v="Charlestown Harbour - tidal"/><tag k="INFORM" v=" "/><tag k="CITYNM" v=" "/><tag k="CATSMC" v="1"/></node>
</modify></bound>