<?xml version="1.0" encoding="UTF-8"?><bound box="7127397,-391372,7146920,-371804"><create><node lat="7141015" lon="-382063" timestamp="2011-05-12T18:19:15Z" username="unknown"><tag k="OBJCOD" v="BOYCAR"/><tag k="OBJNAM" v="b"/><tag k="INFORM" v="Vq3 5s"/><tag k="COLOUR" v="2;6;2"/><tag k="CATCAM" v="2"/><tag k="BOYSHP" v="4"/>
            
            
            
            
            
            
            <slave>
                <tag k="OBJCOD" v="TOPMAR"/>
                <tag k="TOPSHP" v="11"/>
            </slave>
        </node>
</create></bound>