<?xml version="1.0" encoding="UTF-8"?><bound box="6483272,-469647,6502787,-450078"><create><node lat="6484277" lon="-468199" timestamp="2012-01-05T22:21:13Z" username="joncreid"><tag k="OBJCOD" v="hotspt"/><tag k="catspt" v="1"/><tag k="OBJNAM" v="Tamar Bridge Pier"/><tag k="DUNITS" v="1"/>
            
            
            
            
        </node>
</create><create><node lat="6484643" lon="-468175" timestamp="2012-02-12T19:10:41Z" username="Sharkham"><tag k="OBJCOD" v="psgiio"/><tag k="catser" v="129"/><tag k="OBJNAM" v="Saltash"/><tag k="INFORM" v="Free pontoon berth for up to 2 hours.  Pubs nearby.  Watch out for fishermen who use it too. Can be fast water."/>
            
            
            
            
        </node>
</create><create><node lat="6486530" lon="-460110" timestamp="2012-01-01T16:46:11Z" username="joncreid"><tag k="OBJCOD" v="gennav"/><tag k="OBJNAM" v="Home"/>
            
            
        </node>
</create><create><node lat="6487307" lon="-466074" timestamp="2012-01-05T22:20:33Z" username="joncreid"><tag k="OBJCOD" v="hotspt"/><tag k="catspt" v="1"/><tag k="OBJNAM" v="Blacky Bridge"/><tag k="DUNITS" v="1"/>
            
            
            
            
        </node>
</create><create><node lat="6489446" lon="-467248" timestamp="2015-09-01T09:58:17Z" username="southerly35rs"><tag k="OBJCOD" v="PYLONS"/><tag k="OBJNAM" v="Over head power cables"/><tag k="INFORM" v="21m HAT"/></node>
</create><delete><node lat="6490174" lon="-468158" timestamp="2015-06-16T17:28:31Z" average_rating="1.0" rating_count="1" reviews_count="1" username="ieuan"><tag k="OBJCOD" v="SMACRA"/><tag k="ofsety" v="-181"/><tag k="ofsetx" v="-409"/><tag k="CATSMC" v="1"/></node>
</delete><modify><node lat="6493405" lon="-468243" timestamp="2014-05-09T16:06:44Z" username="Subito"><tag k="OBJCOD" v="PYLONS"/>
            
        </node>
</modify><create><node lat="6494012" lon="-468834" timestamp="2010-12-18T17:45:23Z"><tag k="OBJCOD" v="ACHBRT"/><tag k="OBJNAM" v="Weir Quay"/>
            
            
        
            
        </node>
</create><create><node lat="6496372" lon="-451306" timestamp="2011-08-19T22:08:22Z" username="unknown"><tag k="OBJCOD" v="FSHFAC"/>
            
        </node>
</create><modify><node lat="6499664" lon="-468327" timestamp="2011-08-17T11:12:02Z" username="unknown"><tag k="OBJCOD" v="SMACRA"/><tag k="ofsety" v="545"/><tag k="ofsetx" v="136"/><tag k="CATSMC" v="1"/>
            
            
            
            
        </node>
</modify><create><node lat="6499776" lon="-468184" timestamp="2011-07-26T09:18:01Z" username="unknown"><tag k="OBJCOD" v="psgiio"/><tag k="catser" v="24"/><tag k="OBJNAM" v="Tamar Inn"/><tag k="INFORM" v="Public House in Calstock"/>
            
            
            
            
        </node>
</create><create><node lat="6500045" lon="-469421" timestamp="2015-09-01T09:55:48Z" username="southerly35rs"><tag k="OBJCOD" v="psgiio"/><tag k="catser" v="131"/><tag k="strnam" v="Lower Kelly"/><tag k="citynm" v="Calstock"/><tag k="OBJNAM" v="Calstock Boat Yard visitor moorings"/><tag k="INFORM" v="Yard is currently closed (August-2015) but owner seems happy to use moorings. Moorings are in average conditions and we were advised rated to 8 tons. Bottom is pebbles and is 0.6m at chart datum (confirmed 2015)."/></node>
</create></bound>