<?xml version="1.0" encoding="UTF-8"?><bound box="6522303,-352235,6541818,-332667"><create><node lat="6524205" lon="-341072" timestamp="2015-09-14T17:40:28Z" username="AndrewSCarter"><tag k="OBJCOD" v="gennav"/><tag k="OBJNAM" v="Beer Home Ground"/><tag k="INFORM" v="Mudstone Reef with a 60 degree sloping ledge to the North made of small boulders, cobbles and pebbles"/></node>
</create><delete><node lat="6529235" lon="-351764" timestamp="2012-03-25T16:10:49Z" username="unknown"><tag k="OBJCOD" v="BOYCAR"/>
            
        </node>
</delete><delete><node lat="6530660" lon="-350329" timestamp="2012-03-25T16:10:36Z" username="unknown"><tag k="OBJCOD" v="BOYCAR"/>
            
        </node>
</delete><create><node lat="6534613" lon="-336438" timestamp="2015-09-14T17:44:16Z" username="AndrewSCarter"><tag k="OBJCOD" v="gennav"/><tag k="OBJNAM" v="Tesco Reef"/><tag k="INFORM" v="North-facing rock ledge about 4m high with deep horizontal fissures and ledges, kelp on top"/></node>
</create><create><node lat="6536128" lon="-340557" timestamp="2015-07-13T22:58:24Z" username="SwissTony"><tag k="OBJCOD" v="gennav"/><tag k="OBJNAM" v="Crispin of Bieulea"/><tag k="INFORM" v="berth"/></node>
</create><create><node lat="6536166" lon="-340583" timestamp="2011-01-03T15:45:00Z"><tag k="OBJCOD" v="psgiio"/><tag k="catser" v="131"/><tag k="OBJNAM" v="Pontoon berths"/><tag k="INFORM" v="Axe&#9;Yacht Club"/>
            
            
            
            
        </node>
</create><create><node lat="6536190" lon="-340655" timestamp="2014-05-11T08:58:57Z" username="jandaco"><tag k="OBJCOD" v="gennav"/><tag k="OBJNAM" v="Visitor Pontoon (Dries)"/><tag k="INFORM" v="Axe Yacht Club. Suitable for yachts that can dryout only"/>
            
            
            
        </node>
</create><delete><node lat="6536482" lon="-341807" timestamp="2011-06-19T19:03:03Z" username="unknown"><tag k="OBJCOD" v="psgiio"/><tag k="catser" v="23"/>
            
            
        </node>
</delete><create><node lat="6537203" lon="-334526" timestamp="2015-08-11T08:54:12Z" username="lippett76"><tag k="OBJCOD" v="hotspt"/><tag k="catspt" v="1"/><tag k="OBJNAM" v="Pinhay"/><tag k="DUNITS" v="3"/></node>
</create></bound>