<?xml version="1.0" encoding="UTF-8"?><bound box="6249112,-332667,6268624,-313098"><modify><node lat="6260501" lon="-313281" timestamp="2014-05-06T07:53:21Z" username="mpepo"><tag k="OBJCOD" v="LIGHTS"/><tag k="COLOUR" v="1"/><tag k="OBJNAM" v="[FL 5S 24M] weissem Blitzfeuer alle 5 sec. sichtbar auf 24 Meilen"/><tag k="INFORM" v="with AIS. MMSI 99 227 1319.  nav warn #93 via Niton (GBR) 6.may 2014"/>
            
            
            
            
        
            
            
            
            
        
            
            
            
            
        </node>
</modify></bound>