<?xml version="1.0" encoding="UTF-8"?><bound box="6424729,-450078,6444243,-430510"><create><node lat="6437419" lon="-437009" timestamp="2015-10-19T12:17:01Z" username="jamie3"><tag k="OBJCOD" v="WRECKS"/><tag k="VALSOU" v=" "/><tag k="OBJNAM" v="hms stockforce"/><tag k="INFORM" v="large wreck"/><tag k="DUNITS" v="1"/><tag k="CATWRK" v="1"/></node>
</create><create><node lat="6437849" lon="-433420" timestamp="2013-10-10T17:27:42Z" username="Wrk Admiral Van Tromp"><tag k="OBJCOD" v="WRECKS"/><tag k="DUNITS" v="1"/><tag k="CATWRK" v="1"/>
            
            
            
        </node>
</create><create><node lat="6439420" lon="-433176" timestamp="2015-07-26T12:47:01Z" username="jamie3"><tag k="OBJCOD" v="hotspt"/><tag k="catspt" v="1"/><tag k="VALSOU" v=" "/><tag k="OBJNAM" v="U1063"/><tag k="INFORM" v="wreck"/><tag k="DUNITS" v="1"/></node>
</create><create><node lat="6439642" lon="-445194" timestamp="2012-02-19T22:21:26Z" username="venture"><tag k="OBJCOD" v="WRECKS"/><tag k="OBJNAM" v="HMS Stock Force"/><tag k="INFORM" v="60 m dive site"/><tag k="DUNITS" v="1"/><tag k="CATWRK" v="1"/>
            
            
            
            
            
        </node>
</create><create><node lat="6440554" lon="-432440" timestamp="2011-08-06T12:31:51Z" username="unknown"><tag k="OBJCOD" v="LIGHTS"/><tag k="COLOUR" v="3"/><tag k="OBJNAM" v="Fish 3"/>
            
            
            
        </node>
</create><create><node lat="6440781" lon="-445272" timestamp="2012-02-19T22:27:42Z" username="venture"><tag k="OBJCOD" v="hotspt"/><tag k="catspt" v="2"/><tag k="OBJNAM" v="HMS Stock Force"/><tag k="INFORM" v="60 m"/><tag k="DUNITS" v="1"/>
            
            
            
            
            
        </node>
</create><create><node lat="6441824" lon="-433464" timestamp="2011-08-06T12:30:49Z" username="unknown"><tag k="OBJCOD" v="LIGHTS"/><tag k="COLOUR" v="3"/><tag k="OBJNAM" v="Fish 3"/>
            
            
            
        </node>
</create><create><node lat="6442019" lon="-433278" timestamp="2015-05-01T16:47:47Z" username="tinyhomer1969"><tag k="OBJCOD" v="gennav"/><tag k="OBJNAM" v="Catlins"/></node>
</create><delete><node lat="6442334" lon="-431122" timestamp="2015-07-27T17:30:41Z" username="jamie3"><tag k="OBJCOD" v="WRECKS"/></node>
</delete><create><node lat="6442499" lon="-431398" timestamp="2015-07-26T13:06:35Z" username="jamie3"><tag k="OBJCOD" v="hotspt"/><tag k="catspt" v="1"/><tag k="VALSOU" v=" "/><tag k="OBJNAM" v="TASMANIA"/><tag k="INFORM" v="wreck"/><tag k="DUNITS" v="1"/></node>
</create><create><node lat="6442517" lon="-432809" timestamp="2011-08-06T09:48:45Z" username="unknown"><tag k="OBJCOD" v="FSHFAC"/><tag k="OBJNAM" v="Fishing reef 1"/>
            
            
        </node>
</create><create><node lat="6443433" lon="-434779" timestamp="2015-07-27T17:30:41Z" username="jamie3"><tag k="OBJCOD" v="WRECKS"/><tag k="WATLEV" v="3"/><tag k="CATWRK" v="1"/></node>
</create></bound>