<?xml version="1.0" encoding="UTF-8"?><bound box="6405215,-352235,6424729,-332667"><create><node lat="6406030" lon="-344446" timestamp="2010-12-12T09:15:45Z"><tag k="OBJCOD" v="WRECKS"/><tag k="OBJNAM" v="Fromage"/><tag k="DUNITS" v="1"/><tag k="CATWRK" v="5"/>
            
            
            
            
        </node>
</create><create><node lat="6406166" lon="-344395" timestamp="2010-12-12T09:18:34Z"><tag k="OBJCOD" v="OBSTRN"/><tag k="DUNITS" v="1"/>
            
            
        </node>
</create><create><node lat="6408129" lon="-338266" timestamp="2010-12-12T09:43:54Z"><tag k="OBJCOD" v="OBSTRN"/><tag k="OBJNAM" v="Camion"/><tag k="DUNITS" v="1"/>
            
            
            
        </node>
</create><create><node lat="6416948" lon="-346275" timestamp="2010-12-18T23:28:21Z"><tag k="OBJCOD" v="SOUNDG"/><tag k="VALSOU" v="60"/><tag k="DUNITS" v="1"/>
            
            
            
        </node>
</create></bound>