<?xml version="1.0" encoding="UTF-8"?><bound box="6834581,-469647,6854100,-450078"><modify><node lat="6840595" lon="-455125" timestamp="2011-10-13T17:48:38Z" username="unknown"><tag k="OBJCOD" v="SMACRA"/><tag k="ofsety" v="-189"/><tag k="ofsetx" v="332"/><tag k="WEBSIT" v="http://www.abermarina.com/"/><tag k="SRVLST" v=""/><tag k="CATSMC" v="1"/>
            
            
            
            
            
            
        </node>
</modify><create><node lat="6840692" lon="-455090" timestamp="2014-07-15T15:04:48Z" username="ehawkins"><tag k="OBJCOD" v="gennav"/><tag k="OBJNAM" v="Blackwater pump out station"/><tag k="INFORM" v="Telephone: 01970 611422&#10;VHF: 80"/>
            
            
            
        </node>
</create><create><node lat="6842948" lon="-456400" timestamp="2012-07-26T20:05:49Z" username="unknown"><tag k="OBJCOD" v="ACHBRT"/><tag k="OBJNAM" v="aberystwyth anchorage"/><tag k="INFORM" v="to north of harbour approach off pier &amp; jetty"/>
            
            
            
        </node>
</create></bound>