<?xml version="1.0" encoding="UTF-8"?><bound box="6658917,-332667,6678434,-313098"><modify><node lat="6670166" lon="-324658" timestamp="2011-05-20T11:00:10Z" username="unknown"><tag k="OBJCOD" v="BOYLAT"/>
            
        </node>
</modify><create><node lat="6670214" lon="-324938" timestamp="2011-05-20T10:56:23Z" username="unknown"><tag k="OBJCOD" v="BOYLAT"/><tag k="abrchr" v="R FL R 5S"/><tag k="OBJNAM" v="E MID GRD"/><tag k="MARSYS" v="1"/><tag k="COLOUR" v="3"/><tag k="CATLAM" v="1"/><tag k="BOYSHP" v="2"/>
            
            
            
            
            
            
            
            <slave>
                <tag k="OBJCOD" v="LIGHTS"/>
                <tag k="SIGPER" v="5.00"/>
                <tag k="abrchr" v="R FL R 5S"/>
                <tag k="COLOUR" v="3"/>
                <tag k="LITCHR" v="2"/>
                <tag k="VERDAT" v="17"/>
            </slave>
        </node>
</create><delete><node lat="6670214" lon="-324938" timestamp="2011-05-20T10:59:59Z" username="unknown"><tag k="OBJCOD" v="BOYLAT"/><tag k="abrchr" v="R FL R 5S"/><tag k="OBJNAM" v="E MID GRD"/><tag k="MARSYS" v="1"/><tag k="COLOUR" v="3"/><tag k="CATLAM" v="1"/><tag k="BOYSHP" v="2"/>
            
            
            
            
            
            
            
        </node>
</delete></bound>