<?xml version="1.0" encoding="UTF-8"?><bound box="7498371,-273961,7517898,-254392"><create><node lat="7509142" lon="-254682" timestamp="2015-09-12T21:12:50Z" username="vivacity"><tag k="OBJCOD" v="UWTROC"/><tag k="WATLEV" v="4"/><tag k="VALSOU" v=" "/><tag k="OBJNAM" v="rock"/><tag k="INFORM" v=" "/><tag k="DUNITS" v="1"/></node>
</create><create><node lat="7509383" lon="-259431" timestamp="2015-09-12T21:15:15Z" username="vivacity"><tag k="OBJCOD" v="UWTROC"/><tag k="WATLEV" v="4"/><tag k="VALSOU" v=" "/><tag k="OBJNAM" v="rock's"/><tag k="INFORM" v=" "/><tag k="DUNITS" v="1"/></node>
</create><create><node lat="7509426" lon="-258333" timestamp="2015-09-12T21:15:35Z" username="vivacity"><tag k="OBJCOD" v="UWTROC"/><tag k="WATLEV" v="4"/><tag k="VALSOU" v=" "/><tag k="OBJNAM" v="rock's"/><tag k="INFORM" v=" "/><tag k="DUNITS" v="1"/></node>
</create><create><node lat="7509503" lon="-259263" timestamp="2015-09-12T21:14:34Z" username="vivacity"><tag k="OBJCOD" v="UWTROC"/><tag k="WATLEV" v="3"/><tag k="VALSOU" v=" "/><tag k="OBJNAM" v="rock's"/><tag k="INFORM" v=" "/><tag k="DUNITS" v="1"/></node>
</create><create><node lat="7509505" lon="-257978" timestamp="2015-09-12T21:13:24Z" username="vivacity"><tag k="OBJCOD" v="UWTROC"/><tag k="WATLEV" v="4"/><tag k="VALSOU" v=" "/><tag k="OBJNAM" v="rock"/><tag k="INFORM" v=" "/><tag k="DUNITS" v="1"/></node>
</create><create><node lat="7509585" lon="-257715" timestamp="2015-09-12T21:13:37Z" username="vivacity"><tag k="OBJCOD" v="UWTROC"/><tag k="WATLEV" v="4"/><tag k="VALSOU" v=" "/><tag k="OBJNAM" v="rock"/><tag k="INFORM" v=" "/><tag k="DUNITS" v="1"/></node>
</create><create><node lat="7509667" lon="-258935" timestamp="2015-09-12T21:14:10Z" username="vivacity"><tag k="OBJCOD" v="UWTROC"/><tag k="WATLEV" v="3"/><tag k="VALSOU" v=" "/><tag k="OBJNAM" v="rocks"/><tag k="INFORM" v=" "/><tag k="DUNITS" v="1"/></node>
</create><create><node lat="7509687" lon="-256257" timestamp="2015-09-12T21:13:07Z" username="vivacity"><tag k="OBJCOD" v="UWTROC"/><tag k="WATLEV" v="4"/><tag k="VALSOU" v=" "/><tag k="OBJNAM" v="rock"/><tag k="INFORM" v=" "/><tag k="DUNITS" v="1"/></node>
</create><create><node lat="7509696" lon="-258558" timestamp="2015-09-12T21:13:49Z" username="vivacity"><tag k="OBJCOD" v="UWTROC"/><tag k="WATLEV" v="4"/><tag k="VALSOU" v=" "/><tag k="OBJNAM" v="rock"/><tag k="INFORM" v=" "/><tag k="DUNITS" v="1"/></node>
</create><create><node lat="7509771" lon="-259919" timestamp="2015-09-12T21:16:04Z" username="vivacity"><tag k="OBJCOD" v="UWTROC"/><tag k="WATLEV" v="4"/><tag k="VALSOU" v=" "/><tag k="OBJNAM" v="rock"/><tag k="INFORM" v=" "/><tag k="DUNITS" v="1"/></node>
</create><create><node lat="7510192" lon="-259957" timestamp="2015-09-12T21:16:22Z" username="vivacity"><tag k="OBJCOD" v="UWTROC"/><tag k="WATLEV" v="3"/><tag k="VALSOU" v=" "/><tag k="OBJNAM" v="rocks"/><tag k="INFORM" v=" "/><tag k="DUNITS" v="1"/></node>
</create><create><node lat="7510391" lon="-259824" timestamp="2015-09-12T21:16:37Z" username="vivacity"><tag k="OBJCOD" v="UWTROC"/><tag k="WATLEV" v="3"/><tag k="VALSOU" v=" "/><tag k="OBJNAM" v="rock's"/><tag k="INFORM" v=" "/><tag k="DUNITS" v="1"/></node>
</create><create><node lat="7510728" lon="-261051" timestamp="2015-09-12T21:17:58Z" username="vivacity"><tag k="OBJCOD" v="UWTROC"/><tag k="WATLEV" v="4"/><tag k="VALSOU" v=" "/><tag k="OBJNAM" v="rock"/><tag k="INFORM" v=" "/><tag k="DUNITS" v="1"/></node>
</create><create><node lat="7510738" lon="-260963" timestamp="2015-09-12T21:17:38Z" username="vivacity"><tag k="OBJCOD" v="UWTROC"/><tag k="WATLEV" v="4"/><tag k="VALSOU" v=" "/><tag k="OBJNAM" v="rock"/><tag k="INFORM" v=" "/><tag k="DUNITS" v="1"/></node>
</create><create><node lat="7510798" lon="-260760" timestamp="2015-09-12T21:17:23Z" username="vivacity"><tag k="OBJCOD" v="UWTROC"/><tag k="WATLEV" v="3"/><tag k="VALSOU" v=" "/><tag k="OBJNAM" v="rock"/><tag k="INFORM" v=" "/><tag k="DUNITS" v="1"/></node>
</create><create><node lat="7510821" lon="-261165" timestamp="2015-09-12T21:24:14Z" username="vivacity"><tag k="OBJCOD" v="ACHBRT"/><tag k="OBJNAM" v="Cove Harbour - small craft"/><tag k="INFORM" v=" "/></node>
</create><create><node lat="7510855" lon="-261030" timestamp="2015-09-12T21:18:13Z" username="vivacity"><tag k="OBJCOD" v="UWTROC"/><tag k="WATLEV" v="4"/><tag k="VALSOU" v=" "/><tag k="OBJNAM" v="rock"/><tag k="INFORM" v=" "/><tag k="DUNITS" v="1"/></node>
</create><create><node lat="7510918" lon="-260542" timestamp="2015-09-12T21:17:08Z" username="vivacity"><tag k="OBJCOD" v="UWTROC"/><tag k="WATLEV" v="3"/><tag k="VALSOU" v=" "/><tag k="OBJNAM" v="rock's"/><tag k="INFORM" v=" "/><tag k="DUNITS" v="1"/></node>
</create><create><node lat="7510926" lon="-260884" timestamp="2015-09-12T21:18:27Z" username="vivacity"><tag k="OBJCOD" v="UWTROC"/><tag k="WATLEV" v="3"/><tag k="VALSOU" v=" "/><tag k="OBJNAM" v="rock"/><tag k="INFORM" v=" "/><tag k="DUNITS" v="1"/></node>
</create><create><node lat="7511006" lon="-260811" timestamp="2015-09-12T21:18:45Z" username="vivacity"><tag k="OBJCOD" v="UWTROC"/><tag k="WATLEV" v="3"/><tag k="VALSOU" v=" "/><tag k="OBJNAM" v="rock"/><tag k="INFORM" v=" "/><tag k="DUNITS" v="1"/></node>
</create><create><node lat="7511021" lon="-260959" timestamp="2015-09-12T21:18:58Z" username="vivacity"><tag k="OBJCOD" v="UWTROC"/><tag k="WATLEV" v="4"/><tag k="VALSOU" v=" "/><tag k="OBJNAM" v="rock"/><tag k="INFORM" v=" "/><tag k="DUNITS" v="1"/></node>
</create><create><node lat="7511049" lon="-261071" timestamp="2015-09-12T21:19:10Z" username="vivacity"><tag k="OBJCOD" v="UWTROC"/><tag k="WATLEV" v="4"/><tag k="VALSOU" v=" "/><tag k="OBJNAM" v="rock"/><tag k="INFORM" v=" "/><tag k="DUNITS" v="1"/></node>
</create><create><node lat="7511051" lon="-261785" timestamp="2015-09-12T21:20:03Z" username="vivacity"><tag k="OBJCOD" v="UWTROC"/><tag k="WATLEV" v="4"/><tag k="VALSOU" v=" "/><tag k="OBJNAM" v="rock"/><tag k="INFORM" v=" "/><tag k="DUNITS" v="1"/></node>
</create><create><node lat="7511076" lon="-261532" timestamp="2015-09-12T21:19:50Z" username="vivacity"><tag k="OBJCOD" v="UWTROC"/><tag k="WATLEV" v="4"/><tag k="VALSOU" v=" "/><tag k="OBJNAM" v="rock"/><tag k="INFORM" v=" "/><tag k="DUNITS" v="1"/></node>
</create><create><node lat="7511080" lon="-261334" timestamp="2015-09-12T21:19:35Z" username="vivacity"><tag k="OBJCOD" v="UWTROC"/><tag k="WATLEV" v="4"/><tag k="VALSOU" v=" "/><tag k="OBJNAM" v="rock"/><tag k="INFORM" v=" "/><tag k="DUNITS" v="1"/></node>
</create><create><node lat="7511089" lon="-261165" timestamp="2015-09-12T21:19:21Z" username="vivacity"><tag k="OBJCOD" v="UWTROC"/><tag k="WATLEV" v="4"/><tag k="VALSOU" v=" "/><tag k="OBJNAM" v="rock"/><tag k="INFORM" v=" "/><tag k="DUNITS" v="1"/></node>
</create><create><node lat="7511716" lon="-261944" timestamp="2015-09-12T21:20:21Z" username="vivacity"><tag k="OBJCOD" v="UWTROC"/><tag k="WATLEV" v="2"/><tag k="VALSOU" v=" "/><tag k="OBJNAM" v="rock"/><tag k="INFORM" v=" "/><tag k="DUNITS" v="1"/></node>
</create><create><node lat="7511907" lon="-262272" timestamp="2015-09-12T21:20:36Z" username="vivacity"><tag k="OBJCOD" v="UWTROC"/><tag k="WATLEV" v="3"/><tag k="VALSOU" v=" "/><tag k="OBJNAM" v="rock"/><tag k="INFORM" v=" "/><tag k="DUNITS" v="1"/></node>
</create><create><node lat="7511983" lon="-262800" timestamp="2015-09-12T21:21:05Z" username="vivacity"><tag k="OBJCOD" v="OBSTRN"/><tag k="VALSOU" v=" "/><tag k="OBJNAM" v="sand"/><tag k="INFORM" v=" "/><tag k="DUNITS" v="1"/></node>
</create><create><node lat="7512072" lon="-263068" timestamp="2015-09-12T21:21:25Z" username="vivacity"><tag k="OBJCOD" v="OBSTRN"/><tag k="VALSOU" v=" "/><tag k="OBJNAM" v="sand"/><tag k="INFORM" v=" "/><tag k="DUNITS" v="1"/></node>
</create><create><node lat="7512379" lon="-263209" timestamp="2015-09-12T21:22:31Z" username="vivacity"><tag k="OBJCOD" v="UWTROC"/><tag k="WATLEV" v="4"/><tag k="VALSOU" v=" "/><tag k="OBJNAM" v="rock"/><tag k="INFORM" v=" "/><tag k="DUNITS" v="1"/></node>
</create><create><node lat="7512673" lon="-263776" timestamp="2015-09-12T21:24:39Z" username="vivacity"><tag k="OBJCOD" v="UWTROC"/><tag k="WATLEV" v="4"/><tag k="VALSOU" v=" "/><tag k="OBJNAM" v="rock"/><tag k="INFORM" v=" "/><tag k="DUNITS" v="1"/></node>
</create><create><node lat="7512677" lon="-263527" timestamp="2015-09-12T21:22:12Z" username="vivacity"><tag k="OBJCOD" v="UWTROC"/><tag k="WATLEV" v="4"/><tag k="VALSOU" v=" "/><tag k="OBJNAM" v="rock"/><tag k="INFORM" v=" "/><tag k="DUNITS" v="1"/></node>
</create><create><node lat="7512841" lon="-264002" timestamp="2015-09-12T21:21:50Z" username="vivacity"><tag k="OBJCOD" v="UWTROC"/><tag k="WATLEV" v="4"/><tag k="VALSOU" v=" "/><tag k="OBJNAM" v="rock"/><tag k="INFORM" v=" "/><tag k="DUNITS" v="1"/></node>
</create><create><node lat="7513487" lon="-265161" timestamp="2015-09-12T21:24:55Z" username="vivacity"><tag k="OBJCOD" v="UWTROC"/><tag k="WATLEV" v="4"/><tag k="VALSOU" v=" "/><tag k="OBJNAM" v="rock"/><tag k="INFORM" v=" "/><tag k="DUNITS" v="1"/></node>
</create><create><node lat="7517479" lon="-257149" timestamp="2012-12-04T15:43:38Z" username="JeffB"><tag k="OBJCOD" v="WRECKS"/><tag k="VALSOU" v="45"/><tag k="OBJNAM" v="Scotia"/><tag k="INFORM" v="Diver Magazine wreck tour"/><tag k="DUNITS" v="1"/><tag k="CATWRK" v="1"/>
            
            
            
            
            
            
        </node>
</create></bound>