<?xml version="1.0" encoding="UTF-8"?><bound box="6034498,-410941,6054007,-391372"><create><node lat="6036392" lon="-391590" timestamp="2014-05-16T20:29:14Z" username="unknown"><tag k="OBJCOD" v="FSHFAC"/><tag k="OBJNAM" v="1944 Remorqueur 1944"/>
            
            
        </node>
</create><delete><node lat="6036863" lon="-408363" timestamp="2012-08-30T20:11:28Z" username="unknown"><tag k="OBJCOD" v="BOYSAW"/>
            
        </node>
</delete><create><node lat="6036897" lon="-393032" timestamp="2015-02-18T09:44:48Z" username="Maple"><tag k="OBJCOD" v="SBDARE"/><tag k="NATSUR" v="4"/><tag k="INFORM" v="banc de sable"/></node>
</create><create><node lat="6037143" lon="-393076" timestamp="2015-02-18T09:48:36Z" username="Maple"><tag k="OBJCOD" v="SBDARE"/><tag k="NATSUR" v="4"/><tag k="INFORM" v="banc de sable"/></node>
</create><modify><node lat="6037193" lon="-401784" timestamp="2012-07-12T22:23:48Z" username="mfrouin"><tag k="OBJCOD" v="SMACRA"/><tag k="ofsety" v="0"/><tag k="ofsetx" v="-645"/><tag k="numvhf" v="69"/><tag k="SRVLST" v="168;36;39;122;127;125;49;126"/><tag k="CATSMC" v="1"/>
            
            
            
            
            
            
        
            
            
            
            
            
        </node>
</modify><create><node lat="6037193" lon="-401783" timestamp="2011-09-03T13:06:59Z" username="mcdb"><tag k="OBJCOD" v="SMACRA"/><tag k="trnbth" v="3"/><tag k="open_1" v="YEARROUND"/><tag k="ofsety" v="0"/><tag k="ofsetx" v="0"/><tag k="numvhf" v="69"/><tag k="TELNUM" v="+33 298715398"/><tag k="SRVLST" v="168;36;39"/><tag k="OBJNAM" v="Doelan"/><tag k="CATSMC" v="1"/>
            
            
            
            
            
            
            
            
            
            
        </node>
</create><modify><node lat="6037497" lon="-392870" timestamp="2011-05-13T11:27:34Z" username="unknown"><tag k="OBJCOD" v="SMACRA"/><tag k="ofsety" v="43"/><tag k="ofsetx" v="86"/><tag k="CATSMC" v="1"/>
            
            
            
            
        </node>
</modify><delete><node lat="6037503" lon="-393215" timestamp="2011-05-13T11:26:41Z" username="unknown"><tag k="OBJCOD" v="SMACRA"/><tag k="ofsety" v="0"/><tag k="ofsetx" v="0"/><tag k="OBJNAM" v="Le Pouldu"/><tag k="CATSMC" v="1"/>
            
            
            
            
            
        </node>
</delete><create><node lat="6037573" lon="-392819" timestamp="2013-04-21T08:03:37Z" username="youen"><tag k="OBJCOD" v="WRECKS"/><tag k="OBJNAM" v="Julien quere"/><tag k="DUNITS" v="1"/><tag k="CATWRK" v="2"/>
            
            
            
            
        </node>
</create><delete><node lat="6037709" lon="-408681" timestamp="2012-05-25T14:49:29Z" username="couge59"><tag k="OBJCOD" v="BCNCAR"/>
            
        </node>
</delete><create><node lat="6038475" lon="-400119" timestamp="2015-11-06T10:33:58Z" username="grobzi"><tag k="OBJCOD" v="WRECKS"/><tag k="DUNITS" v="1"/><tag k="CATWRK" v="1"/></node>
</create><create><node lat="6039425" lon="-401047" timestamp="2012-07-12T22:07:04Z" username="mfrouin"><tag k="OBJCOD" v="gennav"/><tag k="OBJNAM" v="Marc frouin"/><tag k="INFORM" v="Utiliser le service coté est l equipe du port est beaucoup plus accueillante"/>
            
            
            
        </node>
</create><create><node lat="6041743" lon="-410848" timestamp="2014-09-16T15:07:35Z" username="mouton29"><tag k="OBJCOD" v="gennav"/>
            
        </node>
</create></bound>