<?xml version="1.0" encoding="UTF-8"?><bound box="5995481,-293529,6014989,-273961"><create><node lat="5995495" lon="-289626" timestamp="2010-10-04T11:23:17Z"><tag k="OBJCOD" v="psgiio"/><tag k="catser" v="23"/><tag k="OBJNAM" v="Maison parents"/>
            
            
            
        </node>
</create><modify><node lat="5995563" lon="-279646" timestamp="2015-07-17T21:48:41Z" username="Jaqes56"><tag k="OBJCOD" v="BCNSPP"/><tag k="OBJNAM" v="Tourelle Bertrant"/><tag k="INFORM" v="Feu &#xE1; secteur."/></node>
</modify><create><node lat="6011538" lon="-283746" timestamp="2015-07-05T08:51:56Z" username="cruaut jean jacques"><tag k="OBJCOD" v="WRECKS"/><tag k="OBJNAM" v="Art igloo"/><tag k="DUNITS" v="1"/><tag k="CATWRK" v="1"/></node>
</create></bound>