<?xml version="1.0" encoding="UTF-8"?><bound box="7986609,-371804,8006141,-352235"><modify><node lat="7993075" lon="-366175" timestamp="2012-08-01T20:39:15Z" username="gerbenw"><tag k="OBJCOD" v="SMACRA"/><tag k="ofsety" v="441"/><tag k="ofsetx" v="-660"/><tag k="INFORM" v="Nice small bay. No buoys. Just a small buoy. Bay dan be entered with a ship with max draft 1.8m."/><tag k="CATSMC" v="1"/>
            
            
            
            
            
        </node>
</modify><create><node lat="7993596" lon="-366346" timestamp="2015-09-21T16:27:05Z" username="Jamie N"><tag k="OBJCOD" v="gennav"/><tag k="OBJNAM" v="Lybster Harbour"/><tag k="INFORM" v="A good pontoon berth on the inside of the inner harbour. Basic facilities in harbour buildings, as well as a decent cafe. Only ladders to pontoon, though the 2 pubs up the hill in town are alright. Couple of shops in town sell the usual local shop stuff, as well as decent wives!"/></node>
</create><modify><node lat="7996692" lon="-357498" timestamp="2010-12-06T14:50:36Z"><tag k="OBJCOD" v="LIGHTS"/><tag k="COLOUR" v="1"/><tag k="OBJNAM" v="Clyth Ness"/><tag k="INFORM" v="Old Light House (No light)"/>
            
            
            
            
        </node>
</modify></bound>