<?xml version="1.0" encoding="UTF-8"?><bound box="7146920,-352235,7166443,-332667"><create><node lat="7147150" lon="-346178" timestamp="2011-04-26T17:09:58Z" username="gav"><tag k="OBJCOD" v="BCNSAW"/><tag k="COLOUR" v="3;1"/><tag k="BCNSHP" v="5"/>
            
            
            
        </node>
</create><create><node lat="7148150" lon="-349028" timestamp="2011-04-26T17:07:07Z" username="gav"><tag k="OBJCOD" v="BCNSAW"/><tag k="COLOUR" v="3;1"/><tag k="BCNSHP" v="5"/>
            
            
            
        </node>
</create><create><node lat="7149127" lon="-346376" timestamp="2011-04-26T17:08:16Z" username="gav"><tag k="OBJCOD" v="BCNSAW"/><tag k="COLOUR" v="3;1"/><tag k="BCNSHP" v="5"/>
            
            
            
        </node>
</create><modify><node lat="7149618" lon="-352135" timestamp="2014-12-16T23:27:30Z" username="paulgthomas"><tag k="OBJCOD" v="BCNSPP"/><tag k="OBJNAM" v="INNER CHANNEL (FRONT)"/>
            
            
        </node>
</modify></bound>