<?xml version="1.0" encoding="UTF-8"?><bound box="6424729,-430510,6444243,-410941"><create><node lat="6427178" lon="-419678" timestamp="2014-12-17T13:41:39Z" username="beeny"><tag k="OBJCOD" v="WRECKS"/><tag k="VALSOU" v="56"/><tag k="OBJNAM" v="possible wreck"/><tag k="INFORM" v=" "/><tag k="DUNITS" v="1"/><tag k="CATWRK" v="1"/>
            
            
            
            
            
            
        </node>
</create><create><node lat="6432167" lon="-429092" timestamp="2014-12-17T13:44:06Z" username="beeny"><tag k="OBJCOD" v="WRECKS"/><tag k="VALSOU" v="57"/><tag k="OBJNAM" v=" "/><tag k="INFORM" v=" "/><tag k="DUNITS" v="1"/><tag k="CATWRK" v="1"/>
            
            
            
            
            
            
        </node>
</create><create><node lat="6437301" lon="-419598" timestamp="2015-07-29T12:17:53Z" username="thisistappers"><tag k="OBJCOD" v="UWTROC"/><tag k="WATLEV" v="3"/><tag k="INFORM" v="Extent of. Reef"/><tag k="DUNITS" v="3"/></node>
</create><create><node lat="6441037" lon="-417110" timestamp="2015-07-26T12:51:22Z" username="jamie3"><tag k="OBJCOD" v="hotspt"/><tag k="catspt" v="1"/><tag k="VALSOU" v=" "/><tag k="OBJNAM" v="HAVBRIS"/><tag k="INFORM" v="wreck"/><tag k="DUNITS" v="1"/></node>
</create><create><node lat="6441606" lon="-414315" timestamp="2015-07-26T12:54:01Z" username="jamie3"><tag k="OBJCOD" v="hotspt"/><tag k="catspt" v="1"/><tag k="VALSOU" v=" "/><tag k="OBJNAM" v="LAERTES"/><tag k="INFORM" v="wreck"/><tag k="DUNITS" v="1"/></node>
</create><create><node lat="6443813" lon="-421683" timestamp="2015-07-26T13:04:30Z" username="jamie3"><tag k="OBJCOD" v="hotspt"/><tag k="catspt" v="1"/><tag k="VALSOU" v=" "/><tag k="OBJNAM" v="Uskmoor"/><tag k="INFORM" v="wreck"/><tag k="DUNITS" v="1"/></node>
</create><create><node lat="6444102" lon="-417674" timestamp="2015-07-26T13:02:24Z" username="jamie3"><tag k="OBJCOD" v="gennav"/><tag k="OBJNAM" v="NORTHSEA"/><tag k="INFORM" v="wreck"/></node>
</create></bound>