<?xml version="1.0" encoding="UTF-8"?><bound box="5917449,-293529,5936957,-273961"><create><node lat="5922459" lon="-290778" timestamp="2010-12-18T22:26:42Z"><tag k="OBJCOD" v="SBDARE"/><tag k="NATSUR" v="9"/>
            
            
        
            
        </node>
</create><delete><node lat="5922469" lon="-290784" timestamp="2010-12-18T22:26:42Z"><tag k="OBJCOD" v="SBDARE"/>
            
        </node>
</delete><create><node lat="5924155" lon="-291029" timestamp="2010-11-11T22:15:12Z"><tag k="OBJCOD" v="hotspt"/><tag k="catspt" v="1"/><tag k="DUNITS" v="1"/>
            
            
            
        </node>
</create><create><node lat="5927067" lon="-287181" timestamp="2013-04-21T22:16:00Z" username="unknown"><tag k="OBJCOD" v="WRECKS"/><tag k="VALSOU" v="70"/><tag k="OBJNAM" v="Princesse Irene"/><tag k="DUNITS" v="1"/><tag k="CATWRK" v="2"/>
            
            
            
            
            
        </node>
</create><modify><node lat="5927306" lon="-287166" timestamp="2015-07-28T09:46:12Z" username="Maffei Dominique"><tag k="OBJCOD" v="WRECKS"/></node>
</modify><create><node lat="5929927" lon="-281742" timestamp="2015-05-26T20:33:58Z" username="locufier"><tag k="OBJCOD" v="FSHFAC"/><tag k="OBJNAM" v="Lieu"/></node>
</create><create><node lat="5934976" lon="-277459" timestamp="2015-05-26T20:37:23Z" username="locufier"><tag k="OBJCOD" v="FSHFAC"/><tag k="OBJNAM" v="Turc"/></node>
</create><create><node lat="5935038" lon="-277177" timestamp="2014-05-03T23:32:30Z" username="jordysteph"><tag k="OBJCOD" v="hotspt"/><tag k="catspt" v="1"/><tag k="VALSOU" v=" "/><tag k="OBJNAM" v="Turc p&#xEA;che"/><tag k="INFORM" v=" "/><tag k="DUNITS" v="1"/>
            
            
            
            
        
            
            
            
            
            
        </node>
</create></bound>