<?xml version="1.0" encoding="UTF-8"?><bound box="7146920,-332667,7166443,-313098"><modify><node lat="7149295" lon="-322501" timestamp="2013-03-30T17:15:11Z" username="unknown"><tag k="OBJCOD" v="LIGHTS"/><tag k="COLOUR" v="4"/><tag k="OBJNAM" v="Sewer Light"/>
            
            
            
        </node>
</modify><delete><node lat="7149546" lon="-320255" timestamp="2011-08-10T20:55:23Z" username="unknown"><tag k="OBJCOD" v="LIGHTS"/><tag k="COLOUR" v="3"/>
            
            
        </node>
</delete><delete><node lat="7149546" lon="-320067" timestamp="2011-01-01T15:25:23Z"><tag k="OBJCOD" v="LIGHTS"/><tag k="COLOUR" v="3"/>
            
            
        </node>
</delete><modify><node lat="7149984" lon="-320563" timestamp="2012-06-13T21:30:33Z" username="unknown"><tag k="OBJCOD" v="LIGHTS"/><tag k="COLOUR" v="1"/><tag k="OBJNAM" v="stone Jetty"/><tag k="INFORM" v="2 F Vert G"/>
            
            
            
            
        
            
            
            
            
        
            
            
            
            
        </node>
</modify></bound>