<?xml version="1.0" encoding="UTF-8"?><bound box="6405215,-391372,6424729,-371804"><create><node lat="6415970" lon="-384752" timestamp="2010-10-29T19:50:14Z"><tag k="OBJCOD" v="SMACRA"/><tag k="ofsety" v="0"/><tag k="ofsetx" v="0"/><tag k="OBJNAM" v="Port Isaac"/><tag k="CATSMC" v="1"/>
            
            
            
            
            
        </node>
</create><create><node lat="6416221" lon="-378178" timestamp="2014-05-21T07:24:06Z" username="thisistappers"><tag k="OBJCOD" v="WRECKS"/><tag k="OBJNAM" v="Via org"/><tag k="INFORM" v="1311tonne  67m given as 50 00,892.  03 23,799"/><tag k="DUNITS" v="3"/><tag k="CATWRK" v="1"/>
            
            
            
            
            
        </node>
</create><create><node lat="6417663" lon="-379625" timestamp="2012-02-25T15:05:50Z" username="Bish"><tag k="OBJCOD" v="ACHBRT"/><tag k="OBJNAM" v="ben"/><tag k="INFORM" v="ben"/>
            
            
            
        </node>
</create></bound>