<?xml version="1.0" encoding="UTF-8"?><bound box="4377280,-332667,4396764,-313098"><delete><node lat="4377539" lon="-326632" timestamp="2013-12-14T20:52:21Z" username="unknown"><tag k="OBJCOD" v="BOYSPP"/>
            
        </node>
</delete><modify><node lat="4377602" lon="-330046" timestamp="2013-07-26T14:24:34Z" username="unknown"><tag k="OBJCOD" v="SMACRA"/><tag k="ofsety" v="432"/><tag k="ofsetx" v="-271"/><tag k="OBJNAM" v="Balanegra Balerma?"/><tag k="CATSMC" v="1"/>
            
            
            
            
            
        
            
            
            
            
            
        </node>
</modify><create><node lat="4378124" lon="-330107" timestamp="2013-12-14T20:55:06Z" username="unknown"><tag k="OBJCOD" v="FSHFAC"/><tag k="OBJNAM" v="piedra"/><tag k="INFORM" v="salgo"/>
            
            
            
        </node>
</create><create><node lat="4379889" lon="-331234" timestamp="2013-01-02T11:38:46Z" username="unknown"><tag k="OBJCOD" v="FSHFAC"/>
            
        </node>
</create><create><node lat="4379889" lon="-331234" timestamp="2013-01-02T21:10:41Z" username="unknown"><tag k="OBJCOD" v="ACHBRT"/><tag k="OBJNAM" v="Calahonda&#10;&#10;"/>
            
            
        </node>
</create><create><node lat="4382160" lon="-314172" timestamp="2013-10-07T13:13:20Z" username="pozicas"><tag k="OBJCOD" v="ACHBRT"/><tag k="OBJNAM" v="puerto"/><tag k="INFORM" v=" "/>
            
            
            
        </node>
</create><create><node lat="4382160" lon="-314172" timestamp="2013-10-07T13:14:01Z" username="pozicas"><tag k="OBJCOD" v="BCNLAT"/><tag k="OBJNAM" v="b"/><tag k="INFORM" v=" "/><tag k="COLOUR" v="4"/><tag k="BCNSHP" v="5"/>
            
            
            
            
            
        </node>
</create><create><node lat="4383677" lon="-316728" timestamp="2014-07-20T14:48:40Z" username="unknown"><tag k="OBJCOD" v="FSHFAC"/>
            
        </node>
</create></bound>