<?xml version="1.0" encoding="UTF-8"?><bound box="4357796,-293529,4377280,-273961"><create><node lat="4367211" lon="-275854" timestamp="2013-04-18T21:41:53Z" username="unknown"><tag k="OBJCOD" v="SBDARE"/><tag k="NATSUR" v="4"/>
            
            
        </node>
</create><delete><node lat="4369640" lon="-276016" timestamp="2014-03-31T20:44:41Z" username="emp987"><tag k="OBJCOD" v="SOUNDG"/>
            
        </node>
</delete><modify><node lat="4376359" lon="-288797" timestamp="2013-09-15T17:12:37Z" username="belfi"><tag k="OBJCOD" v="SBDARE"/><tag k="INFORM" v="piedra"/>
            
            
        </node>
</modify><create><node lat="4377081" lon="-280481" timestamp="2014-03-31T20:44:41Z" username="emp987"><tag k="OBJCOD" v="SOUNDG"/><tag k="VALSOU" v="240"/><tag k="DUNITS" v="1"/>
            
            
            
        </node>
</create></bound>