<?xml version="1.0" encoding="UTF-8"?><bound box="5351857,-371804,5371356,-352235"><create><node lat="5355741" lon="-369447" timestamp="2013-02-23T19:22:03Z" username="unknown"><tag k="OBJCOD" v="WRECKS"/><tag k="OBJNAM" v="Andra"/><tag k="DUNITS" v="1"/><tag k="CATWRK" v="5"/>
            
            
            
            
        </node>
</create><create><node lat="5358600" lon="-364039" timestamp="2015-04-10T22:28:12Z" username="unknown"><tag k="OBJCOD" v="hotspt"/><tag k="catspt" v="1"/><tag k="OBJNAM" v="Josefes 2"/><tag k="DUNITS" v="4"/></node>
</create><create><node lat="5359062" lon="-363670" timestamp="2015-04-10T22:27:11Z" username="unknown"><tag k="OBJCOD" v="hotspt"/><tag k="catspt" v="1"/><tag k="OBJNAM" v="Josefes"/><tag k="DUNITS" v="4"/></node>
</create><create><node lat="5361731" lon="-367926" timestamp="2015-04-10T22:28:47Z" username="unknown"><tag k="OBJCOD" v="hotspt"/><tag k="catspt" v="1"/><tag k="OBJNAM" v="Falsos Josefes"/><tag k="DUNITS" v="4"/></node>
</create><create><node lat="5365373" lon="-358541" timestamp="2015-04-11T23:05:50Z" username="unknown"><tag k="OBJCOD" v="hotspt"/><tag k="catspt" v="1"/><tag k="OBJNAM" v="Castro Verde 2"/><tag k="DUNITS" v="4"/></node>
</create><create><node lat="5365704" lon="-358024" timestamp="2015-04-11T23:08:21Z" username="unknown"><tag k="OBJCOD" v="hotspt"/><tag k="catspt" v="1"/><tag k="OBJNAM" v="Castro Verde 1"/><tag k="DUNITS" v="4"/></node>
</create><create><node lat="5365712" lon="-358015" timestamp="2015-04-11T23:08:59Z" username="unknown"><tag k="OBJCOD" v="hotspt"/><tag k="catspt" v="1"/><tag k="OBJNAM" v="castro verde 1"/><tag k="DUNITS" v="4"/></node>
</create><delete><node lat="5365811" lon="-357964" timestamp="2015-04-10T22:21:24Z" username="unknown"><tag k="OBJCOD" v="SBDARE"/></node>
</delete><create><node lat="5366007" lon="-358022" timestamp="2015-04-10T22:23:02Z" username="unknown"><tag k="OBJCOD" v="hotspt"/><tag k="catspt" v="1"/><tag k="OBJNAM" v="Castro Verde 3"/><tag k="DUNITS" v="4"/></node>
</create><create><node lat="5366047" lon="-357964" timestamp="2015-04-10T22:22:23Z" username="unknown"><tag k="OBJCOD" v="hotspt"/><tag k="catspt" v="1"/><tag k="OBJNAM" v="Castro Verde"/><tag k="INFORM" v="monte submarimo&#10;"/><tag k="DUNITS" v="4"/></node>
</create><create><node lat="5366069" lon="-358049" timestamp="2015-04-11T23:02:50Z" username="unknown"><tag k="OBJCOD" v="hotspt"/><tag k="catspt" v="1"/><tag k="OBJNAM" v="castro verde 4"/><tag k="DUNITS" v="1"/></node>
</create><create><node lat="5366193" lon="-359451" timestamp="2015-04-12T21:32:58Z" username="unknown"><tag k="OBJCOD" v="hotspt"/><tag k="catspt" v="1"/><tag k="OBJNAM" v="Cerca Castro Verde"/><tag k="DUNITS" v="4"/></node>
</create><create><node lat="5367027" lon="-357002" timestamp="2015-04-11T23:00:16Z" username="unknown"><tag k="OBJCOD" v="hotspt"/><tag k="catspt" v="1"/><tag k="OBJNAM" v="Castro Verde 1"/><tag k="DUNITS" v="4"/></node>
</create><create><node lat="5369205" lon="-360040" timestamp="2015-04-10T22:33:59Z" username="unknown"><tag k="OBJCOD" v="hotspt"/><tag k="catspt" v="1"/><tag k="OBJNAM" v="Kantal"/><tag k="DUNITS" v="4"/></node>
</create><create><node lat="5369222" lon="-368184" timestamp="2013-07-03T12:27:13Z" username="unknown"><tag k="OBJCOD" v="hotspt"/><tag k="catspt" v="1"/><tag k="OBJNAM" v="EL PLAYON"/><tag k="DUNITS" v="1"/>
            
            
            
            
        </node>
</create><create><node lat="5369278" lon="-363675" timestamp="2015-04-10T22:31:30Z" username="unknown"><tag k="OBJCOD" v="hotspt"/><tag k="catspt" v="1"/><tag k="OBJNAM" v="Kariga"/><tag k="DUNITS" v="4"/></node>
</create></bound>