<?xml version="1.0" encoding="UTF-8"?><bound box="6210089,-430510,6229600,-410941"><create><node lat="6210504" lon="-422637" timestamp="2011-08-20T19:22:18Z" username="unknown"><tag k="OBJCOD" v="WRECKS"/><tag k="VALSOU" v="35"/><tag k="OBJNAM" v="henry"/><tag k="DUNITS" v="1"/><tag k="CATWRK" v="1"/>
            
            
            
            
            
        </node>
</create><modify><node lat="6211513" lon="-419943" timestamp="2013-08-10T17:19:58Z" username="champo"><tag k="OBJCOD" v="SOUNDG"/>
            
        </node>
</modify><create><node lat="6211796" lon="-417682" timestamp="2013-07-07T07:16:51Z" username="camillehudelot"><tag k="OBJCOD" v="BOYLAT"/><tag k="OBJNAM" v=" "/><tag k="INFORM" v=" "/><tag k="COLOUR" v="4"/><tag k="BOYSHP" v="2"/>
            
            
            
            
            
        </node>
</create><create><node lat="6211837" lon="-417204" timestamp="2013-07-07T07:16:29Z" username="camillehudelot"><tag k="OBJCOD" v="OBSTRN"/><tag k="VALSOU" v=" "/><tag k="OBJNAM" v=" "/><tag k="INFORM" v=" "/><tag k="DUNITS" v="1"/>
            
            
            
            
            
        </node>
</create><create><node lat="6220191" lon="-411393" timestamp="2011-01-09T16:54:06Z"><tag k="OBJCOD" v="UWTROC"/><tag k="WATLEV" v="3"/><tag k="DUNITS" v="1"/>
            
            
            
        </node>
</create><create><node lat="6220770" lon="-413876" timestamp="2011-01-09T16:55:27Z"><tag k="OBJCOD" v="UWTROC"/><tag k="WATLEV" v="3"/><tag k="DUNITS" v="1"/>
            
            
            
        </node>
</create><create><node lat="6221827" lon="-415076" timestamp="2011-01-09T09:35:30Z"><tag k="OBJCOD" v="UWTROC"/><tag k="WATLEV" v="3"/><tag k="DUNITS" v="1"/>
            
            
            
        </node>
</create><create><node lat="6223172" lon="-412532" timestamp="2011-01-09T16:52:30Z"><tag k="OBJCOD" v="UWTROC"/><tag k="WATLEV" v="3"/><tag k="DUNITS" v="1"/>
            
            
            
        </node>
</create><create><node lat="6223371" lon="-412994" timestamp="2013-04-26T19:09:58Z" username="camillehudelot"><tag k="OBJCOD" v="FSHFAC"/><tag k="OBJNAM" v=" "/><tag k="INFORM" v=" "/>
            
            
            
        </node>
</create><create><node lat="6223708" lon="-411768" timestamp="2013-04-26T19:11:09Z" username="camillehudelot"><tag k="OBJCOD" v="FSHFAC"/><tag k="OBJNAM" v=" "/><tag k="INFORM" v="rock"/>
            
            
            
        
            
            
            
        </node>
</create><create><node lat="6223774" lon="-413879" timestamp="2011-01-10T19:01:22Z"><tag k="OBJCOD" v="UWTROC"/><tag k="WATLEV" v="3"/><tag k="DUNITS" v="1"/>
            
            
            
        </node>
</create><create><node lat="6227233" lon="-416260" timestamp="2015-10-21T13:58:50Z" username="galahad22"><tag k="OBJCOD" v="hotspt"/><tag k="catspt" v="1"/><tag k="VALSOU" v=" "/><tag k="OBJNAM" v="dérivé saint pierre"/><tag k="INFORM" v=" "/><tag k="DUNITS" v="1"/></node>
</create></bound>