<?xml version="1.0" encoding="UTF-8"?><bound box="7888952,-410941,7908483,-391372"><create><node lat="7895920" lon="-403524" timestamp="2014-06-11T14:57:44Z" username="Codswallop"><tag k="OBJCOD" v="WRECKS"/><tag k="VALSOU" v=" "/><tag k="OBJNAM" v="Rolyn"/><tag k="INFORM" v="small fishing boat"/><tag k="DUNITS" v="3"/><tag k="CATWRK" v="1"/>
            
            
            
            
            
            
        </node>
</create><create><node lat="7902072" lon="-405575" timestamp="2014-06-11T14:56:33Z" username="Codswallop"><tag k="OBJCOD" v="WRECKS"/><tag k="VALSOU" v=" "/><tag k="OBJNAM" v="Verona"/><tag k="INFORM" v="HMAY"/><tag k="DUNITS" v="3"/><tag k="CATWRK" v="1"/>
            
            
            
            
            
            
        </node>
</create><create><node lat="7904447" lon="-403246" timestamp="2014-06-11T14:54:01Z" username="Codswallop"><tag k="OBJCOD" v="WRECKS"/><tag k="VALSOU" v=" "/><tag k="OBJNAM" v="Young Fox"/><tag k="INFORM" v="Sailing Ship"/><tag k="DUNITS" v="3"/><tag k="CATWRK" v="1"/>
            
            
            
            
            
            
        </node>
</create></bound>