<?xml version="1.0" encoding="UTF-8"?><bound box="5780905,-293529,5800411,-273961"><create><node lat="5782251" lon="-277882" timestamp="2014-09-25T19:16:19Z" username="Raggety"><tag k="OBJCOD" v="UWTROC"/><tag k="WATLEV" v="3"/><tag k="VALSOU" v="5"/><tag k="OBJNAM" v="La Congrée"/><tag k="INFORM" v="La Congrée est la plus au nord et la plus spectaculaire.  La visibilité peut être exceptionnelle. Des blocs de roche énormes tombent en cascade au-delà de 80 m. On circule dans des grands canyons où les repères sont difficiles à prendre. Cliones géantes, rose de mer et gorgones colonisent les parois immenses."/><tag k="DUNITS" v="1"/>
            
            
            
            
            
            
        </node>
</create></bound>