<?xml version="1.0" encoding="UTF-8"?><bound box="4357796,-450078,4377280,-430510"><create><node lat="4368671" lon="-443215" timestamp="2013-05-02T15:23:13Z" username="unknown"><tag k="OBJCOD" v="gennav"/><tag k="OBJNAM" v="las Nieves"/>
            
            
        </node>
</create><create><node lat="4371756" lon="-433177" timestamp="2012-09-16T13:36:17Z" username="unknown"><tag k="OBJCOD" v="FSHFAC"/><tag k="OBJNAM" v="zona besugos"/><tag k="INFORM" v="110 metros invernadero en el centro de los edificios del marina"/>
            
            
            
        </node>
</create><create><node lat="4371875" lon="-448567" timestamp="2014-02-18T09:28:08Z" username="unknown"><tag k="OBJCOD" v="DISMAR"/>
            
        </node>
</create><create><node lat="4374321" lon="-440857" timestamp="2012-10-07T08:52:31Z" username="unknown"><tag k="OBJCOD" v="SBDARE"/><tag k="NATSUR" v="4"/>
            
            
        </node>
</create><create><node lat="4374460" lon="-444683" timestamp="2012-01-17T19:56:25Z" username="unknown"><tag k="OBJCOD" v="SOUNDG"/><tag k="VALSOU" v="24"/><tag k="DUNITS" v="4"/>
            
            
            
        </node>
</create><create><node lat="4375685" lon="-440780" timestamp="2012-07-17T11:24:33Z" username="antonio salazar"><tag k="OBJCOD" v="gennav"/><tag k="OBJNAM" v="Antonio"/><tag k="INFORM" v="Existen cuerdas sumergidas de los caladeros. Peligro enganche con ancla"/>
            
            
            
        </node>
</create><create><node lat="4375800" lon="-449567" timestamp="2013-03-18T05:54:14Z" username="unknown"><tag k="OBJCOD" v="UWTROC"/><tag k="WATLEV" v="3"/><tag k="OBJNAM" v="EL . DNTE"/><tag k="DUNITS" v="1"/>
            
            
            
            
        </node>
</create><delete><node lat="4376010" lon="-434361" timestamp="2013-02-27T17:07:24Z" username="unknown"><tag k="OBJCOD" v="SBDARE"/>
            
        </node>
</delete><create><node lat="4376085" lon="-439328" timestamp="2012-07-22T16:46:42Z" username="antonio salazar"><tag k="OBJCOD" v="psgiio"/><tag k="catser" v="131"/><tag k="OBJNAM" v="El varadero"/>
            
            
            
        
            
            
            
        </node>
</create><create><node lat="4376133" lon="-431692" timestamp="2012-01-17T19:53:54Z" username="unknown"><tag k="OBJCOD" v="SOUNDG"/><tag k="VALSOU" v="27"/><tag k="DUNITS" v="4"/>
            
            
            
        </node>
</create><create><node lat="4376147" lon="-439234" timestamp="2013-05-03T13:46:50Z" username="unknown"><tag k="OBJCOD" v="ACHBRT"/><tag k="OBJNAM" v="varadero el penoncillo&#10;&#10;&#10;&#10;&#10;&#10;&#10;"/><tag k="INFORM" v="Red Bear sobre un remolque"/>
            
            
            
        
            
            
            
        </node>
</create><create><node lat="4376937" lon="-435032" timestamp="2013-06-12T14:42:12Z" username="unknown"><tag k="OBJCOD" v="FSHFAC"/><tag k="OBJNAM" v="torre macaca 21 "/>
            
            
        </node>
</create><create><node lat="4377018" lon="-431958" timestamp="2012-04-30T18:47:39Z" username="unknown"><tag k="OBJCOD" v="FSHFAC"/><tag k="OBJNAM" v="Pesca"/><tag k="INFORM" v="Buena zona de pesca sobre todo de jureles y caballas a principios de verano a la salida del sol empleando como cebo gusana coreana."/>
            
            
            
        </node>
</create><create><node lat="4377256" lon="-436908" timestamp="2012-11-02T20:00:22Z" username="unknown"><tag k="OBJCOD" v="WRECKS"/><tag k="VALSOU" v="3"/><tag k="OBJNAM" v="Delfin, barco del arroz, pecio calaceite"/><tag k="INFORM" v="Pecio de Calaceite, el otro barco del arroz&#10;&#10;A pocos metros de la orilla en Torrox se encuentra el buque DelfÃ­n, mÃ¡s conocido como el pecio de Calaceite, Â«nombre que le dieron los habitantes de la zona porque destilaba aceiteÂ», recuerda el responsable de Nerea ArqueologÃ­a SubacuÃ¡tica. Hundido en enero de 1937, el objetivo de este barco era suministrar alimentos a la ciudad, sobre todo a las tropas que la defendÃ­an del asedio de los nacionales. &#10;&#10;El buque DelfÃ­n fue destruido por el submarino italiano Ciro Menotti, tambiÃ©n dentro de la operaciÃ³n internacional de ayuda a las tropas franquistas para vigilar las costas espaÃ±olas. Y la pÃ©rdida de este barco fue muy importante para los republicanos, porque se trataba de comida, concretamente de harina, aceite y bacalao. &#10;&#10;Â«Hablando con las fuentes orales de la zona, a este buque le llamaban el barco del arroz, como tambiÃ©n se le denomina a uno que hay en CÃ¡diz. Parece que siempre se utiliza este nombre para los navÃ­os que transportaban comida en Ã©poca de hambruna y que nunca conseguÃ­an llegar a su destinoÂ», observa Javier Noriega. &#10;&#10;A pesar de ser derribado, el buque DelfÃ­n pudo salvar parte de su carga, puesto que una de las tÃ¡cticas en las contiendas marÃ­timas era, una vez tocados, acercarse lo mÃ¡ximo posible a la orilla. AsÃ­, el barco hoy en dÃ­a estÃ¡ sÃ³lo a tres o cuatro metros de profundidad, lo que tambiÃ©n ayudÃ³ a que hubiera mÃ¡s supervivientes del naufragio."/><tag k="DUNITS" v="1"/><tag k="CATWRK" v="2"/>
            
            
            
            
            
            
        </node>
</create></bound>