<?xml version="1.0" encoding="UTF-8"?><bound box="7869421,-430510,7888952,-410941"><create><node lat="7884337" lon="-418613" timestamp="2014-06-11T14:16:56Z" username="Codswallop"><tag k="OBJCOD" v="WRECKS"/><tag k="VALSOU" v=" "/><tag k="OBJNAM" v="San Tiburcio"/><tag k="INFORM" v="Steam Tanker"/><tag k="DUNITS" v="3"/><tag k="CATWRK" v="1"/>
            
            
            
            
            
            
        </node>
</create><modify><node lat="7884375" lon="-418605" timestamp="2012-06-30T06:07:06Z" username="turtleboy"><tag k="OBJCOD" v="WRECKS"/><tag k="OBJNAM" v="San Tiburcio"/><tag k="DUNITS" v="1"/>
            
            
            
        </node>
</modify></bound>