<?xml version="1.0" encoding="UTF-8"?><bound box="6210089,-371804,6229600,-352235"><create><node lat="6215105" lon="-368136" timestamp="2011-03-25T13:23:43Z" username="unknown"><tag k="OBJCOD" v="ACHBRT"/>
            
        </node>
</create><delete><node lat="6215121" lon="-368360" timestamp="2013-07-21T21:15:39Z" username="felix2855"><tag k="OBJCOD" v="LIGHTS"/><tag k="COLOUR" v="4"/>
            
            
        </node>
</delete><create><node lat="6216009" lon="-365035" timestamp="2011-03-25T13:21:29Z" username="unknown"><tag k="OBJCOD" v="ACHBRT"/>
            
        </node>
</create><modify><node lat="6217346" lon="-354361" timestamp="2014-08-04T12:03:20Z" username="dassin"><tag k="OBJCOD" v="BCNSPP"/><tag k="OBJNAM" v=" "/><tag k="INFORM" v="Amer Tourelle blanche"/>
            
            
            
        
            
            
        </node>
</modify><modify><node lat="6218746" lon="-353148" timestamp="2013-09-28T20:40:27Z" username="dassin"><tag k="OBJCOD" v="BCNCAR"/><tag k="OBJNAM" v="Tourelle cardinale nord"/><tag k="INFORM" v="Entr&#xE9;e chenal tr&#xE9;guiet"/>
            
            
        
            
            
            
        
            
            
        </node>
</modify><modify><node lat="6218799" lon="-353780" timestamp="2013-09-22T13:34:20Z" username="dassin"><tag k="OBJCOD" v="BCNLAT"/><tag k="INFORM" v="Tourelle verte"/>
            
            
        </node>
</modify><modify><node lat="6221649" lon="-352576" timestamp="2014-08-04T11:33:10Z" username="dassin"><tag k="OBJCOD" v="BCNLAT"/><tag k="OBJNAM" v=" "/><tag k="INFORM" v="Perche verte"/>
            
            
            
        </node>
</modify><modify><node lat="6221866" lon="-352732" timestamp="2014-08-04T11:32:39Z" username="dassin"><tag k="OBJCOD" v="BCNLAT"/><tag k="OBJNAM" v=" "/><tag k="INFORM" v="Tourelle verte"/>
            
            
            
        </node>
</modify><create><node lat="6223667" lon="-368584" timestamp="2014-02-13T07:38:26Z" username="champo"><tag k="OBJCOD" v="WRECKS"/><tag k="OBJNAM" v="Position t29 suivant Subaqua"/><tag k="DUNITS" v="1"/><tag k="CATWRK" v="1"/>
            
            
            
            
        </node>
</create><create><node lat="6223878" lon="-352567" timestamp="2011-07-30T05:55:07Z" username="unknown"><tag k="OBJCOD" v="UWTROC"/><tag k="WATLEV" v="3"/><tag k="DUNITS" v="1"/>
            
            
            
        </node>
</create></bound>