<?xml version="1.0" encoding="UTF-8"?><bound box="6171067,-450078,6190578,-430510"><create><node lat="6184886" lon="-437688" timestamp="2013-04-09T07:34:17Z" username="lm"><tag k="OBJCOD" v="psgiio"/><tag k="catser" v="2"/><tag k="zipcde" v="29660"/><tag k="websit" v="www.chantiernavalcarantec.com"/><tag k="telnum" v="06 09 74 57 40"/><tag k="strnam" v="Route de la grande grève"/><tag k="citynm" v="Carantec"/><tag k="OBJNAM" v="Chantier Naval Carantec"/><tag k="INFORM" v="Ouvert du lundi au samedi de 8H30 à 17H30"/>
            
            
            
            
            
            
            
            
            
        </node>
</create><create><node lat="6185078" lon="-436674" timestamp="2012-05-06T16:58:42Z" username="guillaume"><tag k="OBJCOD" v="SOUNDG"/><tag k="DUNITS" v="1"/>
            
            
        </node>
</create><modify><node lat="6187035" lon="-432199" timestamp="2013-09-12T05:57:07Z" username="unknown"><tag k="OBJCOD" v="BOYLAT"/><tag k="INFORM" v="Barre de Fl&#xF4;t"/>
            
            
        </node>
</modify><create><node lat="6187041" lon="-432197" timestamp="2015-08-02T20:13:27Z" username="jacquescauzanet"><tag k="OBJCOD" v="gennav"/><tag k="OBJNAM" v="Barre des flots"/><tag k="INFORM" v="Position sur carte navionics semble inexacte de 15 m"/></node>
</create><create><node lat="6187081" lon="-432149" timestamp="2015-08-02T20:20:21Z" username="jacquescauzanet"><tag k="OBJCOD" v="gennav"/><tag k="OBJNAM" v="Barre des flots morlaix"/><tag k="INFORM" v="Coef 106 - 3h avant PM Roscoff - vent sud est F5 contre courant&#10;Creux 1m50 / 2m - Voilier - moteur hb 6cv sort de eau - tirer des bord est mieux - Ne pas prendre la houle de face -Remonter riviere Morlaix - fond 3/4 m jusque 1ere ecluse avant PM possible"/></node>
</create><create><node lat="6187349" lon="-435279" timestamp="2014-01-14T19:05:22Z" username="pen coat"><tag k="OBJCOD" v="ACHBRT"/><tag k="OBJNAM" v="carantec"/><tag k="INFORM" v="ancrage"/>
            
            
            
        
            
            
            
        </node>
</create><create><node lat="6187768" lon="-439376" timestamp="2013-05-19T20:53:29Z" username="unknown"><tag k="OBJCOD" v="gennav"/><tag k="OBJNAM" v="mai 2013"/>
            
            
        </node>
</create><create><node lat="6187941" lon="-437300" timestamp="2014-09-07T17:39:32Z" username="tamoure.fr"><tag k="OBJCOD" v="UWTROC"/><tag k="WATLEV" v="2"/><tag k="VALSOU" v=" "/><tag k="OBJNAM" v="piquet"/><tag k="INFORM" v=" "/><tag k="DUNITS" v="1"/>
            
            
            
            
            
            
        </node>
</create><create><node lat="6187952" lon="-434384" timestamp="2015-08-19T13:43:36Z" username="jacquescauzanet"><tag k="OBJCOD" v="ACHBRT"/><tag k="OBJNAM" v="Numero 01 kelenn"/><tag k="INFORM" v="Bouee blanche - BM Roscoff - 3m - Coef 106"/></node>
</create><create><node lat="6188360" lon="-434117" timestamp="2015-08-02T20:07:14Z" username="jacquescauzanet"><tag k="OBJCOD" v="gennav"/><tag k="OBJNAM" v="Passage ile louet"/><tag k="INFORM" v="Coef 106. Passage possible 3 h avant PM Roscoff -prof 3 / 4 m"/></node>
</create><create><node lat="6188391" lon="-434302" timestamp="2015-08-02T20:17:33Z" username="jacquescauzanet"><tag k="OBJCOD" v="gennav"/><tag k="OBJNAM" v="Piquet en bois sans marque"/><tag k="INFORM" v="Passage entre ce piquet et la basse plate possible - coef 106   - 3h 15 avant PM de Roscoff"/></node>
</create><create><node lat="6188392" lon="-435920" timestamp="2015-05-07T20:32:32Z" username="marie49510"><tag k="OBJCOD" v="SOUNDG"/><tag k="VALSOU" v=" "/><tag k="DUNITS" v="1"/></node>
</create><delete><node lat="6189131" lon="-441581" timestamp="2011-08-13T16:31:54Z" username="unknown"><tag k="OBJCOD" v="SBDARE"/>
            
        </node>
</delete><create><node lat="6189220" lon="-433171" timestamp="2014-07-07T16:14:04Z" username="Panambreizh"><tag k="OBJCOD" v="WRECKS"/><tag k="VALSOU" v="30"/><tag k="OBJNAM" v="Aboukir Bay"/><tag k="INFORM" v=" "/><tag k="DUNITS" v="1"/><tag k="CATWRK" v="1"/>
            
            
            
            
            
            
        
            
            
            
            
            
        </node>
</create><modify><node lat="6189704" lon="-435152" timestamp="2014-08-04T17:05:24Z" username="Thierry Georges"><tag k="OBJCOD" v="BCNLAT"/><tag k="OBJNAM" v="Platines de Callot"/><tag k="INFORM" v=" "/></node>
</modify><modify><node lat="6189781" lon="-441444" timestamp="2014-07-19T18:00:21Z" username="abilyg"><tag k="OBJCOD" v="SBDARE"/>
            
        </node>
</modify><delete><node lat="6190529" lon="-441590" timestamp="2011-05-14T07:30:14Z" username="unknown"><tag k="OBJCOD" v="hotspt"/><tag k="catspt" v="1"/><tag k="OBJNAM" v="youpi&#10;"/><tag k="DUNITS" v="1"/>
            
            
            
            
        </node>
</delete></bound>