<?xml version="1.0" encoding="UTF-8"?><bound box="7225014,-352235,7244538,-332667"><delete><node lat="7240702" lon="-335475" timestamp="2012-02-11T17:01:35Z" username="AJWUK"><tag k="OBJCOD" v="SMACRA"/><tag k="ofsety" v="0"/><tag k="ofsetx" v="0"/><tag k="CATSMC" v="9"/>
            
            
            
            
        </node>
</delete><modify><node lat="7240705" lon="-335487" timestamp="2011-03-03T16:15:48Z" username="unknown"><tag k="OBJCOD" v="SMACRA"/><tag k="ofsety" v="0"/><tag k="ofsetx" v="0"/><tag k="CATSMC" v="7"/>
            
            
            
            
        </node>
</modify></bound>