<?xml version="1.0" encoding="UTF-8"?><bound box="6483272,-391372,6502787,-371804"><create><node lat="6483317" lon="-388076" timestamp="2013-03-17T10:19:47Z" username="KevB"><tag k="OBJCOD" v="hotspt"/><tag k="catspt" v="1"/><tag k="VALSOU" v=" "/><tag k="OBJNAM" v="Berry Head"/><tag k="INFORM" v="Rocks"/><tag k="DUNITS" v="3"/>
            
            
            
            
            
            
        </node>
</create><create><node lat="6484000" lon="-390963" timestamp="2013-12-10T08:18:13Z" username="mat"><tag k="OBJCOD" v="SOUNDG"/><tag k="VALSOU" v="6.2"/><tag k="DUNITS" v="1"/>
            
            
            
        </node>
</create><create><node lat="6485154" lon="-378840" timestamp="2011-07-12T23:13:19Z" username="Matt35"><tag k="OBJCOD" v="WRECKS"/><tag k="OBJNAM" v="Bargie"/><tag k="DUNITS" v="1"/><tag k="CATWRK" v="1"/>
            
            
            
            
        </node>
</create><create><node lat="6485917" lon="-376641" timestamp="2015-10-01T14:46:10Z" username="beeny"><tag k="OBJCOD" v="gennav"/><tag k="OBJNAM" v="savilla"/><tag k="INFORM" v=" "/></node>
</create><create><node lat="6485987" lon="-374805" timestamp="2011-07-12T23:11:51Z" username="Matt35"><tag k="OBJCOD" v="WRECKS"/><tag k="OBJNAM" v="Avalon"/><tag k="DUNITS" v="1"/><tag k="CATWRK" v="1"/>
            
            
            
            
        </node>
</create><create><node lat="6486619" lon="-374971" timestamp="2015-10-01T14:39:38Z" username="beeny"><tag k="OBJCOD" v="gennav"/><tag k="OBJNAM" v="stryn"/><tag k="INFORM" v=" "/></node>
</create><create><node lat="6492318" lon="-390030" timestamp="2014-08-15T21:51:43Z" username="Coastie"><tag k="OBJCOD" v="gennav"/><tag k="OBJNAM" v="Morris Rogue"/>
            
            
        </node>
</create><delete><node lat="6494724" lon="-380096" timestamp="2015-07-06T21:59:01Z" username="nicebut61"><tag k="OBJCOD" v="BOYSPP"/></node>
</delete><create><node lat="6494741" lon="-380099" timestamp="2014-08-23T09:45:02Z" username="Coastie"><tag k="OBJCOD" v="BOYCAR"/><tag k="OBJNAM" v="West cardinal mark"/><tag k="INFORM" v="Temporary wreck buoys removed and replaced with cardinal marks"/><tag k="COLOUR" v="6;2"/><tag k="CATCAM" v="3"/><tag k="BOYSHP" v="4"/>
            
            
            
            
            
            
            
        
            
            
            <slave>
                <tag k="OBJCOD" v="TOPMAR"/>
                <tag k="TOPSHP" v="14"/>
            </slave>
        </node>
</create><create><node lat="6494916" lon="-380096" timestamp="2015-07-06T21:57:31Z" username="nicebut61"><tag k="OBJCOD" v="WRECKS"/><tag k="VALSOU" v="9.7"/><tag k="OBJNAM" v="Emsstrom"/><tag k="INFORM" v="Ship sank being towed, it nearly sank the tug towing it. 25m max depth 9.7m min."/><tag k="DUNITS" v="1"/><tag k="CATWRK" v="1"/></node>
</create><delete><node lat="6494919" lon="-380293" timestamp="2014-08-23T09:42:55Z" username="Coastie"><tag k="OBJCOD" v="BOYSPP"/>
            
        </node>
</delete><delete><node lat="6494919" lon="-379901" timestamp="2014-08-23T09:36:58Z" username="Coastie"><tag k="OBJCOD" v="BOYSPP"/>
            
        </node>
</delete><create><node lat="6494921" lon="-380291" timestamp="2014-08-23T09:39:09Z" username="Coastie"><tag k="OBJCOD" v="BOYCAR"/><tag k="OBJNAM" v="Coastie"/><tag k="INFORM" v="Temporary wreck buoys removed and replaced with cardinal marks"/><tag k="COLOUR" v="6;2;6"/><tag k="CATCAM" v="4"/><tag k="BOYSHP" v="4"/>
            
            
            
            
            
            
            <slave>
                <tag k="OBJCOD" v="TOPMAR"/>
                <tag k="TOPSHP" v="10"/>
            </slave>
        </node>
</create><create><node lat="6494922" lon="-379898" timestamp="2014-08-23T09:44:17Z" username="Coastie"><tag k="OBJCOD" v="BOYCAR"/><tag k="OBJNAM" v="East cardinal mark"/><tag k="INFORM" v="Temporary wreck buoys removed and replaced with cardinal marks"/><tag k="COLOUR" v="2;6;2"/><tag k="CATCAM" v="2"/><tag k="BOYSHP" v="4"/>
            
            
            
            
            
            
            
        
            
            
            <slave>
                <tag k="OBJCOD" v="TOPMAR"/>
                <tag k="TOPSHP" v="11"/>
            </slave>
        </node>
</create><delete><node lat="6495114" lon="-380096" timestamp="2014-08-23T09:42:28Z" username="Coastie"><tag k="OBJCOD" v="BOYSPP"/>
            
        </node>
</delete><create><node lat="6495122" lon="-380089" timestamp="2014-08-23T09:43:52Z" username="Coastie"><tag k="OBJCOD" v="BOYCAR"/><tag k="OBJNAM" v="North cardinal mark"/><tag k="INFORM" v="Temporary wreck buoys removed and replaced with cardinal marks"/><tag k="COLOUR" v="2;6"/><tag k="CATCAM" v="1"/><tag k="BOYSHP" v="4"/>
            
            
            
            
            
            
            
        
            
            
            <slave>
                <tag k="OBJCOD" v="TOPMAR"/>
                <tag k="TOPSHP" v="13"/>
            </slave>
        </node>
</create><create><node lat="6495375" lon="-376394" timestamp="2013-07-23T10:45:17Z" username="unknown"><tag k="OBJCOD" v="WRECKS"/><tag k="VALSOU" v="30"/><tag k="OBJNAM" v="ss perone (1917)"/><tag k="INFORM" v="3342 ton steamship. sunk in 30m"/><tag k="DUNITS" v="1"/><tag k="CATWRK" v="1"/>
            
            
            
            
            
            
        </node>
</create><delete><node lat="6495379" lon="-376390" timestamp="2015-06-27T08:06:52Z" username="JustRibing"><tag k="OBJCOD" v="WRECKS"/></node>
</delete><create><node lat="6495413" lon="-376309" timestamp="2015-07-02T16:53:49Z" username="Wrk Admiral Van Tromp"><tag k="OBJCOD" v="WRECKS"/><tag k="OBJNAM" v="Peron"/><tag k="DUNITS" v="1"/><tag k="CATWRK" v="1"/></node>
</create><create><node lat="6496111" lon="-378214" timestamp="2013-09-19T10:32:44Z" username="sun trapper"><tag k="OBJCOD" v="WRECKS"/><tag k="OBJNAM" v="Dave Ashman"/><tag k="INFORM" v="Wreck buoys (Emsstrom ) 50: 28.12N 003:24.88W"/><tag k="DUNITS" v="1"/><tag k="CATWRK" v="2"/>
            
            
            
            
            
        </node>
</create><create><node lat="6497622" lon="-374868" timestamp="2011-07-12T23:20:44Z" username="Matt35"><tag k="OBJCOD" v="WRECKS"/><tag k="OBJNAM" v="Bretagne"/><tag k="DUNITS" v="1"/><tag k="CATWRK" v="1"/>
            
            
            
            
        </node>
</create><create><node lat="6498844" lon="-375940" timestamp="2013-06-04T13:56:45Z" username="alextbsac0456"><tag k="OBJCOD" v="WRECKS"/><tag k="OBJNAM" v="Bretagne"/><tag k="INFORM" v="18-25m&#10;&#10;OK all but worst&#10;&#10;50°29.450'N 03.22.620'W&#10;&#10;Norwegian Schooner/steamer, 1.44KT, 70m, sunk 1918, bow SW, good dive/viz, coal"/><tag k="DUNITS" v="1"/><tag k="CATWRK" v="1"/>
            
            
            
            
            
        </node>
</create><create><node lat="6498960" lon="-376085" timestamp="2012-06-25T18:03:39Z" username="alextbsac0456"><tag k="OBJCOD" v="WRECKS"/><tag k="OBJNAM" v="The Bretagne"/><tag k="INFORM" v="The wreck lies upright at 50:29:490 - 03:22:698 - a few miles east of Torbay. She lies in 30m of water and it is 23m to her decks. There is a lot to see on the wreck. Her deck and holds are quite well preserved as are some of her deck handrails. The diver can descend down by her stern and forage around the prop shaft around which there is a bit of a silty scour. The wreck has a lot of atmosphere. Like most wrecks, diving the Bretagne is best done during slack water, but diving is quite possible at most states of the tide. The biggest problem is visibility. The Bretagne can be a darkish wreck to dive."/><tag k="DUNITS" v="1"/><tag k="CATWRK" v="1"/>
            
            
            
            
            
        </node>
</create></bound>