<?xml version="1.0" encoding="UTF-8"?><bound box="7010264,-352235,7029786,-332667"><create><node lat="7012486" lon="-351636" timestamp="2011-06-18T12:56:06Z" username="unknown"><tag k="OBJCOD" v="ACHBRT"/><tag k="OBJNAM" v="Tessa mooring"/>
            
            
        </node>
</create><create><node lat="7013632" lon="-351761" timestamp="2011-01-05T13:32:08Z"><tag k="OBJCOD" v="psgiio"/><tag k="catser" v="81"/><tag k="zipcde" v="CH610HN"/><tag k="websit" v="http://www.dsc-sc.co.uk"/><tag k="telnum" v="01516482300"/><tag k="strnam" v="Station Road"/><tag k="citynm" v="Thurstaston"/><tag k="OBJNAM" v="Dee Sailing Club"/><tag k="INFORM" v="Dee Sailing Club has an active catamaran racing fleet as well as cruiser racers. No visitors moorings, but there is slipway access. Watch for causeway extending a cable from the shore"/>
            
            
            
            
            
            
            
            
            
        </node>
</create><create><node lat="7017485" lon="-333753" timestamp="2013-06-08T09:11:59Z" username="alexj.mcculloch"><tag k="OBJCOD" v="SMACRA"/><tag k="ofsety" v="0"/><tag k="ofsetx" v="0"/><tag k="TELNUM" v="+44 151645 3204"/><tag k="SRVLST" v="168;36"/><tag k="OBJNAM" v="Liverpool - Royal Mersey Yc"/><tag k="CATSMC" v="1"/>
            
            
            
            
            
            
            
        </node>
</create><create><node lat="7019018" lon="-345173" timestamp="2011-11-09T09:41:25Z" username="hensh"><tag k="OBJCOD" v="gennav"/><tag k="OBJNAM" v="river wear new bridge"/><tag k="INFORM" v="proposed new bridge to be built over the river wear fromcastletown to pallion&#10;www.sunderlandbridge.com"/>
            
            
            
        </node>
</create><modify><node lat="7020014" lon="-333006" timestamp="2014-09-30T14:32:04Z" username="capn666"><tag k="OBJCOD" v="WRECKS"/><tag k="VALSOU" v="6.50"/><tag k="OBJNAM" v="Ken"/><tag k="INFORM" v="This 6.5m sounding is incorrectly attributed to this wreck."/><tag k="DUNITS" v="1"/>
            
            
            
            
            
        
            
            
            
            
            
        </node>
</modify><create><node lat="7021561" lon="-334960" timestamp="2011-06-21T14:24:32Z" username="unknown"><tag k="OBJCOD" v="SMACRA"/><tag k="ofsety" v="0"/><tag k="ofsetx" v="0"/><tag k="TELNUM" v="+44 151645 3204"/><tag k="SRVLST" v="168;36"/><tag k="OBJNAM" v="Liverpool - Royal Mersey Yc"/><tag k="CATSMC" v="1"/>
            
            
            
            
            
            
            
        </node>
</create><create><node lat="7021768" lon="-337094" timestamp="2011-04-10T10:15:32Z" username="unknown"><tag k="OBJCOD" v="SOUNDG"/><tag k="DUNITS" v="1"/>
            
            
        </node>
</create><create><node lat="7021818" lon="-337114" timestamp="2011-04-10T13:55:43Z" username="unknown"><tag k="OBJCOD" v="CGUSTA"/><tag k="OBJNAM" v="liverpool"/>
            
            
        </node>
</create><modify><node lat="7023201" lon="-333058" timestamp="2013-06-05T21:09:17Z" username="alexj.mcculloch"><tag k="OBJCOD" v="SMACRA"/><tag k="ofsety" v="194"/><tag k="ofsetx" v="339"/><tag k="CATSMC" v="1"/>
            
            
            
            
        </node>
</modify><create><node lat="7023434" lon="-333201" timestamp="2013-11-12T11:19:49Z" username="unknown"><tag k="OBJCOD" v="psgiio"/><tag k="catser" v="81"/><tag k="zipcde" v="L3 4AQ"/><tag k="websit" v="www.tallships.org/voyages/ssn-visits-liverpool/"/><tag k="telnum" v="02392832055"/><tag k="strnam" v="Hartley Quay"/><tag k="citynm" v="Liverpool"/><tag k="OBJNAM" v="Stavros.S.Niarchos Ship. TSYT. "/><tag k="INFORM" v="Tall Ships Youth Trust. &#10;LOA:195ft. Height:123ft. Draft:16ft. Type:Brig. Launched:2000. Sails:18. Engines:2. Max crew:67. &#10;Moored in Liverpool until end of March 2014. &#10;J:-) &#10;"/>
            
            
            
            
            
            
            
            
            
        </node>
</create><delete><node lat="7025589" lon="-347976" timestamp="2011-11-09T07:41:47Z" username="unknown"><tag k="OBJCOD" v="BCNSPP"/><tag k="OBJNAM" v="Leasowe Lt. Ho."/><tag k="COLOUR" v="2"/><tag k="BCNSHP" v="5"/>
            
            
            
            
        </node>
</delete><create><node lat="7026088" lon="-334832" timestamp="2013-11-23T13:34:57Z" username="unknown"><tag k="OBJCOD" v="hotspt"/><tag k="catspt" v="1"/><tag k="OBJNAM" v="Liverpool tunnel vent"/><tag k="INFORM" v="welsh cod match"/><tag k="DUNITS" v="1"/>
            
            
            
            
            
        </node>
</create><create><node lat="7027239" lon="-334736" timestamp="2013-12-20T11:47:35Z" username="MagicPelagic"><tag k="OBJCOD" v="BOYSPP"/><tag k="OBJNAM" v="Sandon Outfall Marker"/><tag k="INFORM" v="White isophase every 4 seconds top marker of Silver St Andrews Cross NTM no. 18 2013"/><tag k="COLOUR" v="6"/><tag k="BOYSHP" v="5"/>
            
            
            
            
            
            <slave>
                <tag k="OBJCOD" v="LIGHTS"/>
                <tag k="COLOUR" v="12"/>
            </slave>
        </node>
</create><create><node lat="7027849" lon="-336364" timestamp="2014-04-02T17:16:15Z" average_rating="3.0" rating_count="1" reviews_count="1" username="paulpratt"><tag k="OBJCOD" v="ACHBRT"/><tag k="OBJNAM" v="Lyc buoy"/>
            
            
        </node>
</create><create><node lat="7027996" lon="-334662" timestamp="2014-03-15T11:47:16Z" username="Nodrog"><tag k="OBJCOD" v="gennav"/><tag k="OBJNAM" v="Langton Lock"/>
            
            
        </node>
</create></bound>