<?xml version="1.0" encoding="UTF-8"?><bound box="4260382,-352235,4279864,-332667"><delete><node lat="4266795" lon="-337932" timestamp="2013-05-27T12:11:25Z" username="unknown"><tag k="OBJCOD" v="SBDARE"/>
            
        </node>
</delete><create><node lat="4267068" lon="-338083" timestamp="2014-04-06T22:58:08Z" username="Brendan"><tag k="OBJCOD" v="DISMAR"/><tag k="OBJNAM" v="Alboran"/>
            
            
        </node>
</create><modify><node lat="4267125" lon="-337737" timestamp="2014-12-28T09:32:50Z" username="enya"><tag k="OBJCOD" v="SMACRA"/><tag k="ofsety" v="36"/><tag k="ofsetx" v="107"/><tag k="CATSMC" v="1"/>
            
            
            
            
        </node>
</modify><create><node lat="4267151" lon="-337628" timestamp="2013-08-31T14:34:48Z" username="Compromiss888"><tag k="OBJCOD" v="gennav"/><tag k="OBJNAM" v="Compromiss888"/><tag k="INFORM" v="No Harbor!&#10;No Anchorege!&#10;Only Millitary!"/>
            
            
            
        </node>
</create><modify><node lat="4267168" lon="-337513" timestamp="2014-08-01T16:09:20Z" username="edu-ardo"><tag k="OBJCOD" v="WRECKS"/><tag k="VALSOU" v=" "/><tag k="OBJNAM" v="alboran"/><tag k="INFORM" v=" "/><tag k="DUNITS" v="1"/>
            
            
            
            
            
        </node>
</modify><create><node lat="4267552" lon="-337464" timestamp="2015-01-09T00:20:18Z" username="foxcepin"><tag k="OBJCOD" v="gennav"/><tag k="OBJNAM" v="Cementerio"/><tag k="INFORM" v="Cementerio antiguo (3 l&#xE1;pidas)."/>
            
            
            
        
            
            
            
        </node>
</create><create><node lat="4279561" lon="-343306" timestamp="2011-06-23T14:19:34Z" username="unknown"><tag k="OBJCOD" v="gennav"/><tag k="OBJNAM" v="oscuro"/>
            
            
        </node>
</create></bound>