<?xml version="1.0" encoding="UTF-8"?><bound box="8103805,-371804,8123338,-352235"><delete><node lat="8105152" lon="-352409" timestamp="2011-09-05T10:23:19Z" username="unknown"><tag k="OBJCOD" v="BOYLAT"/><tag k="abrchr" v="R FL(2) R 12S"/><tag k="MARSYS" v="1"/><tag k="COLOUR" v="3"/><tag k="CATLAM" v="1"/><tag k="BOYSHP" v="2"/>
            
            
            
            
            
            
            <slave>
                <tag k="OBJCOD" v="LIGHTS"/>
                <tag k="SIGGRP" v="(2)"/>
                <tag k="SIGPER" v="12.00"/>
                <tag k="abrchr" v="R FL(2) R 12S"/>
                <tag k="COLOUR" v="3"/>
                <tag k="LITCHR" v="2"/>
                <tag k="VERDAT" v="17"/>
            </slave>
        </node>
</delete><delete><node lat="8105211" lon="-352404" timestamp="2011-09-05T07:45:12Z" username="unknown"><tag k="OBJCOD" v="UWTROC"/>
            
        </node>
</delete><delete><node lat="8117070" lon="-356978" timestamp="2014-08-01T11:58:06Z" username="nohj"><tag k="OBJCOD" v="BOYSPP"/>
            
        </node>
</delete><modify><node lat="8121850" lon="-355051" timestamp="2011-03-12T23:50:18Z" username="unknown"><tag k="OBJCOD" v="WRECKS"/><tag k="OBJNAM" v="SMS Markgraf"/><tag k="INFORM" v="Konig class battleship. which was built at the AG Weser shipyard in Bremen. Her keel was laid in November 1911 and she was launched on 4 June 1913. After completion she was commissioned on 1 October 1914, the others being the SMS Konig, the SMS Grober Kurfurst, and the SMS Kronprinz. The Markgraf displaced 28,600 tons fully loaded, with a length of 175m, a beam of 30m and a draft of  9m. She was powered by three turbines developing 41,400 hp each, giving a maximum speed of 21 knots. She was armed with ten 12&quot; guns arranged in five double gun turrets, two super firing turrets fore and aft with one turret midships between the two funnels and five 500mm torpedo tubes. She was scuttled by her crew on 21 June 1919, together with the entire German High Seas Fleet and sank at 1645 hrs."/><tag k="DUNITS" v="4"/>
            
            
            
            
        </node>
</modify></bound>