<?xml version="1.0" encoding="UTF-8"?><bound box="7010264,-391372,7029786,-371804"><create><node lat="7011764" lon="-379684" timestamp="2013-11-15T13:52:54Z" username="chalkyd"><tag k="OBJCOD" v="hotspt"/><tag k="catspt" v="1"/><tag k="VALSOU" v=" "/><tag k="OBJNAM" v="bass"/><tag k="INFORM" v="flood"/><tag k="DUNITS" v="3"/>
            
            
            
            
            
            
        </node>
</create><create><node lat="7016118" lon="-374178" timestamp="2011-04-10T07:55:05Z" username="unknown"><tag k="OBJCOD" v="BCNSPP"/><tag k="OBJNAM" v="Talacre"/><tag k="COLOUR" v="2"/><tag k="BCNSHP" v="5"/>
            
            
            
            
        </node>
</create><delete><node lat="7017067" lon="-381265" timestamp="2015-05-25T09:06:11Z" username="Grahamd"><tag k="OBJCOD" v="WRECKS"/></node>
</delete><create><node lat="7018476" lon="-373234" timestamp="2014-06-01T09:58:25Z" username="Grahamd"><tag k="OBJCOD" v="gennav"/><tag k="OBJNAM" v="Cut though"/>
            
            
        </node>
</create><create><node lat="7020889" lon="-381258" timestamp="2014-06-05T19:38:12Z" username="dory blue"><tag k="OBJCOD" v="hotspt"/><tag k="catspt" v="1"/><tag k="OBJNAM" v="Tope"/><tag k="DUNITS" v="1"/>
            
            
            
            
        </node>
</create><create><node lat="7022938" lon="-383332" timestamp="2014-06-05T19:43:21Z" username="dory blue"><tag k="OBJCOD" v="WRECKS"/><tag k="OBJNAM" v="Ceylon"/><tag k="DUNITS" v="1"/><tag k="CATWRK" v="1"/>
            
            
            
            
        </node>
</create><create><node lat="7024569" lon="-386176" timestamp="2015-08-01T13:19:04Z" username="hutty"><tag k="OBJCOD" v="gennav"/><tag k="OBJNAM" v="NH 01"/><tag k="INFORM" v=" "/></node>
</create><create><node lat="7024785" lon="-384862" timestamp="2015-08-01T13:18:49Z" username="hutty"><tag k="OBJCOD" v="gennav"/><tag k="OBJNAM" v="NH 02"/><tag k="INFORM" v=" "/></node>
</create><create><node lat="7025084" lon="-383570" timestamp="2015-08-01T13:15:07Z" username="hutty"><tag k="OBJCOD" v="gennav"/><tag k="OBJNAM" v="NH 03"/><tag k="INFORM" v=" "/></node>
</create><create><node lat="7025088" lon="-386323" timestamp="2015-08-01T13:16:53Z" username="hutty"><tag k="OBJCOD" v="gennav"/><tag k="OBJNAM" v="NH 06"/><tag k="INFORM" v=" "/></node>
</create><create><node lat="7025319" lon="-382225" timestamp="2015-08-01T13:18:33Z" username="hutty"><tag k="OBJCOD" v="gennav"/><tag k="OBJNAM" v="NH 04"/><tag k="INFORM" v=" "/></node>
</create><create><node lat="7025361" lon="-385004" timestamp="2015-08-01T13:16:06Z" username="hutty"><tag k="OBJCOD" v="gennav"/><tag k="OBJNAM" v="NH 07"/><tag k="INFORM" v=" "/></node>
</create><create><node lat="7025585" lon="-383685" timestamp="2015-08-01T13:15:34Z" username="hutty"><tag k="OBJCOD" v="gennav"/><tag k="OBJNAM" v="NH 08"/><tag k="INFORM" v=" "/></node>
</create><create><node lat="7025599" lon="-380909" timestamp="2015-08-01T13:18:14Z" username="hutty"><tag k="OBJCOD" v="gennav"/><tag k="OBJNAM" v="NH 05"/><tag k="INFORM" v=" "/></node>
</create><create><node lat="7025715" lon="-386403" timestamp="2015-08-01T13:19:37Z" username="hutty"><tag k="OBJCOD" v="gennav"/><tag k="OBJNAM" v="NH 11"/><tag k="INFORM" v=" "/></node>
</create><create><node lat="7025878" lon="-382348" timestamp="2015-08-01T13:17:29Z" username="hutty"><tag k="OBJCOD" v="gennav"/><tag k="OBJNAM" v="NH 09"/><tag k="INFORM" v=" "/></node>
</create><create><node lat="7025911" lon="-385095" timestamp="2015-08-01T13:19:53Z" username="hutty"><tag k="OBJCOD" v="gennav"/><tag k="OBJNAM" v="NH 12"/><tag k="INFORM" v=" "/></node>
</create><create><node lat="7026118" lon="-381023" timestamp="2015-08-01T13:17:50Z" username="hutty"><tag k="OBJCOD" v="gennav"/><tag k="OBJNAM" v="NH 10"/><tag k="INFORM" v=" "/></node>
</create><create><node lat="7026172" lon="-383773" timestamp="2015-08-01T13:20:14Z" username="hutty"><tag k="OBJCOD" v="gennav"/><tag k="OBJNAM" v="NH 13"/><tag k="INFORM" v=" "/></node>
</create><delete><node lat="7026246" lon="-379584" timestamp="2011-12-29T15:29:29Z" username="riverboata"><tag k="OBJCOD" v="LIGHTS"/><tag k="COLOUR" v="6"/>
            
            
        </node>
</delete><create><node lat="7026425" lon="-382457" timestamp="2015-08-01T13:20:32Z" username="hutty"><tag k="OBJCOD" v="gennav"/><tag k="OBJNAM" v="NH 14"/><tag k="INFORM" v=" "/></node>
</create><modify><node lat="7028426" lon="-389696" timestamp="2014-07-07T15:08:40Z" username="dory blue"><tag k="OBJCOD" v="WRECKS"/><tag k="OBJNAM" v="Calcium"/><tag k="INFORM" v=" "/><tag k="DUNITS" v="1"/>
            
            
            
            
        
            
            
            
            
        </node>
</modify><create><node lat="7028428" lon="-389696" timestamp="2014-01-02T22:59:24Z" username="simon - suveran"><tag k="OBJCOD" v="WRECKS"/><tag k="OBJNAM" v="Calcium"/><tag k="DUNITS" v="1"/><tag k="CATWRK" v="1"/>
            
            
            
            
        </node>
</create></bound>