<?xml version="1.0" encoding="UTF-8"?><bound box="6249112,-371804,6268624,-352235"><create><node lat="6251443" lon="-358624" timestamp="2010-11-21T21:23:19Z"><tag k="OBJCOD" v="SOUNDG"/><tag k="DUNITS" v="1"/>
            
            
        </node>
</create><modify><node lat="6265114" lon="-363964" timestamp="2014-09-11T19:45:48Z" username="chevance"><tag k="OBJCOD" v="WRECKS"/><tag k="OBJNAM" v="Cargo"/><tag k="DUNITS" v="1"/>
            
            
            
        
            
            
            
        </node>
</modify></bound>