<?xml version="1.0" encoding="UTF-8"?><bound box="6502787,-371804,6522303,-352235"><create><node lat="6506313" lon="-359999" timestamp="2012-05-30T06:34:12Z" username="dobbey"><tag k="OBJCOD" v="FSHFAC"/>
            
        </node>
</create><create><node lat="6506799" lon="-360516" timestamp="2015-07-29T09:36:16Z" username="thisistappers"><tag k="OBJCOD" v="WRECKS"/><tag k="OBJNAM" v="Boba?"/><tag k="INFORM" v="60/240. 2700t 100m"/><tag k="DUNITS" v="3"/><tag k="CATWRK" v="1"/></node>
</create><modify><node lat="6513253" lon="-357405" timestamp="2014-09-24T15:30:49Z" username="jandaco"><tag k="OBJCOD" v="BOYSPP"/><tag k="OBJNAM" v="Mussel Farm"/><tag k="INFORM" v="Mussel farms orientation are more east/ west than as shown on chart. There are two, one at southern end and one at northern."/>
            
            
            
        
            
            
            
        </node>
</modify><create><node lat="6514404" lon="-360464" timestamp="2015-07-02T16:14:28Z" username="Wrk Admiral Van Tromp"><tag k="OBJCOD" v="WRECKS"/><tag k="OBJNAM" v="Boma"/><tag k="DUNITS" v="1"/><tag k="CATWRK" v="1"/></node>
</create></bound>