<?xml version="1.0" encoding="UTF-8"?><bound box="6483272,-332667,6502787,-313098"><create><node lat="6489543" lon="-321985" timestamp="2015-09-21T08:53:58Z" username="AndrewSCarter"><tag k="OBJCOD" v="gennav"/><tag k="OBJNAM" v="Bamse"/><tag k="INFORM" v="223ft x 30ft 985 tons"/></node>
</create><create><node lat="6490444" lon="-316643" timestamp="2015-09-22T13:43:12Z" username="AndrewSCarter"><tag k="OBJCOD" v="WRECKS"/><tag k="VALSOU" v=" "/><tag k="OBJNAM" v="Avalanche"/><tag k="INFORM" v="215ft x 36ft"/><tag k="DUNITS" v="1"/><tag k="CATWRK" v="1"/></node>
</create><create><node lat="6497809" lon="-332203" timestamp="2015-07-02T16:19:05Z" username="Wrk Admiral Van Tromp"><tag k="OBJCOD" v="WRECKS"/><tag k="OBJNAM" v="Chateau"/><tag k="DUNITS" v="1"/><tag k="CATWRK" v="1"/></node>
</create><create><node lat="6497855" lon="-332060" timestamp="2015-09-21T09:09:37Z" username="AndrewSCarter"><tag k="OBJCOD" v="WRECKS"/><tag k="VALSOU" v=" "/><tag k="OBJNAM" v="Chateau Yquem"/><tag k="INFORM" v="280ft x 38ft"/><tag k="DUNITS" v="1"/><tag k="CATWRK" v="1"/></node>
</create><modify><node lat="6498787" lon="-323923" timestamp="2012-10-29T11:10:14Z" username="bazilyo"><tag k="OBJCOD" v="WRECKS"/><tag k="OBJNAM" v="Empress of india"/><tag k="DUNITS" v="1"/>
            
            
            
        </node>
</modify><create><node lat="6499309" lon="-330891" timestamp="2015-09-21T08:55:34Z" username="AndrewSCarter"><tag k="OBJCOD" v="gennav"/><tag k="OBJNAM" v="Minerva"/><tag k="INFORM" v=" "/></node>
</create><create><node lat="6499464" lon="-324411" timestamp="2014-08-26T09:31:23Z" username="markfishing5465"><tag k="OBJCOD" v="WRECKS"/><tag k="OBJNAM" v="King Charles"/><tag k="DUNITS" v="1"/><tag k="CATWRK" v="2"/>
            
            
            
            
        </node>
</create><create><node lat="6499542" lon="-329704" timestamp="2013-06-04T13:45:58Z" username="alextbsac0456"><tag k="OBJCOD" v="WRECKS"/><tag k="OBJNAM" v="Empress if India"/><tag k="INFORM" v="31-44m&#10;&#10;-1..2 HW Devonport +5..6&#10;&#10;50°29.690'N 02°57.700'W&#10;&#10;Battleship, 16KT, 114m, 1893-1913, target, inverted, hole in side, fabulous but advanced dive"/><tag k="DUNITS" v="1"/><tag k="CATWRK" v="1"/>
            
            
            
            
            
        </node>
</create></bound>