<?xml version="1.0" encoding="UTF-8"?><bound box="6854100,-469647,6873620,-450078"><delete><node lat="6861249" lon="-454790" timestamp="2015-01-15T19:20:18Z" username="si-h"><tag k="OBJCOD" v="BOYSAW"/></node>
</delete><delete><node lat="6863282" lon="-454314" timestamp="2015-09-19T19:06:16Z" username="Wil Stock"><tag k="OBJCOD" v="BOYLAT"/></node>
</delete><create><node lat="6863634" lon="-454376" timestamp="2015-09-19T19:15:42Z" username="Wil Stock"><tag k="OBJCOD" v="BOYLAT"/><tag k="abrchr" v="G FL G 5S"/><tag k="OBJNAM" v="Bar No1"/><tag k="MARSYS" v="1"/><tag k="INFORM" v="FL G 5s"/><tag k="COLOUR" v="4"/><tag k="CATLAM" v="2"/><tag k="BOYSHP" v="1"/><slave><tag k="OBJCOD" v="LIGHTS"/><tag k="SIGPER" v="5"/><tag k="abrchr" v="G FL G 5S"/><tag k="COLOUR" v="4"/><tag k="LITCHR" v="2"/></slave></node>
</create><delete><node lat="6863697" lon="-453040" timestamp="2015-09-19T19:02:00Z" username="Wil Stock"><tag k="OBJCOD" v="BOYLAT"/></node>
</delete><modify><node lat="6863709" lon="-453590" timestamp="2014-06-20T21:27:26Z" username="miss remau"><tag k="OBJCOD" v="SMACRA"/><tag k="ofsety" v="-475"/><tag k="ofsetx" v="-190"/><tag k="CATSMC" v="1"/>
            
            
            
            
        </node>
</modify><delete><node lat="6863807" lon="-452625" timestamp="2015-09-19T18:38:32Z" username="Wil Stock"><tag k="OBJCOD" v="BOYLAT"/></node>
</delete><create><node lat="6863813" lon="-454411" timestamp="2015-09-19T19:11:03Z" username="Wil Stock"><tag k="OBJCOD" v="BOYLAT"/><tag k="OBJNAM" v="Bar No2"/><tag k="INFORM" v="FL R 5s"/><tag k="COLOUR" v="3"/><tag k="BOYSHP" v="1"/><slave><tag k="OBJCOD" v="LIGHTS"/><tag k="COLOUR" v="3"/></slave></node>
</create><create><node lat="6863888" lon="-453632" timestamp="2015-09-19T19:03:09Z" username="Wil Stock"><tag k="OBJCOD" v="BOYLAT"/><tag k="abrchr" v="G Q G"/><tag k="OBJNAM" v="No3 South Spit"/><tag k="MARSYS" v="1"/><tag k="INFORM" v="QF G"/><tag k="COLOUR" v="4"/><tag k="CATLAM" v="2"/><tag k="BOYSHP" v="1"/><slave><tag k="OBJCOD" v="LIGHTS"/><tag k="abrchr" v="G Q G"/><tag k="COLOUR" v="4"/><tag k="LITCHR" v="4"/></slave></node>
</create><create><node lat="6863926" lon="-452815" timestamp="2015-09-19T19:04:04Z" username="Wil Stock"><tag k="OBJCOD" v="BOYLAT"/><tag k="abrchr" v="G FL G 4S"/><tag k="OBJNAM" v="NO 5"/><tag k="MARSYS" v="1"/><tag k="INFORM" v="FL G 2s"/><tag k="COLOUR" v="4"/><tag k="CATLAM" v="2"/><tag k="BOYSHP" v="1"/><slave><tag k="OBJCOD" v="LIGHTS"/><tag k="SIGPER" v="4"/><tag k="abrchr" v="G FL G 4S"/><tag k="COLOUR" v="4"/><tag k="LITCHR" v="2"/></slave></node>
</create><delete><node lat="6864102" lon="-451730" timestamp="2015-09-19T18:34:25Z" username="Wil Stock"><tag k="OBJCOD" v="BOYLAT"/></node>
</delete><create><node lat="6864103" lon="-451618" timestamp="2015-09-19T18:35:50Z" username="Wil Stock"><tag k="OBJCOD" v="BOYLAT"/><tag k="abrchr" v="G Q G"/><tag k="OBJNAM" v="No 7"/><tag k="MARSYS" v="1"/><tag k="INFORM" v="FL G2s"/><tag k="COLOUR" v="4"/><tag k="CATLAM" v="2"/><tag k="BOYSHP" v="1"/><slave><tag k="OBJCOD" v="LIGHTS"/><tag k="abrchr" v="G Q G"/><tag k="COLOUR" v="4"/><tag k="LITCHR" v="4"/></slave></node>
</create><delete><node lat="6864704" lon="-450758" timestamp="2015-09-19T18:27:45Z" username="Wil Stock"><tag k="OBJCOD" v="BOYLAT"/></node>
</delete><create><node lat="6864751" lon="-450623" timestamp="2015-09-19T18:32:47Z" username="Wil Stock"><tag k="OBJCOD" v="BOYSPP"/><tag k="OBJNAM" v="Harbour entrance 4 kts limit"/><tag k="INFORM" v="YSM showing the Harbour entrance and a 4 knot limit. FL Y 2s"/><tag k="COLOUR" v="6"/><tag k="BOYSHP" v="5"/><slave><tag k="OBJCOD" v="LIGHTS"/><tag k="COLOUR" v="12"/></slave></node>
</create><create><node lat="6865124" lon="-450322" timestamp="2011-06-11T10:51:49Z" username="Whitters"><tag k="OBJCOD" v="SMACRA"/><tag k="ofsety" v="0"/><tag k="ofsetx" v="0"/><tag k="monvhf" v="12"/><tag k="TELNUM" v="+44 1654 76 76 26"/><tag k="SRVLST" v="168;36;31;47;74;174;77"/><tag k="OBJNAM" v="Aberdovey"/><tag k="CATSMC" v="1"/>
            
            
            
            
            
            
            
            
        </node>
</create></bound>