<?xml version="1.0" encoding="UTF-8"?><bound box="5371356,-450078,5390856,-430510"><create><node lat="5374359" lon="-439359" timestamp="2014-04-29T12:49:07Z" username="unknown"><tag k="OBJCOD" v="hotspt"/><tag k="catspt" v="1"/><tag k="VALSOU" v="200"/><tag k="OBJNAM" v="monteabierto"/><tag k="INFORM" v="merluza,lirio,tiburon&#10;"/><tag k="DUNITS" v="1"/>
            
            
            
            
            
            
        </node>
</create><create><node lat="5378721" lon="-446946" timestamp="2011-08-22T08:04:17Z" username="unknown"><tag k="OBJCOD" v="gennav"/><tag k="OBJNAM" v="Prof. 1000/2000"/>
            
            
        </node>
</create><create><node lat="5378897" lon="-446818" timestamp="2011-08-22T08:06:03Z" username="unknown"><tag k="OBJCOD" v="SOUNDG"/><tag k="VALSOU" v="1500"/><tag k="DUNITS" v="1"/>
            
            
            
        </node>
</create></bound>