<?xml version="1.0" encoding="UTF-8"?><bound box="7869421,-313098,7888952,-293529"><create><node lat="7872299" lon="-309840" timestamp="2013-09-16T18:18:19Z" username="SS Moray"><tag k="OBJCOD" v="gennav"/><tag k="OBJNAM" v="SS Moray"/><tag k="INFORM" v="Dive anytime"/>
            
            
            
        </node>
</create><create><node lat="7872331" lon="-309872" timestamp="2013-09-16T18:20:29Z" username="SS Moray"><tag k="OBJCOD" v="gennav"/><tag k="OBJNAM" v="SS Moray"/><tag k="INFORM" v="Dive anytime"/>
            
            
            
        </node>
</create></bound>