<?xml version="1.0" encoding="UTF-8"?><bound box="4377280,-293529,4396764,-273961"><delete><node lat="4377767" lon="-290234" timestamp="2014-08-15T17:24:02Z" username="lualma"><tag k="OBJCOD" v="BOYSPP"/>
            
        </node>
</delete><create><node lat="4377825" lon="-287413" timestamp="2013-08-20T11:03:27Z" username="unknown"><tag k="OBJCOD" v="hotspt"/><tag k="catspt" v="1"/><tag k="OBJNAM" v="roca"/><tag k="DUNITS" v="1"/>
            
            
            
            
        </node>
</create><create><node lat="4377834" lon="-290395" timestamp="2014-08-15T17:24:02Z" username="lualma"><tag k="OBJCOD" v="BOYSPP"/><tag k="abrchr" v="Y"/><tag k="STATUS" v="5"/><tag k="INFORM" v="Seasonal Buoy"/><tag k="COLOUR" v="6"/><tag k="BOYSHP" v="3"/>
            
            
            
            
            
            
        </node>
</create><delete><node lat="4378004" lon="-290169" timestamp="2014-08-15T17:23:44Z" username="lualma"><tag k="OBJCOD" v="BOYSPP"/>
            
        </node>
</delete><create><node lat="4378107" lon="-290315" timestamp="2014-08-15T17:23:44Z" username="lualma"><tag k="OBJCOD" v="BOYSPP"/><tag k="abrchr" v="Y"/><tag k="STATUS" v="5"/><tag k="INFORM" v="Seasonal Buoy"/><tag k="COLOUR" v="6"/><tag k="BOYSHP" v="3"/>
            
            
            
            
            
            
        </node>
</create><delete><node lat="4378260" lon="-290100" timestamp="2014-08-15T17:23:24Z" username="lualma"><tag k="OBJCOD" v="BOYSPP"/>
            
        </node>
</delete><create><node lat="4378372" lon="-290235" timestamp="2014-08-15T17:23:23Z" username="lualma"><tag k="OBJCOD" v="BOYSPP"/><tag k="abrchr" v="Y"/><tag k="STATUS" v="5"/><tag k="INFORM" v="Seasonal Buoy"/><tag k="COLOUR" v="6"/><tag k="BOYSHP" v="3"/>
            
            
            
            
            
            
        </node>
</create><delete><node lat="4378418" lon="-287643" timestamp="2011-10-31T00:51:48Z" username="unknown"><tag k="OBJCOD" v="UWTROC"/><tag k="WATLEV" v="3"/><tag k="OBJNAM" v="prueba1"/><tag k="DUNITS" v="1"/>
            
            
            
            
        </node>
</delete><create><node lat="4378509" lon="-288146" timestamp="2013-03-05T11:48:34Z" username="unknown"><tag k="OBJCOD" v="FSHFAC"/><tag k="OBJNAM" v="Nieve&#10;"/>
            
            
        </node>
</create><delete><node lat="4378544" lon="-290019" timestamp="2014-08-15T17:22:58Z" username="lualma"><tag k="OBJCOD" v="BOYSPP"/>
            
        </node>
</delete><create><node lat="4378602" lon="-290175" timestamp="2014-08-15T17:22:58Z" username="lualma"><tag k="OBJCOD" v="BOYSPP"/><tag k="abrchr" v="Y"/><tag k="STATUS" v="5"/><tag k="INFORM" v="Seasonal Buoy"/><tag k="COLOUR" v="6"/><tag k="BOYSHP" v="3"/>
            
            
            
            
            
            
        </node>
</create><modify><node lat="4379564" lon="-290232" timestamp="2013-07-10T16:51:16Z" average_rating="4.0" rating_count="1" reviews_count="1" username="ffruhbeck"><tag k="OBJCOD" v="psgiio"/><tag k="catser" v="23"/>
            
            
        
            
            
        
            
            
        
            
            
        </node>
</modify><create><node lat="4379587" lon="-290053" timestamp="2014-08-14T22:44:55Z" username="esotorrio"><tag k="OBJCOD" v="UWTROC"/><tag k="WATLEV" v="3"/><tag k="VALSOU" v="0,5"/><tag k="OBJNAM" v="Piedras en el canal"/><tag k="INFORM" v="En Roquetas de Mar los veleros deben entrar y salir siempre por el centro del canal pues hay rocas a izquierda y derecha y algunos ya han chocado con ellas causando daños importantes al casco. No hay balizas que marquen su posición."/><tag k="DUNITS" v="1"/>
            
            
            
            
            
            
        </node>
</create><create><node lat="4379647" lon="-289995" timestamp="2015-07-23T00:00:00Z" username="ADAC"><tag k="OBJCOD" v="SMACRA"/><tag k="OBJNAM" v="Puerto Deportivo de Roquetas de Mar"/><tag k="ofsety" v="10"/><tag k="ofsetx" v="10"/><tag k="CATSMC" v="1"/><tag k="WEBSIT" v="http://www.marinafuehrer.adac.de/haefen/puerto-deportivo-de-roquetas-de-mar/"/></node>
</create><create><node lat="4379835" lon="-289845" timestamp="2015-07-23T00:00:00Z" username="ADAC"><tag k="OBJCOD" v="SMACRA"/><tag k="OBJNAM" v="Real Club Náutico de Roquetas de Mar"/><tag k="ofsety" v="10"/><tag k="ofsetx" v="10"/><tag k="CATSMC" v="1"/><tag k="WEBSIT" v="http://www.marinafuehrer.adac.de/haefen/real-club-nautico-de-roquetas-de-mar/"/></node>
</create><modify><node lat="4379859" lon="-289846" timestamp="2013-06-11T13:22:09Z" username="Odyssea.eu"><tag k="OBJCOD" v="SMACRA"/><tag k="ofsety" v="72"/><tag k="ofsetx" v="-108"/><tag k="WEBSIT" v="http://odyssea.eu/geodyssea/view_escales.php?markerID=6210"/><tag k="SRVLST" v=""/><tag k="OBJNAM" v="Roquetas Del Mar - Odyssea Network"/><tag k="INFORM" v=" "/><tag k="CATSMC" v="1"/>
            
            
            
            
            
            
            
            
        </node>
</modify><modify><node lat="4379862" lon="-289847" timestamp="2015-07-18T20:59:40Z" average_rating="3.0" rating_count="1" reviews_count="1" username="aurelio santo"><tag k="OBJCOD" v="SMACRA"/><tag k="trnbth" v=" "/><tag k="ofsety" v="72"/><tag k="ofsetx" v="-108"/><tag k="numvhf" v="9"/><tag k="maxlen" v=" "/><tag k="dckdph" v=" "/><tag k="ZIPCDE" v=" "/><tag k="WEBSIT" v="http://bit.ly/1ewlrP6"/><tag k="TELNUM" v="+34 950320789"/><tag k="STRNAM" v=" "/><tag k="SRVLST" v=""/><tag k="OBJNAM" v="Roquetas Del Mar. Club N&#xE1;utico"/><tag k="INFORM" v=" "/><tag k="CITYNM" v=" "/><tag k="CATSMC" v="1"/></node>
</modify><create><node lat="4379943" lon="-290162" timestamp="2013-07-08T15:23:26Z" username="juanluisfiscosur"><tag k="OBJCOD" v="hotspt"/><tag k="catspt" v="1"/><tag k="VALSOU" v=" "/><tag k="OBJNAM" v="piedra salinas"/><tag k="INFORM" v=" "/><tag k="DUNITS" v="1"/>
            
            
            
            
            
            
        </node>
</create><delete><node lat="4379956" lon="-289906" timestamp="2011-10-31T00:50:42Z" username="unknown"><tag k="OBJCOD" v="UWTROC"/><tag k="WATLEV" v="3"/><tag k="OBJNAM" v="prueba2"/><tag k="DUNITS" v="1"/>
            
            
            
            
        </node>
</delete><create><node lat="4379979" lon="-289705" timestamp="2015-07-18T21:00:25Z" username="aurelio santo"><tag k="OBJCOD" v="SMACRA"/><tag k="ofsety" v="0"/><tag k="ofsetx" v="0"/><tag k="numvhf" v="Canal 9"/><tag k="TELNUM" v="950100487"/><tag k="OBJNAM" v="Puerto de Roquetas de Mar. EPPA"/><tag k="INFORM" v="Principalmente para barcos de pesca"/><tag k="CITYNM" v="Roquetas de Mar"/><tag k="CATSMC" v="1"/></node>
</create><create><node lat="4380023" lon="-289942" timestamp="2012-05-27T14:52:55Z" username="unknown"><tag k="OBJCOD" v="ACHBRT"/><tag k="OBJNAM" v="Fondeo"/>
            
            
        </node>
</create><create><node lat="4380840" lon="-291103" timestamp="2013-03-13T19:25:09Z" username="enrike"><tag k="OBJCOD" v="gennav"/><tag k="OBJNAM" v="Faro"/><tag k="INFORM" v="40"/>
            
            
            
        </node>
</create><delete><node lat="4380966" lon="-285891" timestamp="2014-09-16T17:31:24Z" username="unknown"><tag k="OBJCOD" v="WRECKS"/><tag k="OBJNAM" v="Draga"/><tag k="INFORM" v="PA Draga en buen estado, cubierta en 38 mtr."/><tag k="DUNITS" v="1"/>
            
            
            
            
        
            
            
        </node>
</delete><create><node lat="4382351" lon="-286135" timestamp="2013-08-20T11:05:52Z" username="unknown"><tag k="OBJCOD" v="MORFAC"/><tag k="OBJNAM" v="boya draga"/>
            
            
        </node>
</create><create><node lat="4382397" lon="-286156" timestamp="2014-08-02T20:09:25Z" username="francisub"><tag k="OBJCOD" v="WRECKS"/><tag k="VALSOU" v="30 Y 50 METROS"/><tag k="OBJNAM" v="DRAGA PROA"/><tag k="INFORM" v="INMERSION BUCEO"/><tag k="DUNITS" v="1"/><tag k="CATWRK" v="5"/>
            
            
            
            
            
            
        </node>
</create><modify><node lat="4382415" lon="-286213" timestamp="2014-08-31T13:43:26Z" username="jorge kayak"><tag k="OBJCOD" v="WRECKS"/><tag k="VALSOU" v="36"/><tag k="OBJNAM" v=" "/><tag k="INFORM" v=" "/><tag k="DUNITS" v="1"/>
            
            
            
            
            
        </node>
</modify><create><node lat="4383737" lon="-286271" timestamp="2014-06-27T15:59:29Z" username="Seco3979"><tag k="OBJCOD" v="FSHFAC"/><tag k="OBJNAM" v="Juan bajos"/><tag k="INFORM" v=" "/>
            
            
            
        </node>
</create><delete><node lat="4384696" lon="-286879" timestamp="2014-06-26T10:37:01Z" username="asensio1981"><tag k="OBJCOD" v="SOUNDG"/>
            
        </node>
</delete><create><node lat="4384962" lon="-285313" timestamp="2014-01-25T17:05:06Z" username="unknown"><tag k="OBJCOD" v="ACHBRT"/><tag k="OBJNAM" v="pesca"/>
            
            
        </node>
</create><create><node lat="4385279" lon="-287122" timestamp="2014-04-02T15:52:50Z" username="pescanova"><tag k="OBJCOD" v="gennav"/><tag k="OBJNAM" v="pata"/><tag k="INFORM" v=" "/>
            
            
            
        
            
            
            
        </node>
</create><create><node lat="4385386" lon="-291776" timestamp="2013-06-02T12:44:44Z" username="unknown"><tag k="OBJCOD" v="hotspt"/><tag k="catspt" v="1"/><tag k="DUNITS" v="1"/>
            
            
            
        </node>
</create><create><node lat="4386060" lon="-287683" timestamp="2013-02-19T21:12:20Z" username="unknown"><tag k="OBJCOD" v="LIGHTS"/><tag k="COLOUR" v="3"/><tag k="abrchr" v="FL(4) R 11S 5M"/><tag k="VERDAT" v="3"/><tag k="VALNMR" v="5.00"/><tag k="SIGPER" v="11.00"/><tag k="SIGGRP" v="(4)"/><tag k="LITCHR" v="2"/><tag k="HEIGHT" v="3.00"/>
            
            
            
            
            
            
            
            
            
        </node>
</create><create><node lat="4386519" lon="-284358" timestamp="2014-08-02T20:01:34Z" username="francisub"><tag k="OBJCOD" v="OFSPLF"/><tag k="OBJNAM" v="PONTONA"/><tag k="INFORM" v="INMERSION SOBRE 20 MMETROS"/>
            
            
            
        </node>
</create><create><node lat="4386621" lon="-284371" timestamp="2013-08-20T11:08:57Z" username="unknown"><tag k="OBJCOD" v="hotspt"/><tag k="catspt" v="1"/><tag k="OBJNAM" v="brecas"/><tag k="DUNITS" v="1"/>
            
            
            
            
        </node>
</create><create><node lat="4386641" lon="-287442" timestamp="2014-06-09T12:21:51Z" username="SEGURO2000"><tag k="OBJCOD" v="DISMAR"/><tag k="OBJNAM" v="Pesca"/>
            
            
        </node>
</create><create><node lat="4386821" lon="-284961" timestamp="2014-08-03T05:28:02Z" username="francisub"><tag k="OBJCOD" v="OBSTRN"/><tag k="OBJNAM" v="los hoyos del Franci"/><tag k="INFORM" v="inmersión sobre 20 metros"/><tag k="DUNITS" v="1"/>
            
            
            
            
        </node>
</create><create><node lat="4386828" lon="-284954" timestamp="2014-08-03T05:28:57Z" username="francisub"><tag k="OBJCOD" v="WRECKS"/><tag k="DUNITS" v="1"/><tag k="CATWRK" v="1"/>
            
            
            
        </node>
</create><create><node lat="4387539" lon="-285730" timestamp="2011-01-03T15:42:51Z" username="ximo"><tag k="OBJCOD" v="gennav"/><tag k="OBJNAM" v="Puerto Aguadulce"/><tag k="INFORM" v=" "/></node>
</create><modify><node lat="4387576" lon="-285403" timestamp="2015-07-07T17:55:55Z" username="jalili"><tag k="OBJCOD" v="SMACRA"/><tag k="ofsety" v="24"/><tag k="ofsetx" v="-462"/><tag k="CATSMC" v="1"/></node>
</modify><create><node lat="4387591" lon="-285321" timestamp="2014-04-07T20:47:51Z" average_rating="4.0" rating_count="2" reviews_count="2" username="arcane"><tag k="OBJCOD" v="SMACRA"/><tag k="ofsety" v="0"/><tag k="ofsetx" v="0"/><tag k="WEBSIT" v="http://bit.ly/180qaYn"/><tag k="TELNUM" v="+34 (0)950 343 115"/><tag k="OBJNAM" v="Aguadulce - Odyssea Network"/><tag k="INFORM" v=" "/><tag k="CATSMC" v="1"/>
            
            
            
            
            
            
        
            
            
            
            
            
            
        
            
            
            
            
            
            
        
            
            
            
            
        
            
            
            
            
        </node>
</create><create><node lat="4387602" lon="-285279" timestamp="2015-07-23T00:00:00Z" username="ADAC"><tag k="OBJCOD" v="SMACRA"/><tag k="OBJNAM" v="Puerto Deportivo Aguadulce"/><tag k="ofsety" v="10"/><tag k="ofsetx" v="10"/><tag k="CATSMC" v="1"/><tag k="WEBSIT" v="http://www.marinafuehrer.adac.de/haefen/puerto-deportivo-aguadulce/"/></node>
</create><create><node lat="4387722" lon="-285535" timestamp="2015-01-15T17:38:17Z" username="jalili"><tag k="OBJCOD" v="psgiio"/><tag k="catser" v="23"/><tag k="citynm" v="Aguadulce"/><tag k="OBJNAM" v="El Cubano"/><tag k="INFORM" v="Muy buenos los mojitos"/></node>
</create><create><node lat="4387905" lon="-285151" timestamp="2014-12-27T12:28:11Z" username="SEGURO2000"><tag k="OBJCOD" v="SMACRA"/><tag k="ofsety" v="0"/><tag k="ofsetx" v="0"/><tag k="ZIPCDE" v="04720"/><tag k="TELNUM" v="950341502"/><tag k="SRVLST" v="28;122;127;49;29;125;130;47"/><tag k="OBJNAM" v="Aguadulce"/><tag k="CITYNM" v="Aguadulce"/><tag k="CATSMC" v="1"/>
            
            
            
            
            
            
            
            
            
        
            
            
            
            
            
        </node>
</create><create><node lat="4388296" lon="-287498" timestamp="2012-12-29T19:52:54Z" username="unknown"><tag k="OBJCOD" v="hotspt"/><tag k="catspt" v="1"/><tag k="VALSOU" v="20"/><tag k="OBJNAM" v="El chumbo pelao"/><tag k="INFORM" v="Doradas"/><tag k="DUNITS" v="1"/>
            
            
            
            
            
            
        </node>
</create><create><node lat="4388605" lon="-275182" timestamp="2014-09-16T18:37:12Z" username="unknown"><tag k="OBJCOD" v="gennav"/><tag k="OBJNAM" v="baliza 1"/><tag k="INFORM" v="babor"/>
            
            
            
        
            
            
            
        </node>
</create><create><node lat="4389207" lon="-276036" timestamp="2014-06-09T09:49:47Z" username="pyndyomarino"><tag k="OBJCOD" v="UWTROC"/><tag k="WATLEV" v="2"/><tag k="VALSOU" v=" "/><tag k="OBJNAM" v="cajon Almeria1"/><tag k="INFORM" v="1 cajon   hornigon"/><tag k="DUNITS" v="1"/>
            
            
            
            
            
            
        </node>
</create><create><node lat="4389222" lon="-276063" timestamp="2015-11-12T22:29:29Z" username="RicTel "><tag k="OBJCOD" v="LIGHTS"/><tag k="COLOUR" v="1"/><tag k="OBJNAM" v=" "/><tag k="INFORM" v="Q(3)10s11m3M"/></node>
</create><create><node lat="4389284" lon="-274999" timestamp="2015-11-12T22:26:10Z" username="RicTel "><tag k="OBJCOD" v="LIGHTS"/><tag k="COLOUR" v="1"/><tag k="OBJNAM" v=" "/><tag k="INFORM" v="Q(6)+Fl.15s6m1M"/></node>
</create><delete><node lat="4389464" lon="-274133" timestamp="2011-10-18T10:05:28Z" username="hary"><tag k="OBJCOD" v="SMACRA"/><tag k="ofsety" v="649"/><tag k="ofsetx" v="433"/><tag k="CATSMC" v="1"/>
            
            
            
            
        </node>
</delete><create><node lat="4389611" lon="-276377" timestamp="2015-11-12T22:31:03Z" username="RicTel "><tag k="OBJCOD" v="LIGHTS"/><tag k="COLOUR" v="1"/><tag k="OBJNAM" v=" "/><tag k="INFORM" v="Q(9)15s11m3M"/></node>
</create><create><node lat="4389726" lon="-274472" timestamp="2014-09-01T21:02:36Z" username="unknown"><tag k="OBJCOD" v="SOUNDG"/><tag k="DUNITS" v="1"/>
            
            
        </node>
</create><modify><node lat="4390000" lon="-274104" timestamp="2012-05-02T22:05:00Z" username="santi luque"><tag k="OBJCOD" v="psgiio"/><tag k="catser" v="23"/><tag k="telnum" v="+34 95 02 30 78 0"/>
            
            
            
        </node>
</modify><create><node lat="4390018" lon="-274241" timestamp="2015-07-23T00:00:00Z" username="ADAC"><tag k="OBJCOD" v="SMACRA"/><tag k="OBJNAM" v="Club de Mar Almería"/><tag k="ofsety" v="10"/><tag k="ofsetx" v="10"/><tag k="CATSMC" v="1"/><tag k="WEBSIT" v="http://www.marinafuehrer.adac.de/haefen/club-de-mar-almeria/"/></node>
</create><modify><node lat="4390019" lon="-274405" timestamp="2015-09-14T19:49:43Z" username="keith.bessant" average_rating="4.0" rating_count="1" reviews_count="1"><tag k="OBJCOD" v="SMACRA"/><tag k="ofsety" v="234"/><tag k="ofsetx" v="270"/><tag k="SRVLST" v=""/><tag k="INFORM" v=" "/><tag k="CATSMC" v="1"/></node>
</modify><create><node lat="4390019" lon="-274404" timestamp="2014-06-29T10:28:19Z" average_rating="4.0" rating_count="1" reviews_count="1" username="joselopez"><tag k="OBJCOD" v="SMACRA"/><tag k="trnbth" v="5"/><tag k="open_1" v="YEARROUND"/><tag k="ofsety" v="0"/><tag k="ofsetx" v="0"/><tag k="numvhf" v="9"/><tag k="TELNUM" v="+34 950230780"/><tag k="SRVLST" v="28;29;168;36;39;122;127"/><tag k="OBJNAM" v="Almeria - Club De Mar"/><tag k="CATSMC" v="1"/>
            
            
            
            
            
            
            
            
            
            
        </node>
</create><create><node lat="4390078" lon="-274057" timestamp="2014-12-15T23:05:05Z" username="santi luque"><tag k="OBJCOD" v="FSHFAC"/><tag k="OBJNAM" v=" "/><tag k="INFORM" v=" "/>
            
            
            
        </node>
</create><create><node lat="4390763" lon="-275304" timestamp="2014-12-15T18:16:16Z" username="Niccco"><tag k="OBJCOD" v="hotspt"/><tag k="catspt" v="1"/><tag k="VALSOU" v="48"/><tag k="OBJNAM" v="Escollera"/><tag k="DUNITS" v="1"/>
            
            
            
            
            
        </node>
</create><create><node lat="4390767" lon="-275313" timestamp="2014-12-15T19:21:44Z" username="Niccco"><tag k="OBJCOD" v="hotspt"/><tag k="catspt" v="1"/><tag k="OBJNAM" v="Luis"/><tag k="DUNITS" v="1"/>
            
            
            
            
        </node>
</create><create><node lat="4391985" lon="-292000" timestamp="2011-08-17T09:02:06Z" username="unknown"><tag k="OBJCOD" v="SMACRA"/><tag k="ofsety" v="0"/><tag k="ofsetx" v="0"/><tag k="SRVLST" v="28;25;29"/><tag k="OBJNAM" v="Aguadulce"/><tag k="CATSMC" v="1"/>
            
            
            
            
            
            
        </node>
</create></bound>