<?xml version="1.0" encoding="UTF-8"?><bound box="7849890,-469647,7869421,-450078"><create><node lat="7863951" lon="-466447" timestamp="2012-04-13T20:10:51Z" username="Glachbeg Bob"><tag k="OBJCOD" v="WRECKS"/><tag k="OBJNAM" v="Chain barge"/><tag k="INFORM" v="Notified April 2012"/><tag k="DUNITS" v="1"/><tag k="CATWRK" v="5"/>
            
            
            
            
            
        </node>
</create><create><node lat="7864660" lon="-450755" timestamp="2012-06-19T20:45:55Z" username="unknown"><tag k="OBJCOD" v="ACHBRT"/><tag k="OBJNAM" v="Cromarty Anchorage"/>
            
            
        </node>
</create><create><node lat="7865982" lon="-452649" timestamp="2013-03-24T11:16:33Z" username="unknown"><tag k="OBJCOD" v="OFSPLF"/><tag k="OBJNAM" v="six legs"/>
            
            
        </node>
</create></bound>