<?xml version="1.0" encoding="UTF-8"?><bound box="6990743,-371804,7010264,-352235"><create><node lat="7001138" lon="-354150" timestamp="2011-04-10T07:39:04Z" username="unknown"><tag k="OBJCOD" v="BCNSPP"/><tag k="OBJNAM" v="D6"/><tag k="COLOUR" v="2"/><tag k="BCNSHP" v="5"/>
            
            
            
            
        </node>
</create><create><node lat="7002794" lon="-355113" timestamp="2011-04-10T07:38:08Z" username="unknown"><tag k="OBJCOD" v="BCNSPP"/><tag k="OBJNAM" v="D5"/><tag k="COLOUR" v="2"/><tag k="BCNSHP" v="5"/>
            
            
            
            
        </node>
</create><create><node lat="7005735" lon="-360218" timestamp="2011-01-05T20:46:33Z"><tag k="OBJCOD" v="WRECKS"/><tag k="VALSOU" v="N/A"/><tag k="OBJNAM" v="Duke of Lancaster"/><tag k="INFORM" v="Not a wreck as such, but hulk of the old Duke of Lancaster fun ship which is concreted into the foreshore and forms a prominent landmark from the Wirral (N) shore of the Dee. Some access for dinghies into the creek where it is moored at HW"/><tag k="DUNITS" v="1"/><tag k="CATWRK" v="1"/>
            
            
            
            
            
            
        </node>
</create><create><node lat="7006139" lon="-356390" timestamp="2011-04-10T07:27:19Z" username="unknown"><tag k="OBJCOD" v="BCNSPP"/><tag k="OBJNAM" v="D4"/><tag k="COLOUR" v="2"/><tag k="BCNSHP" v="5"/>
            
            
            
            
        </node>
</create><create><node lat="7008441" lon="-356199" timestamp="2011-04-10T07:25:56Z" username="unknown"><tag k="OBJCOD" v="BCNSPP"/><tag k="OBJNAM" v="D3"/><tag k="COLOUR" v="2"/><tag k="BCNSHP" v="5"/>
            
            
            
            
        </node>
</create><modify><node lat="7009131" lon="-362668" timestamp="2012-11-04T14:08:55Z" username="doctorfresh"><tag k="OBJCOD" v="SMACRA"/><tag k="ofsety" v="-750"/><tag k="ofsetx" v="-872"/><tag k="CATSMC" v="1"/>
            
            
            
            
        </node>
</modify><create><node lat="7009499" lon="-362617" timestamp="2011-12-16T00:51:06Z" username="chriseadog"><tag k="OBJCOD" v="SOUNDG"/><tag k="VALSOU" v=" "/><tag k="DUNITS" v="1"/>
            
            
            
        
            
            
            
        </node>
</create><create><node lat="7009895" lon="-363585" timestamp="2013-02-11T14:04:52Z" username="swatson"><tag k="OBJCOD" v="BOYLAT"/><tag k="abrchr" v="R Q R"/><tag k="OBJNAM" v="M6"/><tag k="MARSYS" v="1"/><tag k="COLOUR" v="3"/><tag k="CATLAM" v="1"/><tag k="BOYSHP" v="2"/>
            
            
            
            
            
            
            
            <slave>
                <tag k="OBJCOD" v="LIGHTS"/>
                <tag k="abrchr" v="R Q R"/>
                <tag k="COLOUR" v="3"/>
                <tag k="LITCHR" v="4"/>
                <tag k="VERDAT" v="17"/>
            </slave>
        </node>
</create><modify><node lat="7009937" lon="-363488" timestamp="2013-07-01T08:46:41Z" username="rob1956"><tag k="OBJCOD" v="BOYLAT"/>
            
        </node>
</modify><create><node lat="7010253" lon="-367254" timestamp="2015-07-12T11:22:17Z" username="hutty"><tag k="OBJCOD" v="gennav"/><tag k="OBJNAM" v="home"/><tag k="INFORM" v=" "/></node>
</create></bound>