<?xml version="1.0" encoding="UTF-8"?><bound box="5975972,-293529,5995481,-273961"><create><node lat="5977157" lon="-279636" timestamp="2013-08-26T11:24:30Z" username="jerome0382"><tag k="OBJCOD" v="hotspt"/><tag k="catspt" v="1"/><tag k="OBJNAM" v="Morgatte"/><tag k="DUNITS" v="1"/>
            
            
            
            
        </node>
</create><create><node lat="5979453" lon="-287263" timestamp="2013-08-06T12:29:18Z" username="second luv"><tag k="OBJCOD" v="BCNCAR"/><tag k="COLOUR" v="2;6;2"/><tag k="CATCAM" v="2"/><tag k="BCNSHP" v="5"/>
            
            
            
            
            <slave>
                <tag k="OBJCOD" v="TOPMAR"/>
                <tag k="TOPSHP" v="11"/>
            </slave>
        </node>
</create><modify><node lat="5979769" lon="-287112" timestamp="2013-11-04T22:30:05Z" username="jptij3"><tag k="OBJCOD" v="BOYCAR"/>
            
        </node>
</modify><modify><node lat="5979835" lon="-274679" timestamp="2011-03-13T07:02:25Z" username="unknown"><tag k="OBJCOD" v="LIGHTS"/><tag k="COLOUR" v="1"/><tag k="OBJNAM" v="Mesquer"/>
            
            
            
        
            
            
            
        
            
            
            
        </node>
</modify><modify><node lat="5979835" lon="-274679" timestamp="2011-03-13T07:04:35Z" username="unknown"><tag k="OBJCOD" v="LIGHTS"/><tag k="COLOUR" v="4"/>
            
            
        </node>
</modify><create><node lat="5980099" lon="-274027" timestamp="2010-12-03T07:03:50Z"><tag k="OBJCOD" v="hotspt"/><tag k="catspt" v="1"/><tag k="DUNITS" v="1"/>
            
            
            
        </node>
</create><create><node lat="5980487" lon="-274186" timestamp="2010-12-03T07:04:39Z"><tag k="OBJCOD" v="hotspt"/><tag k="catspt" v="1"/><tag k="DUNITS" v="1"/>
            
            
            
        </node>
</create><create><node lat="5981255" lon="-292716" timestamp="2012-09-03T13:47:41Z" username="cobrajetski"><tag k="OBJCOD" v="hotspt"/><tag k="catspt" v="2"/><tag k="OBJNAM" v="P"/><tag k="DUNITS" v="1"/>
            
            
            
            
        </node>
</create><create><node lat="5982030" lon="-276838" timestamp="2010-12-02T19:37:36Z"><tag k="OBJCOD" v="hotspt"/><tag k="catspt" v="1"/><tag k="DUNITS" v="1"/>
            
            
            
        </node>
</create><create><node lat="5982103" lon="-275919" timestamp="2010-12-02T19:36:10Z"><tag k="OBJCOD" v="hotspt"/><tag k="catspt" v="1"/><tag k="DUNITS" v="1"/>
            
            
            
        </node>
</create><create><node lat="5982164" lon="-277370" timestamp="2014-03-16T06:15:04Z" username="chonchon"><tag k="OBJCOD" v="hotspt"/><tag k="catspt" v="1"/><tag k="OBJNAM" v="Filet"/><tag k="DUNITS" v="1"/>
            
            
            
            
        </node>
</create><create><node lat="5982565" lon="-277335" timestamp="2014-03-16T06:15:36Z" username="chonchon"><tag k="OBJCOD" v="hotspt"/><tag k="catspt" v="1"/><tag k="OBJNAM" v="Casier"/><tag k="DUNITS" v="1"/>
            
            
            
            
        </node>
</create><delete><node lat="5983212" lon="-277259" timestamp="2013-05-01T09:57:09Z" username="unknown"><tag k="OBJCOD" v="UWTROC"/>
            
        </node>
</delete><create><node lat="5983361" lon="-276374" timestamp="2014-03-16T06:16:13Z" username="chonchon"><tag k="OBJCOD" v="psgiio"/><tag k="catser" v="135"/><tag k="OBJNAM" v="Mise a l eau"/>
            
            
            
        </node>
</create><delete><node lat="5983594" lon="-277147" timestamp="2011-08-14T12:44:03Z" average_rating="0" rating_count="0" reviews_count="0" username="elijahcraig18"><tag k="OBJCOD" v="hotspt"/><tag k="catspt" v="2"/><tag k="INFORM" v="Chasse sous marine"/><tag k="DUNITS" v="1"/>
            
            
            
            
        </node>
</delete><create><node lat="5983707" lon="-277155" timestamp="2011-08-14T12:44:03Z" average_rating="0" rating_count="0" reviews_count="0" username="elijahcraig18"><tag k="OBJCOD" v="hotspt"/><tag k="catspt" v="2"/><tag k="INFORM" v="Chasse sous marine"/><tag k="DUNITS" v="1"/>
            
            
            
            
        </node>
</create><create><node lat="5984334" lon="-277672" timestamp="2011-08-14T12:07:56Z" average_rating="0" rating_count="0" reviews_count="0" username="elijahcraig18"><tag k="OBJCOD" v="hotspt"/><tag k="catspt" v="2"/><tag k="INFORM" v="Chasse sous marine"/><tag k="DUNITS" v="1"/>
            
            
            
            
        </node>
</create><create><node lat="5987241" lon="-285506" timestamp="2014-08-02T14:09:45Z" username="pickwick"><tag k="OBJCOD" v="SOUNDG"/><tag k="DUNITS" v="1"/>
            
            
        </node>
</create><create><node lat="5990345" lon="-292233" timestamp="2010-12-03T14:23:50Z"><tag k="OBJCOD" v="hotspt"/><tag k="catspt" v="1"/><tag k="DUNITS" v="1"/>
            
            
            
        </node>
</create><create><node lat="5990855" lon="-292831" timestamp="2010-12-03T14:21:58Z"><tag k="OBJCOD" v="hotspt"/><tag k="catspt" v="1"/><tag k="DUNITS" v="1"/>
            
            
            
        </node>
</create><create><node lat="5990967" lon="-281096" timestamp="2014-09-10T15:13:27Z" username="subseaman"><tag k="OBJCOD" v="hotspt"/><tag k="catspt" v="1"/><tag k="VALSOU" v=" "/><tag k="OBJNAM" v="Many boats here"/><tag k="INFORM" v=" "/><tag k="DUNITS" v="1"/>
            
            
            
        
            
            
            
            
            
        </node>
</create><modify><node lat="5991846" lon="-279480" timestamp="2011-05-03T14:31:40Z" username="unknown"><tag k="OBJCOD" v="UWTROC"/><tag k="VALSOU" v="0.3"/><tag k="OBJNAM" v="La Varlingue"/><tag k="INFORM" v="Rocks"/><tag k="DUNITS" v="1"/>
            
            
            
            
            
        </node>
</modify><create><node lat="5992141" lon="-274407" timestamp="2012-09-18T15:51:02Z" username="subseaman"><tag k="OBJCOD" v="BOYLAT"/><tag k="OBJNAM" v="No. 5"/><tag k="INFORM" v="Real position September 2012"/><tag k="COLOUR" v="4"/><tag k="BOYSHP" v="2"/>
            
            
            
            
            
            
        
            
            
            <slave>
                <tag k="OBJCOD" v="LIGHTS"/>
                <tag k="COLOUR" v="4"/>
            </slave>
        </node>
</create><create><node lat="5993059" lon="-275600" timestamp="2012-04-27T16:55:40Z" username="browned"><tag k="OBJCOD" v="SOUNDG"/><tag k="DUNITS" v="1"/>
            
            
        </node>
</create><modify><node lat="5993215" lon="-293049" timestamp="2012-09-04T17:58:58Z" username="unknown"><tag k="OBJCOD" v="BCNSPP"/><tag k="OBJNAM" v="La tour des Anglais"/><tag k="INFORM" v="Tour Blanche"/>
            
            
            
        </node>
</modify><create><node lat="5993510" lon="-291900" timestamp="2011-08-20T16:27:23Z" username="douche57"><tag k="OBJCOD" v="gennav"/><tag k="OBJNAM" v="Le Treutan"/>
            
            
        </node>
</create><modify><node lat="5993668" lon="-283161" timestamp="2013-01-03T22:58:53Z" username="unknown"><tag k="OBJCOD" v="BCNSPP"/><tag k="OBJNAM" v="Basse de Kervoyal"/><tag k="INFORM" v="Metico"/>
            
            
        
            
            
            
            <slave>
                <tag k="OBJCOD" v="FOGSIG"/>
            </slave>
        </node>
</modify><create><node lat="5994351" lon="-291879" timestamp="2010-12-25T18:00:48Z" username="unknown"><tag k="OBJCOD" v="psgiio"/><tag k="catser" v="131"/>
            
            
        </node>
</create><modify><node lat="5995008" lon="-292037" timestamp="2013-07-28T14:19:25Z" username="ericnauche"><tag k="OBJCOD" v="SMACRA"/><tag k="ofsety" v="-684"/><tag k="ofsetx" v="128"/><tag k="CATSMC" v="1"/>
            
            
            
            
        </node>
</modify><modify><node lat="5995265" lon="-292066" timestamp="2012-08-08T21:23:36Z" username="patrick viry"><tag k="OBJCOD" v="BCNISD"/><tag k="OBJNAM" v="La truie"/>
            
            
        </node>
</modify><modify><node lat="5995333" lon="-278514" timestamp="2011-03-12T10:02:43Z" username="unknown"><tag k="OBJCOD" v="LIGHTS"/><tag k="COLOUR" v="1"/><tag k="OBJNAM" v="Penlan"/>
            
            
            
        </node>
</modify><create><node lat="5995358" lon="-283746" timestamp="2015-08-31T20:20:52Z" username="lomad"><tag k="OBJCOD" v="psgiio"/><tag k="catser" v="135"/><tag k="OBJNAM" v="cale Kervoyal"/><tag k="INFORM" v=" "/></node>
</create></bound>