<?xml version="1.0" encoding="UTF-8"?><bound box="6210089,-410941,6229600,-391372"><create><node lat="6210242" lon="-401778" timestamp="2011-10-16T08:43:45Z" username="undercreuse"><tag k="OBJCOD" v="hotspt"/><tag k="catspt" v="1"/><tag k="VALSOU" v=" "/><tag k="OBJNAM" v=" "/><tag k="INFORM" v=" "/><tag k="DUNITS" v="1"/>
            
            
            
            
            
            
        </node>
</create><create><node lat="6210508" lon="-402988" timestamp="2011-01-09T22:22:04Z"><tag k="OBJCOD" v="UWTROC"/><tag k="WATLEV" v="3"/><tag k="DUNITS" v="1"/>
            
            
            
        </node>
</create><create><node lat="6210873" lon="-404074" timestamp="2011-01-09T09:52:23Z"><tag k="OBJCOD" v="UWTROC"/><tag k="WATLEV" v="3"/><tag k="DUNITS" v="1"/>
            
            
            
        </node>
</create><create><node lat="6211415" lon="-395834" timestamp="2011-01-09T16:06:10Z"><tag k="OBJCOD" v="SBDARE"/><tag k="NATSUR" v="4"/>
            
            
        </node>
</create><create><node lat="6212357" lon="-403229" timestamp="2010-10-23T06:13:26Z"><tag k="OBJCOD" v="hotspt"/><tag k="catspt" v="2"/><tag k="OBJNAM" v="A voir"/><tag k="INFORM" v="A la vue de la carte le 23/10/2010"/><tag k="DUNITS" v="1"/>
            
            
            
            
            
        </node>
</create><create><node lat="6213506" lon="-394199" timestamp="2011-01-09T16:02:42Z"><tag k="OBJCOD" v="SBDARE"/><tag k="NATSUR" v="4"/>
            
            
        </node>
</create><create><node lat="6213919" lon="-400146" timestamp="2011-01-09T17:53:23Z"><tag k="OBJCOD" v="UWTROC"/><tag k="WATLEV" v="3"/><tag k="DUNITS" v="1"/>
            
            
            
        </node>
</create><create><node lat="6213945" lon="-392391" timestamp="2015-07-20T19:31:47Z" username="jplebricquir"><tag k="OBJCOD" v="psgiio"/><tag k="catser" v="133"/></node>
</create><create><node lat="6214124" lon="-394839" timestamp="2011-01-09T16:04:55Z"><tag k="OBJCOD" v="SBDARE"/><tag k="NATSUR" v="4"/>
            
            
        </node>
</create><create><node lat="6214231" lon="-393687" timestamp="2011-01-09T16:01:44Z"><tag k="OBJCOD" v="SBDARE"/><tag k="NATSUR" v="4"/>
            
            
        </node>
</create><create><node lat="6214588" lon="-393002" timestamp="2011-01-09T15:57:09Z"><tag k="OBJCOD" v="SBDARE"/><tag k="NATSUR" v="4"/>
            
            
        </node>
</create><create><node lat="6214813" lon="-392309" timestamp="2011-01-09T15:58:28Z"><tag k="OBJCOD" v="SBDARE"/><tag k="NATSUR" v="4"/>
            
            
        </node>
</create><modify><node lat="6214821" lon="-391935" timestamp="2014-07-22T12:50:14Z" username="gwinru"><tag k="OBJCOD" v="BCNLAT"/><tag k="OBJNAM" v=" "/><tag k="INFORM" v=" "/>
            
            
            
        
            
            
            
        
            
            
            
        </node>
</modify><create><node lat="6214829" lon="-393197" timestamp="2011-01-09T16:00:47Z"><tag k="OBJCOD" v="SBDARE"/><tag k="NATSUR" v="4"/>
            
            
        </node>
</create><create><node lat="6214835" lon="-393695" timestamp="2011-01-09T16:03:33Z"><tag k="OBJCOD" v="SBDARE"/><tag k="NATSUR" v="4"/>
            
            
        </node>
</create><create><node lat="6214877" lon="-409410" timestamp="2011-01-09T09:51:05Z"><tag k="OBJCOD" v="UWTROC"/><tag k="WATLEV" v="3"/><tag k="DUNITS" v="1"/>
            
            
            
        </node>
</create><modify><node lat="6214904" lon="-392093" timestamp="2014-07-22T12:52:05Z" username="gwinru"><tag k="OBJCOD" v="BCNLAT"/><tag k="OBJNAM" v="&quot;NO 3&quot;"/><tag k="INFORM" v="remise en &#xE9;tat"/>
            
            
            
        
            
            
            
        </node>
</modify><create><node lat="6214915" lon="-392083" timestamp="2015-01-26T21:51:49Z" username="gwinru"><tag k="OBJCOD" v="BCNLAT"/><tag k="OBJNAM" v=" "/><tag k="INFORM" v="balise cassée. remplacée par balise flottante"/><tag k="COLOUR" v="4"/><tag k="BCNSHP" v="5"/></node>
</create><create><node lat="6215051" lon="-392440" timestamp="2011-01-09T15:55:55Z"><tag k="OBJCOD" v="SBDARE"/><tag k="NATSUR" v="4"/>
            
            
        </node>
</create><create><node lat="6215091" lon="-391728" timestamp="2011-01-09T15:59:30Z"><tag k="OBJCOD" v="SBDARE"/><tag k="NATSUR" v="4"/>
            
            
        </node>
</create><create><node lat="6215177" lon="-397419" timestamp="2011-08-10T09:00:33Z" username="Champo"><tag k="OBJCOD" v="ACHBRT"/><tag k="OBJNAM" v="Plongee"/>
            
            
        </node>
</create><create><node lat="6215647" lon="-401298" timestamp="2011-01-09T10:21:53Z"><tag k="OBJCOD" v="UWTROC"/><tag k="WATLEV" v="3"/><tag k="DUNITS" v="1"/>
            
            
            
        </node>
</create><create><node lat="6215782" lon="-401194" timestamp="2011-01-09T17:57:27Z"><tag k="OBJCOD" v="UWTROC"/><tag k="WATLEV" v="3"/><tag k="DUNITS" v="1"/>
            
            
            
        </node>
</create><create><node lat="6215825" lon="-395136" timestamp="2011-01-09T09:46:23Z"><tag k="OBJCOD" v="UWTROC"/><tag k="WATLEV" v="3"/><tag k="DUNITS" v="1"/>
            
            
            
        </node>
</create><create><node lat="6215878" lon="-393040" timestamp="2011-01-09T09:47:32Z"><tag k="OBJCOD" v="UWTROC"/><tag k="WATLEV" v="3"/><tag k="DUNITS" v="1"/>
            
            
            
        </node>
</create><create><node lat="6216213" lon="-396828" timestamp="2013-09-21T18:05:32Z" username="camillehudelot"><tag k="OBJCOD" v="UWTROC"/><tag k="WATLEV" v="3"/><tag k="VALSOU" v=" "/><tag k="OBJNAM" v=" "/><tag k="INFORM" v=" "/><tag k="DUNITS" v="1"/>
            
            
            
            
            
            
        </node>
</create><create><node lat="6216614" lon="-400493" timestamp="2011-02-02T20:05:21Z"><tag k="OBJCOD" v="UWTROC"/><tag k="WATLEV" v="3"/><tag k="DUNITS" v="1"/>
            
            
            
        </node>
</create><create><node lat="6218431" lon="-392980" timestamp="2011-02-02T19:43:19Z"><tag k="OBJCOD" v="UWTROC"/><tag k="WATLEV" v="3"/><tag k="DUNITS" v="1"/>
            
            
            
        </node>
</create><create><node lat="6218487" lon="-395158" timestamp="2011-02-02T19:41:44Z"><tag k="OBJCOD" v="UWTROC"/><tag k="WATLEV" v="3"/><tag k="DUNITS" v="1"/>
            
            
            
        </node>
</create><create><node lat="6218602" lon="-391856" timestamp="2011-02-02T19:45:09Z"><tag k="OBJCOD" v="UWTROC"/><tag k="WATLEV" v="3"/><tag k="DUNITS" v="1"/>
            
            
            
        </node>
</create><create><node lat="6219105" lon="-394431" timestamp="2011-02-02T19:40:42Z"><tag k="OBJCOD" v="UWTROC"/><tag k="WATLEV" v="3"/><tag k="DUNITS" v="1"/>
            
            
            
        </node>
</create><create><node lat="6219637" lon="-393487" timestamp="2011-02-02T19:36:36Z"><tag k="OBJCOD" v="UWTROC"/><tag k="WATLEV" v="3"/><tag k="DUNITS" v="1"/>
            
            
            
        </node>
</create><create><node lat="6219823" lon="-393885" timestamp="2011-02-02T19:34:52Z"><tag k="OBJCOD" v="UWTROC"/><tag k="WATLEV" v="3"/><tag k="DUNITS" v="1"/>
            
            
            
        </node>
</create><create><node lat="6219898" lon="-406804" timestamp="2013-08-15T07:04:42Z" username="champo"><tag k="OBJCOD" v="WRECKS"/><tag k="DUNITS" v="1"/><tag k="CATWRK" v="1"/>
            
            
            
        </node>
</create><create><node lat="6220432" lon="-407326" timestamp="2013-08-01T04:54:45Z" username="gnatsel"><tag k="OBJCOD" v="SOUNDG"/><tag k="DUNITS" v="1"/>
            
            
        </node>
</create><create><node lat="6220468" lon="-402024" timestamp="2011-02-02T19:28:47Z"><tag k="OBJCOD" v="UWTROC"/><tag k="WATLEV" v="3"/><tag k="DUNITS" v="1"/>
            
            
            
        </node>
</create><create><node lat="6220865" lon="-395118" timestamp="2011-02-02T19:32:01Z"><tag k="OBJCOD" v="UWTROC"/><tag k="WATLEV" v="3"/><tag k="DUNITS" v="1"/>
            
            
            
        </node>
</create><create><node lat="6220924" lon="-405466" timestamp="2013-08-15T10:01:50Z" username="champo"><tag k="OBJCOD" v="hotspt"/><tag k="catspt" v="2"/><tag k="VALSOU" v="10-50"/><tag k="OBJNAM" v="Plongée du 15 août 2013"/><tag k="INFORM" v="Jacques, Pascal, Malo, Jean-Pierre et Thierry. Surveillance Christian"/><tag k="DUNITS" v="1"/>
            
            
            
            
            
            
        </node>
</create><modify><node lat="6220941" lon="-405934" timestamp="2015-08-18T12:45:21Z" username="Gilus"><tag k="OBJCOD" v="LIGHTS"/><tag k="COLOUR" v="1"/><tag k="OBJNAM" v="Les Triagiz"/><tag k="INFORM" v="Vient du Breton &quot; trei coz &quot; les 3 vieilles, ce qui dépasse a PM"/></node>
</modify><create><node lat="6221451" lon="-404717" timestamp="2013-08-14T11:18:45Z" username="champo"><tag k="OBJCOD" v="hotspt"/><tag k="catspt" v="2"/><tag k="VALSOU" v="10-45"/><tag k="OBJNAM" v="plongée du 14 août 2013"/><tag k="INFORM" v="Jacques, Malo, Pascall, Jean-Pierre et Thierry"/><tag k="DUNITS" v="1"/>
            
            
            
            
            
            
        </node>
</create><create><node lat="6223563" lon="-405101" timestamp="2011-01-10T15:06:31Z"><tag k="OBJCOD" v="UWTROC"/><tag k="WATLEV" v="3"/><tag k="DUNITS" v="1"/>
            
            
            
        </node>
</create><create><node lat="6223606" lon="-404977" timestamp="2011-01-09T09:31:13Z"><tag k="OBJCOD" v="UWTROC"/><tag k="WATLEV" v="3"/><tag k="DUNITS" v="1"/>
            
            
            
        </node>
</create><create><node lat="6223614" lon="-409139" timestamp="2013-04-28T17:47:44Z" username="camillehudelot"><tag k="OBJCOD" v="UWTROC"/><tag k="WATLEV" v="3"/><tag k="VALSOU" v=" "/><tag k="OBJNAM" v=" "/><tag k="INFORM" v=" "/><tag k="DUNITS" v="1"/>
            
            
            
            
            
            
        </node>
</create><create><node lat="6223633" lon="-404977" timestamp="2011-01-09T09:27:28Z"><tag k="OBJCOD" v="UWTROC"/><tag k="WATLEV" v="3"/><tag k="DUNITS" v="1"/>
            
            
            
        </node>
</create><create><node lat="6223953" lon="-408508" timestamp="2013-04-28T17:47:18Z" username="camillehudelot"><tag k="OBJCOD" v="UWTROC"/><tag k="WATLEV" v="3"/><tag k="VALSOU" v=" "/><tag k="OBJNAM" v=" "/><tag k="INFORM" v=" "/><tag k="DUNITS" v="1"/>
            
            
            
            
            
            
        </node>
</create><create><node lat="6228663" lon="-399674" timestamp="2011-01-09T09:43:38Z"><tag k="OBJCOD" v="UWTROC"/><tag k="WATLEV" v="3"/><tag k="DUNITS" v="1"/>
            
            
            
        </node>
</create></bound>