<?xml version="1.0" encoding="UTF-8"?><bound box="6990743,-352235,7010264,-332667"><create><node lat="6997149" lon="-348072" timestamp="2011-04-10T07:18:06Z" username="unknown"><tag k="OBJCOD" v="BCNSPP"/><tag k="OBJNAM" v="D10"/><tag k="INFORM" v="DSC buoys"/><tag k="COLOUR" v="2"/><tag k="BCNSHP" v="5"/>
            
            
            
            
            
        </node>
</create><create><node lat="6998135" lon="-349260" timestamp="2011-04-10T07:41:47Z" username="unknown"><tag k="OBJCOD" v="BCNSPP"/><tag k="OBJNAM" v="D9"/><tag k="COLOUR" v="2"/><tag k="BCNSHP" v="5"/>
            
            
            
            
        </node>
</create><create><node lat="6998405" lon="-351165" timestamp="2011-04-10T07:40:49Z" username="unknown"><tag k="OBJCOD" v="BCNSPP"/><tag k="OBJNAM" v="D8"/><tag k="COLOUR" v="2"/><tag k="BCNSHP" v="5"/>
            
            
            
            
        </node>
</create><create><node lat="6999785" lon="-350707" timestamp="2011-04-10T07:40:03Z" username="unknown"><tag k="OBJCOD" v="BCNSPP"/><tag k="OBJNAM" v="D7"/><tag k="COLOUR" v="2"/><tag k="BCNSHP" v="5"/>
            
            
            
            
        </node>
</create><create><node lat="7001320" lon="-347229" timestamp="2011-09-28T14:14:05Z" username="Nico"><tag k="OBJCOD" v="hotspt"/><tag k="catspt" v="1"/><tag k="VALSOU" v=" "/><tag k="OBJNAM" v=" "/><tag k="INFORM" v=" "/><tag k="DUNITS" v="1"/>
            
            
            
            
            
            
        </node>
</create><create><node lat="7009257" lon="-347704" timestamp="2013-10-28T15:04:15Z" username="Carl_riley"><tag k="OBJCOD" v="psgiio"/><tag k="catser" v="2"/><tag k="zipcde" v=" "/><tag k="websit" v=" "/><tag k="telnum" v=" "/><tag k="strnam" v="The Moorings"/><tag k="citynm" v="Heswall"/><tag k="OBJNAM" v="Heswall Boat Yard"/><tag k="INFORM" v="Boat storage and slipway"/>
            
            
            
            
            
            
            
            
            
        </node>
</create></bound>