<?xml version="1.0" encoding="UTF-8"?><bound box="4377280,-430510,4396764,-410941"><create><node lat="4377487" lon="-421976" timestamp="2012-07-15T13:59:42Z" username="unknown"><tag k="OBJCOD" v="ACHBRT"/>
            
        </node>
</create><create><node lat="4377636" lon="-421486" timestamp="2014-07-26T12:10:16Z" username="Malakanudo" average_rating="3.0" rating_count="1" reviews_count="1"><tag k="OBJCOD" v="ACHBRT"/><tag k="OBJNAM" v="Cala Bermeja"/><tag k="INFORM" v="Tambi&#xE9;n llamada cala de la Vaca o de los Genoveses.&#10;Adecuada para kayaks."/>
            
            
            
        
            
            
        
            
            
        
            
            
        
            
            
        </node>
</create><delete><node lat="4377742" lon="-428454" timestamp="2013-02-15T20:41:18Z" username="unknown"><tag k="OBJCOD" v="SBDARE"/>
            
        </node>
</delete><create><node lat="4377750" lon="-421815" timestamp="2012-07-15T13:57:15Z" username="unknown"><tag k="OBJCOD" v="ACHBRT"/>
            
        </node>
</create><create><node lat="4377792" lon="-422579" timestamp="2012-07-15T14:00:35Z" username="unknown"><tag k="OBJCOD" v="ACHBRT"/>
            
        </node>
</create><create><node lat="4378067" lon="-421698" timestamp="2013-07-15T11:55:31Z" username="Malakanudo"><tag k="OBJCOD" v="gennav"/><tag k="OBJNAM" v="Merendero las Piedras"/><tag k="INFORM" v="tel:649854531&#10;Ideal para kayakistas en tr&#xE1;nsito.&#10;Abierto de junio a septiembre. Muy bien integrado en el entorno. Fritura y brochetas espectaculares. 15 a 20 euros por persona."/>
            
            
            
        
            
            
        </node>
</create><create><node lat="4378107" lon="-422307" timestamp="2012-07-15T13:58:43Z" username="unknown"><tag k="OBJCOD" v="ACHBRT"/>
            
        </node>
</create><create><node lat="4378173" lon="-422713" timestamp="2015-08-05T16:14:31Z" username="Floren" average_rating="5" reviews_count="1" rating_count="1"><tag k="OBJCOD" v="ACHBRT"/><tag k="OBJNAM" v="Cala meritos"/><tag k="INFORM" v="&#xD1;"/></node>
</create><create><node lat="4378265" lon="-422787" timestamp="2013-07-21T12:51:49Z" username="Malakanudo"><tag k="OBJCOD" v="gennav"/><tag k="OBJNAM" v="Cala de la torre del Pino"/><tag k="INFORM" v="Bonita parada para kayaks"/>
            
            
            
        </node>
</create><create><node lat="4378641" lon="-424090" timestamp="2011-07-25T12:04:15Z" username="unknown"><tag k="OBJCOD" v="ACHBRT"/><tag k="OBJNAM" v="cala Miel"/>
            
            
        </node>
</create><delete><node lat="4378642" lon="-430499" timestamp="2015-03-17T01:45:46Z" username="i&#xF1;aki casta&#xF1;er"><tag k="OBJCOD" v="SMACRA"/><tag k="ofsety" v="252"/><tag k="ofsetx" v="-252"/><tag k="CATSMC" v="1"/></node>
</delete><create><node lat="4378921" lon="-424728" timestamp="2013-07-21T12:55:31Z" username="Malakanudo"><tag k="OBJCOD" v="gennav"/><tag k="OBJNAM" v="Desembocadura río de la Miel"/><tag k="INFORM" v="Para kayaks: Playa de cantos rodados grandes (ojo con la fibra y los tobillos). El río suele llevar agua en la desembocadura."/>
            
            
            
        </node>
</create><create><node lat="4379023" lon="-430289" timestamp="2013-07-14T20:21:10Z" username="Malakanudo"><tag k="OBJCOD" v="gennav"/><tag k="OBJNAM" v="Educare Aventura"/><tag k="INFORM" v="Ruta guiada en kayaks autovaciables."/>
            
            
            
        </node>
</create><create><node lat="4379133" lon="-427385" timestamp="2013-06-01T14:45:45Z" username="antonio salazar"><tag k="OBJCOD" v="ACHBRT"/><tag k="OBJNAM" v="Antonio"/><tag k="INFORM" v="Zona preciosa para vararse"/>
            
            
            
        </node>
</create><create><node lat="4379149" lon="-427360" timestamp="2015-06-14T05:10:03Z" username="aurelio santo" average_rating="5" reviews_count="1" rating_count="1"><tag k="OBJCOD" v="ACHBRT"/><tag k="OBJNAM" v="Maro"/><tag k="INFORM" v="Ca&#xC3;&#xB1;os de Maro"/></node>
</create><create><node lat="4379155" lon="-427422" timestamp="2013-08-24T12:58:12Z" username="unknown"><tag k="OBJCOD" v="ACHBRT"/><tag k="OBJNAM" v="Maro"/><tag k="INFORM" v="Canos de Maro"/>
            
            
            
        </node>
</create><create><node lat="4379166" lon="-425813" timestamp="2013-07-21T12:57:15Z" username="Malakanudo" average_rating="4.0" rating_count="1" reviews_count="1"><tag k="OBJCOD" v="ACHBRT"/><tag k="OBJNAM" v="Cala de el Turco"/><tag k="INFORM" v="Bonito desembarco y descanso para kayaks. Cala dif&#xED;cilmente accesible por tierra."/>
            
            
            
        
            
            
        
            
            
        </node>
</create><create><node lat="4379259" lon="-428003" timestamp="2013-07-21T12:59:55Z" username="Malakanudo"><tag k="OBJCOD" v="gennav"/><tag k="OBJNAM" v="Caleta de Maro"/><tag k="INFORM" v=" "/>
            
            
        
            
            
            
        </node>
</create><create><node lat="4379349" lon="-426965" timestamp="2013-07-21T12:58:47Z" username="Malakanudo"><tag k="OBJCOD" v="gennav"/><tag k="OBJNAM" v="Playa de Maro"/><tag k="INFORM" v="Playa turística, accesible en vehículo de motor. Merendero."/>
            
            
            
        </node>
</create></bound>