<?xml version="1.0" encoding="UTF-8"?><bound box="5956464,-371804,5975972,-352235"><modify><node lat="5957409" lon="-355680" timestamp="2011-12-25T09:41:34Z" username="Johanet"><tag k="OBJCOD" v="BCNISD"/>
            
        </node>
</modify><create><node lat="5959602" lon="-359100" timestamp="2013-07-11T13:09:10Z" username="unknown"><tag k="OBJCOD" v="ACHBRT"/><tag k="OBJNAM" v="Débit de l'eau le 11/07/2013 à 15h09"/>
            
            
        </node>
</create><create><node lat="5964122" lon="-360631" timestamp="2015-08-28T05:52:48Z" username="bil56"><tag k="OBJCOD" v="ACHBRT"/><tag k="OBJNAM" v="mouillage Port Donnant"/><tag k="INFORM" v=" "/></node>
</create><create><node lat="5964746" lon="-354269" timestamp="2012-05-23T05:29:49Z" username="jb parat"><tag k="OBJCOD" v="FSHFAC"/>
            
        </node>
</create><create><node lat="5971523" lon="-362259" timestamp="2015-08-28T05:54:42Z" username="bil56"><tag k="OBJCOD" v="ACHBRT"/><tag k="OBJNAM" v="Ster Wenn"/><tag k="INFORM" v=" "/></node>
</create><delete><node lat="5971551" lon="-358362" timestamp="2014-12-20T20:44:26Z" username="abourre"><tag k="OBJCOD" v="MORFAC"/>
            
        </node>
</delete><modify><node lat="5971635" lon="-358302" timestamp="2015-05-12T07:52:31Z" username="lumas"><tag k="OBJCOD" v="MORFAC"/></node>
</modify><create><node lat="5971661" lon="-362886" timestamp="2013-08-18T16:34:49Z" username="pbelin"><tag k="OBJCOD" v="gennav"/><tag k="OBJNAM" v="Baie des trépassés"/><tag k="INFORM" v=" "/>
            
            
            
        </node>
</create><modify><node lat="5971682" lon="-358269" timestamp="2015-03-13T14:50:34Z" username="katina11"><tag k="OBJCOD" v="MORFAC"/><tag k="OBJNAM" v=" "/><tag k="INFORM" v="visiteurs"/></node>
</modify><create><node lat="5971702" lon="-361639" timestamp="2014-11-23T11:05:04Z" username="jysene"><tag k="OBJCOD" v="ACHBRT"/><tag k="OBJNAM" v="Ster Vas"/><tag k="INFORM" v="mouillage de beau temps, dangereux par vent fort secteur ouest"/>
            
            
            
        
            
            
        </node>
</create><delete><node lat="5971712" lon="-358534" timestamp="2014-12-20T19:18:29Z" username="abourre"><tag k="OBJCOD" v="psgiio"/><tag k="catser" v="23"/>
            
            
        </node>
</delete><delete><node lat="5971780" lon="-358181" timestamp="2014-12-20T20:44:08Z" username="abourre"><tag k="OBJCOD" v="MORFAC"/>
            
        </node>
</delete><delete><node lat="5971783" lon="-358419" timestamp="2014-12-20T19:18:23Z" username="abourre"><tag k="OBJCOD" v="psgiio"/><tag k="catser" v="23"/>
            
            
        </node>
</delete><delete><node lat="5971828" lon="-358138" timestamp="2014-12-20T20:43:59Z" username="abourre"><tag k="OBJCOD" v="MORFAC"/>
            
        </node>
</delete><delete><node lat="5971829" lon="-358423" timestamp="2014-12-20T19:18:18Z" username="abourre"><tag k="OBJCOD" v="psgiio"/><tag k="catser" v="23"/>
            
            
        </node>
</delete><modify><node lat="5971834" lon="-358343" timestamp="2015-03-01T14:45:20Z" username="Marc thouvard"><tag k="OBJCOD" v="psgiio"/><tag k="catser" v="23"/></node>
</modify><modify><node lat="5971871" lon="-358136" timestamp="2015-05-23T09:05:38Z" username="ovni"><tag k="OBJCOD" v="MORFAC"/></node>
</modify><delete><node lat="5971927" lon="-358104" timestamp="2014-12-20T21:02:36Z" username="abourre"><tag k="OBJCOD" v="BCNSPP"/>
            
        </node>
</delete><delete><node lat="5971996" lon="-358087" timestamp="2013-04-25T19:17:59Z" username="Racine Martial"><tag k="OBJCOD" v="LIGHTS"/><tag k="COLOUR" v="3"/>
            
            
        </node>
</delete><modify><node lat="5972068" lon="-358117" username="Tabel" timestamp="2015-05-04T20:54:52Z"><tag k="OBJCOD" v="SMACRA"/><tag k="ofsety" v="-554"/><tag k="ofsetx" v="213"/><tag k="CATSMC" v="1"/></node>
</modify><delete><node lat="5972129" lon="-358539" timestamp="2014-12-20T20:49:39Z" username="abourre"><tag k="OBJCOD" v="psgiio"/><tag k="catser" v="23"/>
            
            
        </node>
</delete><modify><node lat="5972232" lon="-358217" timestamp="2015-05-31T15:03:51Z" username="supermario"><tag k="OBJCOD" v="MORFAC"/></node>
</modify><modify><node lat="5972254" lon="-358155" timestamp="2015-06-17T18:35:15Z" username="SWALLOWTAIL"><tag k="OBJCOD" v="MORFAC"/></node>
</modify><modify><node lat="5972319" lon="-358176" timestamp="2015-06-17T18:35:06Z" username="SWALLOWTAIL"><tag k="OBJCOD" v="MORFAC"/></node>
</modify><modify><node lat="5972367" lon="-358208" timestamp="2015-06-17T18:34:57Z" username="SWALLOWTAIL"><tag k="OBJCOD" v="MORFAC"/></node>
</modify><modify><node lat="5972408" lon="-358218" timestamp="2015-06-17T18:34:44Z" username="SWALLOWTAIL"><tag k="OBJCOD" v="MORFAC"/></node>
</modify><create><node lat="5974368" lon="-361495" timestamp="2013-07-15T14:26:43Z" username="unknown"><tag k="OBJCOD" v="ACHBRT"/><tag k="OBJNAM" v="Débit de l'eau le 16/07/2013 à 16h25"/>
            
            
        </node>
</create><modify><node lat="5974651" lon="-361277" timestamp="2015-05-31T19:33:48Z" username="AdriBar"><tag k="OBJCOD" v="UWTROC"/></node>
</modify><modify><node lat="5975018" lon="-362036" timestamp="2014-08-27T19:24:36Z" username="AdriBar"><tag k="OBJCOD" v="UWTROC"/>
            
        </node>
</modify><modify><node lat="5975043" lon="-361940" timestamp="2014-08-27T19:24:43Z" username="AdriBar"><tag k="OBJCOD" v="UWTROC"/>
            
        </node>
</modify></bound>