<?xml version="1.0" encoding="UTF-8"?><bound box="6424729,-469647,6444243,-450078"><create><node lat="6427214" lon="-455566" timestamp="2012-12-25T19:08:24Z" username="Sharkham"><tag k="OBJCOD" v="hotspt"/><tag k="catspt" v="1"/><tag k="OBJNAM" v="Fixing mark"/><tag k="INFORM" v="Many wrecks in this area."/><tag k="DUNITS" v="1"/>
            
            
            
            
            
        </node>
</create><create><node lat="6435789" lon="-464253" timestamp="2015-07-23T16:47:37Z" username="jamie3"><tag k="OBJCOD" v="hotspt"/><tag k="catspt" v="1"/><tag k="VALSOU" v=" "/><tag k="OBJNAM" v="BIRGIT?"/><tag k="INFORM" v="fishing wreck"/><tag k="DUNITS" v="1"/></node>
</create><modify><node lat="6436959" lon="-460071" timestamp="2013-04-30T20:59:53Z" username="fishydaveduke"><tag k="OBJCOD" v="WRECKS"/><tag k="OBJNAM" v="Birgit"/><tag k="INFORM" v=" "/><tag k="DUNITS" v="1"/>
            
            
            
            
        </node>
</modify><modify><node lat="6437044" lon="-462270" timestamp="2014-06-17T19:13:46Z" username="Sharkham"><tag k="OBJCOD" v="WRECKS"/><tag k="VALSOU" v=" "/><tag k="OBJNAM" v="Regrita"/><tag k="INFORM" v=" "/><tag k="DUNITS" v="1"/>
            
            
            
            
            
        </node>
</modify><create><node lat="6437342" lon="-462487" timestamp="2015-07-23T16:39:45Z" username="jamie3"><tag k="OBJCOD" v="hotspt"/><tag k="catspt" v="1"/><tag k="VALSOU" v=" "/><tag k="OBJNAM" v="LAB"/><tag k="INFORM" v="fishing wreck"/><tag k="DUNITS" v="1"/></node>
</create><create><node lat="6438560" lon="-464628" timestamp="2015-07-23T16:42:51Z" username="jamie3"><tag k="OBJCOD" v="hotspt"/><tag k="catspt" v="1"/><tag k="VALSOU" v=" "/><tag k="OBJNAM" v="YEWFOREST"/><tag k="INFORM" v="fishing wreck"/><tag k="DUNITS" v="1"/></node>
</create><create><node lat="6438560" lon="-464253" timestamp="2015-07-23T16:56:13Z" username="jamie3"><tag k="OBJCOD" v="hotspt"/><tag k="catspt" v="1"/><tag k="VALSOU" v=" "/><tag k="OBJNAM" v="yewforest"/><tag k="INFORM" v="fishing wreck"/><tag k="DUNITS" v="1"/></node>
</create><modify><node lat="6438571" lon="-464633" timestamp="2013-04-30T21:02:34Z" username="fishydaveduke"><tag k="OBJCOD" v="WRECKS"/><tag k="OBJNAM" v="Yew frost"/><tag k="INFORM" v=" "/><tag k="DUNITS" v="1"/>
            
            
            
            
        </node>
</modify><modify><node lat="6438597" lon="-467266" timestamp="2013-04-30T21:03:48Z" username="fishydaveduke"><tag k="OBJCOD" v="WRECKS"/><tag k="OBJNAM" v="Birgitte"/><tag k="INFORM" v=" "/><tag k="DUNITS" v="1"/>
            
            
            
            
        </node>
</modify><modify><node lat="6441458" lon="-465660" timestamp="2013-04-30T21:04:41Z" username="fishydaveduke"><tag k="OBJCOD" v="WRECKS"/><tag k="OBJNAM" v="Patch"/><tag k="INFORM" v=" "/><tag k="DUNITS" v="1"/>
            
            
            
            
        </node>
</modify><create><node lat="6443580" lon="-450971" timestamp="2012-02-19T22:29:10Z" username="venture"><tag k="OBJCOD" v="hotspt"/><tag k="catspt" v="2"/><tag k="OBJNAM" v="HMS Stock Force"/><tag k="INFORM" v="60m"/><tag k="DUNITS" v="1"/>
            
            
            
            
            
        </node>
</create><modify><node lat="6443902" lon="-468094" timestamp="2013-05-11T17:54:04Z" username="fishydaveduke"><tag k="OBJCOD" v="WRECKS"/><tag k="OBJNAM" v="Sadie"/><tag k="INFORM" v=" "/><tag k="DUNITS" v="1"/>
            
            
            
            
        </node>
</modify></bound>