<?xml version="1.0" encoding="UTF-8"?><bound box="6210089,-332667,6229600,-313098"><create><node lat="6211995" lon="-321853" timestamp="2015-07-26T22:04:09Z" username="teamceyx"><tag k="OBJCOD" v="ACHBRT"/><tag k="OBJNAM" v="Top"/></node>
</create><modify><node lat="6213297" lon="-331645" timestamp="2015-09-01T11:39:43Z" username="JackRabbit"><tag k="OBJCOD" v="BCNCAR"/><tag k="OBJNAM" v="Menn Gann"/></node>
</modify><create><node lat="6214895" lon="-332243" timestamp="2012-03-02T23:12:20Z" username="voisin"><tag k="OBJCOD" v="SOUNDG"/><tag k="DUNITS" v="1"/>
            
            
        </node>
</create><create><node lat="6217233" lon="-331273" timestamp="2014-01-10T13:23:24Z" username="foufouna"><tag k="OBJCOD" v="UWTROC"/><tag k="WATLEV" v="4"/><tag k="VALSOU" v=" "/><tag k="OBJNAM" v="roche"/><tag k="INFORM" v=" "/><tag k="DUNITS" v="1"/>
            
            
            
            
            
            
        </node>
</create><create><node lat="6217782" lon="-332162" timestamp="2012-07-30T14:14:21Z" username="malesribes"><tag k="OBJCOD" v="ACHBRT"/><tag k="OBJNAM" v="gipsy"/><tag k="INFORM" v="10 m de fond à 16h10"/>
            
            
            
        </node>
</create><create><node lat="6218246" lon="-330927" timestamp="2014-01-09T18:24:55Z" username="foufouna"><tag k="OBJCOD" v="gennav"/><tag k="OBJNAM" v="corps mort"/><tag k="INFORM" v=" "/>
            
            
            
        </node>
</create><create><node lat="6218690" lon="-323816" timestamp="2013-07-31T21:30:53Z" username="loyer"><tag k="OBJCOD" v="hotspt"/><tag k="catspt" v="1"/><tag k="VALSOU" v=" "/><tag k="OBJNAM" v="lieu"/><tag k="DUNITS" v="1"/>
            
            
            
            
            
        </node>
</create><delete><node lat="6219129" lon="-329559" timestamp="2015-09-18T07:32:50Z" username="mofrane"><tag k="OBJCOD" v="BOYCAR"/></node>
</delete><create><node lat="6219983" lon="-318620" timestamp="2012-02-26T22:28:25Z" username="laurens"><tag k="OBJCOD" v="hotspt"/><tag k="catspt" v="1"/><tag k="OBJNAM" v="Lieu"/><tag k="DUNITS" v="1"/>
            
            
            
            
        </node>
</create><create><node lat="6223827" lon="-329046" timestamp="2015-09-14T20:49:07Z" username="bokaye"><tag k="OBJCOD" v="hotspt"/><tag k="catspt" v="1"/><tag k="VALSOU" v=" "/><tag k="OBJNAM" v=" "/><tag k="INFORM" v=" "/><tag k="DUNITS" v="1"/></node>
</create><create><node lat="6228347" lon="-325017" timestamp="2014-11-03T15:01:04Z" username="catacorse"><tag k="OBJCOD" v="BOYCAR"/><tag k="OBJNAM" v="nord Horaine"/><tag k="INFORM" v="nord Horaine&#10;Galfione été du Rhum 2014"/><tag k="COLOUR" v="2;6"/><tag k="CATCAM" v="1"/><tag k="BOYSHP" v="4"/>
            
            
            
            
            
            
            <slave>
                <tag k="OBJCOD" v="TOPMAR"/>
                <tag k="TOPSHP" v="13"/>
            </slave>
        </node>
</create></bound>