<?xml version="1.0" encoding="UTF-8"?><bound box="7517898,-273961,7537425,-254392"><create><node lat="7518077" lon="-269213" timestamp="2015-09-12T21:28:20Z" username="vivacity"><tag k="OBJCOD" v="UWTROC"/><tag k="WATLEV" v="2"/><tag k="VALSOU" v=" "/><tag k="OBJNAM" v="rock"/><tag k="INFORM" v=" "/><tag k="DUNITS" v="1"/></node>
</create><create><node lat="7518095" lon="-269042" timestamp="2015-09-12T21:28:01Z" username="vivacity"><tag k="OBJCOD" v="UWTROC"/><tag k="WATLEV" v="2"/><tag k="VALSOU" v=" "/><tag k="OBJNAM" v="rock"/><tag k="INFORM" v=" "/><tag k="DUNITS" v="1"/></node>
</create><create><node lat="7518172" lon="-268876" timestamp="2015-09-12T21:27:47Z" username="vivacity"><tag k="OBJCOD" v="UWTROC"/><tag k="WATLEV" v="4"/><tag k="VALSOU" v=" "/><tag k="OBJNAM" v="rock"/><tag k="INFORM" v=" "/><tag k="DUNITS" v="1"/></node>
</create><create><node lat="7520582" lon="-271911" timestamp="2015-09-12T21:28:45Z" username="vivacity"><tag k="OBJCOD" v="OBSTRN"/><tag k="VALSOU" v=" "/><tag k="OBJNAM" v="sand"/><tag k="INFORM" v=" "/><tag k="DUNITS" v="1"/></node>
</create><create><node lat="7521024" lon="-272616" timestamp="2015-09-12T21:28:57Z" username="vivacity"><tag k="OBJCOD" v="OBSTRN"/><tag k="VALSOU" v=" "/><tag k="OBJNAM" v="sand"/><tag k="INFORM" v=" "/><tag k="DUNITS" v="1"/></node>
</create><create><node lat="7521132" lon="-273043" timestamp="2015-09-12T21:29:11Z" username="vivacity"><tag k="OBJCOD" v="OBSTRN"/><tag k="VALSOU" v=" "/><tag k="OBJNAM" v="sand"/><tag k="INFORM" v=" "/><tag k="DUNITS" v="1"/></node>
</create><create><node lat="7521425" lon="-273690" timestamp="2015-09-12T21:29:24Z" username="vivacity"><tag k="OBJCOD" v="OBSTRN"/><tag k="VALSOU" v=" "/><tag k="OBJNAM" v="sand"/><tag k="INFORM" v=" "/><tag k="DUNITS" v="1"/></node>
</create></bound>