<?xml version="1.0" encoding="UTF-8"?><bound box="6990743,-391372,7010264,-371804"><create><node lat="7007334" lon="-390551" timestamp="2015-07-07T16:24:58Z" username="Bluemax"><tag k="OBJCOD" v="SMACRA"/><tag k="trnbth" v="Yes"/><tag k="ofsety" v="0"/><tag k="ofsetx" v="0"/><tag k="numvhf" v="14"/><tag k="maxlen" v="24 metres"/><tag k="dckdph" v="Drying"/><tag k="ZIPCDE" v="LL18 5AX"/><tag k="TELNUM" v="01824 708400"/><tag k="STRNAM" v="Hortons Nose Lane"/><tag k="OBJNAM" v="Rhyl Harbour"/><tag k="INFORM" v="Boat Storage &amp; Lift out&#10;12 Ton Slipway Hoist"/><tag k="CITYNM" v="Rhyl"/><tag k="CATSMC" v="12"/></node>
</create><modify><node lat="7008551" lon="-390079" timestamp="2015-07-07T16:27:28Z" username="Bluemax"><tag k="OBJCOD" v="BCNSPP"/><slave><tag k="OBJCOD" v="LIGHTS"/><tag k="COLOUR" v="12"/></slave></node>
</modify><create><node lat="7009859" lon="-379268" timestamp="2011-12-15T15:25:41Z" username="chriseadog"><tag k="OBJCOD" v="BOYLAT"/><tag k="OBJNAM" v=" "/><tag k="INFORM" v=" "/><tag k="COLOUR" v="4"/><tag k="BOYSHP" v="2"/>
            
            
            
            
            
        </node>
</create><create><node lat="7009861" lon="-379278" timestamp="2011-12-15T15:11:01Z" username="chriseadog"><tag k="OBJCOD" v="SBDARE"/><tag k="NATSUR" v="1"/><tag k="INFORM" v=" "/>
            
            
            
        </node>
</create><create><node lat="7009861" lon="-379278" timestamp="2011-12-15T15:13:10Z" username="chriseadog"><tag k="OBJCOD" v="gennav"/><tag k="OBJNAM" v=" "/><tag k="INFORM" v=" "/>
            
            
            
        </node>
</create><create><node lat="7009861" lon="-379268" timestamp="2011-12-15T15:56:27Z" username="chriseadog"><tag k="OBJCOD" v="SOUNDG"/><tag k="VALSOU" v=" "/><tag k="DUNITS" v="1"/>
            
            
            
        </node>
</create><create><node lat="7009873" lon="-379261" timestamp="2011-12-16T00:22:26Z" username="chriseadog"><tag k="OBJCOD" v="ACHBRT"/><tag k="OBJNAM" v=" "/><tag k="INFORM" v=" "/>
            
            
            
        </node>
</create><create><node lat="7009876" lon="-379265" timestamp="2011-12-16T00:27:29Z" username="chriseadog"><tag k="OBJCOD" v="gennav"/><tag k="OBJNAM" v=" "/><tag k="INFORM" v=" "/>
            
            
            
        </node>
</create><create><node lat="7009876" lon="-379265" timestamp="2011-12-16T00:28:31Z" username="chriseadog"><tag k="OBJCOD" v="ACHBRT"/><tag k="OBJNAM" v=" "/><tag k="INFORM" v=" "/>
            
            
            
        </node>
</create><create><node lat="7009876" lon="-379265" timestamp="2011-12-16T00:30:46Z" username="chriseadog"><tag k="OBJCOD" v="SOUNDG"/><tag k="VALSOU" v=" "/><tag k="DUNITS" v="1"/>
            
            
            
        </node>
</create></bound>