<?xml version="1.0" encoding="UTF-8"?><bound box="6483272,-371804,6502787,-352235"><delete><node lat="6485843" lon="-369042" timestamp="2013-04-27T13:47:41Z" username="Coastie"><tag k="OBJCOD" v="WRECKS"/>
            
        </node>
</delete><modify><node lat="6492058" lon="-366223" timestamp="2012-06-25T20:33:39Z" username="alextbsac0456"><tag k="OBJCOD" v="WRECKS"/><tag k="OBJNAM" v="The Glocliffe"/><tag k="INFORM" v="&quot;The Glocliffe lies on her port side on a silty seabed at 40 metres. The least depth to her starboard deck rails and bilge keel is about 33m. Because of her orientation care must be taken not to swim into the holds or superstructure without realising. As for many other Lyme Bay wrecks the viz. can be low, and there are copious amounts of net and fishing line present. She was sunk by UB-40 (Oberleutnant Howaldt - a winner of the Blue Max)."/><tag k="DUNITS" v="1"/>
            
            
            
            
        </node>
</modify><create><node lat="6492059" lon="-366138" timestamp="2015-07-02T16:17:04Z" username="Wrk Admiral Van Tromp"><tag k="OBJCOD" v="WRECKS"/><tag k="OBJNAM" v="Glocliff"/><tag k="DUNITS" v="1"/><tag k="CATWRK" v="1"/></node>
</create><create><node lat="6493639" lon="-359555" timestamp="2015-07-02T16:57:21Z" username="Wrk Admiral Van Tromp"><tag k="OBJCOD" v="WRECKS"/><tag k="OBJNAM" v="Sub"/><tag k="DUNITS" v="1"/><tag k="CATWRK" v="1"/></node>
</create><create><node lat="6497149" lon="-355167" timestamp="2015-07-29T09:27:39Z" username="thisistappers"><tag k="OBJCOD" v="WRECKS"/><tag k="OBJNAM" v="City of Swansea"/><tag k="INFORM" v="1300 t.   82m.  150/330  17miles"/><tag k="DUNITS" v="3"/><tag k="CATWRK" v="1"/></node>
</create><create><node lat="6498553" lon="-364678" timestamp="2012-06-25T20:26:50Z" username="alextbsac0456"><tag k="OBJCOD" v="WRECKS"/><tag k="OBJNAM" v="Lord Stewart"/><tag k="INFORM" v="She can be found at 50:29:35; 03:16:55 (DMS). She is upright on a dark bottom at 37m. The wreck is 9m high and there is lots to see although the wreck is usually quite dark. Visibility is not superb."/><tag k="DUNITS" v="1"/><tag k="CATWRK" v="1"/>
            
            
            
            
            
        </node>
</create><create><node lat="6499303" lon="-365342" timestamp="2015-07-02T16:50:37Z" username="Wrk Admiral Van Tromp"><tag k="OBJCOD" v="WRECKS"/><tag k="OBJNAM" v="Lorne Stewart"/><tag k="DUNITS" v="1"/><tag k="CATWRK" v="1"/></node>
</create><create><node lat="6500735" lon="-362281" timestamp="2015-07-02T16:21:18Z" username="Wrk Admiral Van Tromp"><tag k="OBJCOD" v="WRECKS"/><tag k="OBJNAM" v="Giffion"/><tag k="DUNITS" v="1"/><tag k="CATWRK" v="1"/></node>
</create></bound>