<?xml version="1.0" encoding="UTF-8"?><bound box="7264063,-391372,7283587,-371804"><create><node lat="7271706" lon="-390469" timestamp="2015-07-23T06:45:17Z" average_rating="4.5" rating_count="2" reviews_count="2" username="jpm209"><tag k="OBJCOD" v="SMACRA"/><tag k="trnbth" v="Yes"/><tag k="ofsety" v="0"/><tag k="ofsetx" v="0"/><tag k="numvhf" v="12"/><tag k="maxlen" v="N/A"/><tag k="dckdph" v="2.40m"/><tag k="TELNUM" v="01900814431"/><tag k="SRVLST" v="28;122;127;125;130;49;126"/><tag k="OBJNAM" v="Maryport Marina"/><tag k="CATSMC" v="1"/></node>
</create><delete><node lat="7271708" lon="-390468" timestamp="2013-06-24T19:54:38Z" username="Serena"><tag k="OBJCOD" v="SMACRA"/><tag k="trnbth" v="6"/><tag k="stanam" v="Cumbria"/><tag k="open_1" v="YEARROUND"/><tag k="ofsety" v="0"/><tag k="ofsetx" v="0"/><tag k="numvhf" v="12"/><tag k="monvhf" v="12"/><tag k="ZIPCDE" v="CA15 8AY"/><tag k="TELNUM" v="+44 1900814431"/><tag k="STRNAM" v="Marine Road"/><tag k="SRVLST" v="28;168;36;39;122;47;125;127;130"/><tag k="OBJNAM" v="Maryport"/><tag k="CITYNM" v="Maryport"/><tag k="CATSMC" v="1"/>
            
            
            
            
            
            
            
            
            
            
            
            
            
            
            
        </node>
</delete><create><node lat="7272120" lon="-390379" timestamp="2014-07-16T10:14:18Z" username="ehawkins"><tag k="OBJCOD" v="gennav"/><tag k="OBJNAM" v="Blackwater pump out station"/><tag k="INFORM" v="Telephone: 01900 814431&#10;VHF: 12"/>
            
            
            
        </node>
</create><modify><node lat="7272478" lon="-390651" timestamp="2014-02-27T21:33:22Z" username="musarkie"><tag k="OBJCOD" v="SMACRA"/><tag k="ofsety" v="-1351"/><tag k="ofsetx" v="-50"/><tag k="CATSMC" v="1"/>
            
            
            
            
        </node>
</modify></bound>