<?xml version="1.0" encoding="UTF-8"?><bound box="6971222,-332667,6990743,-313098"><create><node lat="6983876" lon="-331264" timestamp="2013-06-12T11:57:59Z" username="seajay"><tag k="OBJCOD" v="BOYCAR"/><tag k="abrchr" v="YB Q(6)+ LFL 15S"/><tag k="COLPAT" v="1"/><tag k="COLOUR" v="6;2"/><tag k="CATCAM" v="3"/><tag k="BOYSHP" v="4"/>
            
            
            
            
            
            
            <slave>
                <tag k="OBJCOD" v="LIGHTS"/>
                <tag k="SIGGRP" v="(6)"/>
                <tag k="SIGPER" v="15"/>
                <tag k="abrchr" v="YB Q(6)+ LFL 15S"/>
                <tag k="COLOUR" v="1"/>
                <tag k="LITCHR" v="25"/>
                <tag k="VERDAT" v="17"/>
            </slave>
            <slave>
                <tag k="OBJCOD" v="TOPMAR"/>
                <tag k="abrchr" v="YB Q(6)+ LFL 15S"/>
                <tag k="COLOUR" v="2"/>
                <tag k="TOPSHP" v="14"/>
            </slave>
        </node>
</create></bound>