<?xml version="1.0" encoding="UTF-8"?><bound box="4182456,-332667,4201937,-313098"><create><node lat="4183193" lon="-325834" timestamp="2013-12-30T11:54:54Z" username="naish666"><tag k="OBJCOD" v="WRECKS"/><tag k="VALSOU" v="34"/><tag k="OBJNAM" v="Cuarto mandamiento (pecio)"/><tag k="INFORM" v=" "/><tag k="DUNITS" v="1"/><tag k="CATWRK" v="1"/>
            
            
            
            
            
        
            
            
            
        
            
            
            
        </node>
</create><create><node lat="4185113" lon="-320540" timestamp="2013-04-13T17:18:21Z" username="unknown"><tag k="OBJCOD" v="FSHFAC"/><tag k="OBJNAM" v="pesca"/>
            
            
        </node>
</create><create><node lat="4185239" lon="-320565" timestamp="2013-04-13T17:17:43Z" username="unknown"><tag k="OBJCOD" v="FSHFAC"/><tag k="OBJNAM" v="pesca"/>
            
            
        </node>
</create><create><node lat="4188479" lon="-330007" timestamp="2011-05-17T11:30:53Z" username="unknown"><tag k="OBJCOD" v="UWTROC"/><tag k="WATLEV" v="3"/><tag k="VALSOU" v="6"/><tag k="OBJNAM" v="piedra"/><tag k="INFORM" v="zona de mero"/><tag k="DUNITS" v="1"/>
            
            
            
            
            
            
        </node>
</create><create><node lat="4194488" lon="-322096" timestamp="2013-04-20T20:45:45Z" username="profan"><tag k="OBJCOD" v="WRECKS"/><tag k="VALSOU" v="90"/><tag k="OBJNAM" v="sola"/><tag k="INFORM" v=" "/><tag k="DUNITS" v="1"/><tag k="CATWRK" v="5"/>
            
            
            
            
            
            
        </node>
</create><create><node lat="4194596" lon="-324949" timestamp="2013-07-09T10:11:40Z" username="unknown"><tag k="OBJCOD" v="FSHFAC"/><tag k="OBJNAM" v="variada"/>
            
            
        </node>
</create><create><node lat="4194612" lon="-324965" timestamp="2012-01-27T19:41:34Z" username="unknown"><tag k="OBJCOD" v="hotspt"/><tag k="catspt" v="1"/><tag k="VALSOU" v="37"/><tag k="OBJNAM" v="Caria"/><tag k="INFORM" v="Sargo"/><tag k="DUNITS" v="1"/>
            
            
            
            
            
            
        </node>
</create><create><node lat="4194629" lon="-324806" timestamp="2013-02-01T13:37:10Z" username="unknown"><tag k="OBJCOD" v="ACHBRT"/><tag k="OBJNAM" v="Chambel variados"/>
            
            
        </node>
</create><create><node lat="4194703" lon="-324788" timestamp="2013-07-09T10:11:12Z" username="unknown"><tag k="OBJCOD" v="psgiio"/><tag k="catser" v="25"/><tag k="OBJNAM" v="pesca&#10;"/>
            
            
            
        </node>
</create><create><node lat="4196825" lon="-327156" timestamp="2011-05-15T20:07:23Z" username="unknown"><tag k="OBJCOD" v="FSHFAC"/><tag k="OBJNAM" v="faralloned"/><tag k="INFORM" v="zona de pesca"/>
            
            
            
        </node>
</create><modify><node lat="4197343" lon="-327284" timestamp="2012-09-25T16:12:19Z" username="unknown"><tag k="OBJCOD" v="SMACRA"/><tag k="ofsety" v="23"/><tag k="ofsetx" v="71"/><tag k="CATSMC" v="1"/>
            
            
            
            
        </node>
</modify><delete><node lat="4198821" lon="-329837" timestamp="2013-08-03T07:54:15Z" username="unknown"><tag k="OBJCOD" v="LIGHTS"/><tag k="COLOUR" v="1"/>
            
            
        </node>
</delete><create><node lat="4199095" lon="-329538" timestamp="2015-08-04T05:40:39Z" username="enremacasa"><tag k="OBJCOD" v="UWTROC"/><tag k="WATLEV" v="4"/><tag k="OBJNAM" v="Laja lajaputa"/><tag k="DUNITS" v="1"/></node>
</create><modify><node lat="4199107" lon="-329619" timestamp="2011-04-14T12:00:06Z" username="unknown"><tag k="OBJCOD" v="WRECKS"/><tag k="OBJNAM" v="Acorazado Espana"/><tag k="INFORM" v="Restos del Acorazado Espa&#xF1;a."/><tag k="DUNITS" v="1"/>
            
            
            
            
        
            
            
            
        </node>
</modify><create><node lat="4199214" lon="-331979" timestamp="2015-08-04T05:44:02Z" username="enremacasa"><tag k="OBJCOD" v="UWTROC"/><tag k="WATLEV" v="3"/><tag k="VALSOU" v="0,3"/><tag k="OBJNAM" v="Laja del tío pinar"/><tag k="DUNITS" v="1"/></node>
</create><create><node lat="4200213" lon="-325559" timestamp="2014-03-01T15:11:30Z" username="profan"><tag k="OBJCOD" v="UWTROC"/><tag k="WATLEV" v="2"/><tag k="VALSOU" v="76"/><tag k="OBJNAM" v="pargos"/><tag k="INFORM" v=" "/><tag k="DUNITS" v="1"/>
            
            
            
            
            
            
        </node>
</create></bound>