<?xml version="1.0" encoding="UTF-8"?><bound box="4552648,-450078,4572134,-430510"><create><node lat="4558547" lon="-446247" timestamp="2012-02-25T17:53:52Z" username="unknown"><tag k="OBJCOD" v="psgiio"/><tag k="catser" v="21"/><tag k="zipcde" v="&#10;"/><tag k="citynm" v="Huelva&#10;"/>
            
            
            
            
        </node>
</create><create><node lat="4558547" lon="-446247" timestamp="2012-02-25T17:55:39Z" username="unknown"><tag k="OBJCOD" v="ACHBRT"/>
            
        </node>
</create></bound>