<?xml version="1.0" encoding="UTF-8"?><bound box="6307648,-293529,6327161,-273961"><create><node lat="6310221" lon="-287479" timestamp="2011-01-05T21:31:01Z"><tag k="OBJCOD" v="hotspt"/><tag k="catspt" v="1"/><tag k="DUNITS" v="1"/>
            
            
            
        </node>
</create><create><node lat="6310427" lon="-285783" timestamp="2011-01-05T22:49:19Z"><tag k="OBJCOD" v="hotspt"/><tag k="catspt" v="1"/><tag k="DUNITS" v="1"/>
            
            
            
        </node>
</create><create><node lat="6312867" lon="-282567" timestamp="2014-08-17T13:51:50Z" username="Drahcir"><tag k="OBJCOD" v="hotspt"/><tag k="catspt" v="1"/><tag k="OBJNAM" v="Mackerel at low tide coming up"/><tag k="DUNITS" v="1"/>
            
            
            
            
        </node>
</create><create><node lat="6313892" lon="-283702" timestamp="2013-05-10T08:07:33Z" username="Compromiss888"><tag k="OBJCOD" v="ACHBRT"/><tag k="OBJNAM" v="Thalassa"/><tag k="INFORM" v="Ancorage"/>
            
            
            
        </node>
</create><create><node lat="6313911" lon="-283637" timestamp="2015-07-14T16:04:34Z" username="desplat"><tag k="OBJCOD" v="ACHBRT"/><tag k="OBJNAM" v=" "/><tag k="INFORM" v=" "/></node>
</create><create><node lat="6314084" lon="-283766" timestamp="2013-05-10T08:06:43Z" username="Compromiss888"><tag k="OBJCOD" v="ACHBRT"/><tag k="OBJNAM" v="Thalassa"/><tag k="INFORM" v="Ancorage"/>
            
            
            
        </node>
</create><create><node lat="6314382" lon="-281667" timestamp="2014-07-23T22:28:28Z" username="adam reeda"><tag k="OBJCOD" v="gennav"/><tag k="OBJNAM" v="Telegraph Bay"/>
            
            
        </node>
</create><create><node lat="6315251" lon="-283623" timestamp="2013-08-19T14:40:17Z" username="Andy McL"><tag k="OBJCOD" v="gennav"/><tag k="OBJNAM" v="Andy McL"/><tag k="INFORM" v="Cut off for beach &#10;is at 5.85m above CD."/>
            
            
            
        
            
            
            
        </node>
</create><create><node lat="6316118" lon="-281311" timestamp="2014-07-23T21:19:22Z" username="adam reeda"><tag k="OBJCOD" v="BOYSPP"/><tag k="OBJNAM" v="K"/><tag k="INFORM" v="GYC Race Mark"/><tag k="COLOUR" v="6"/><tag k="BOYSHP" v="5"/>
            
            
            
            
            
        </node>
</create><create><node lat="6316334" lon="-275297" timestamp="2014-08-10T16:31:07Z" username="simon2053"><tag k="OBJCOD" v="SOUNDG"/><tag k="VALSOU" v="1.5"/><tag k="DUNITS" v="1"/>
            
            
            
        </node>
</create><create><node lat="6317196" lon="-281242" timestamp="2015-06-03T17:45:28Z" username="Shy Torque"><tag k="OBJCOD" v="UWTROC"/><tag k="WATLEV" v="3"/><tag k="VALSOU" v="0.7"/><tag k="OBJNAM" v="Banquiers de Fermain"/><tag k="DUNITS" v="1"/></node>
</create><create><node lat="6317310" lon="-281204" timestamp="2012-01-17T22:44:57Z" username="venture"><tag k="OBJCOD" v="hotspt"/><tag k="catspt" v="2"/><tag k="VALSOU" v="15/25"/><tag k="OBJNAM" v="Banquiers de fermain"/><tag k="INFORM" v="Pleasant drift dive on sandy plateau at 15m wall down to 25m"/><tag k="DUNITS" v="1"/>
            
            
            
            
            
            
        </node>
</create><create><node lat="6317327" lon="-278055" timestamp="2012-01-17T19:34:52Z" username="venture"><tag k="OBJCOD" v="WRECKS"/><tag k="VALSOU" v="30"/><tag k="OBJNAM" v="Dr Rudolph wahrendorf wreck"/><tag k="INFORM" v="Lovely wreck current on serf ace is not indicative of current underwater"/><tag k="DUNITS" v="1"/><tag k="CATWRK" v="1"/>
            
            
            
            
            
            
        </node>
</create><modify><node lat="6317365" lon="-278063" timestamp="2013-03-29T10:01:21Z" username="stierney"><tag k="OBJCOD" v="WRECKS"/><tag k="OBJNAM" v="Oost Vlaanderen"/><tag k="INFORM" v=" "/><tag k="DUNITS" v="1"/>
            
            
            
            
        </node>
</modify><create><node lat="6317596" lon="-281056" timestamp="2015-06-03T17:52:01Z" username="Shy Torque"><tag k="OBJCOD" v="UWTROC"/><tag k="WATLEV" v="4"/><tag k="VALSOU" v="-3.5"/><tag k="DUNITS" v="1"/></node>
</create><create><node lat="6318334" lon="-281278" timestamp="2011-12-10T06:58:32Z" username="Deepseadog"><tag k="OBJCOD" v="BOYSPP"/><tag k="OBJNAM" v="Terres Point"/><tag k="INFORM" v="Race mark bearing from distance"/><tag k="COLOUR" v="6"/><tag k="BOYSHP" v="5"/>
            
            
            
            
            
        </node>
</create><create><node lat="6318399" lon="-287928" timestamp="2015-03-21T06:24:36Z" username="Raphael Declercq"><tag k="OBJCOD" v="SOUNDG"/><tag k="DUNITS" v="1"/></node>
</create><create><node lat="6319045" lon="-275062" timestamp="2012-01-17T22:53:19Z" username="venture"><tag k="OBJCOD" v="hotspt"/><tag k="catspt" v="2"/><tag k="VALSOU" v="21"/><tag k="OBJNAM" v="Parfonde Herm"/><tag k="INFORM" v="Impressive wall dive"/><tag k="DUNITS" v="1"/>
            
            
            
            
            
            
        </node>
</create><modify><node lat="6319057" lon="-281240" timestamp="2012-05-20T20:50:55Z" username="Heida"><tag k="OBJCOD" v="BCNSPP"/><tag k="OBJNAM" v="Moulinet"/><tag k="INFORM" v=" "/>
            
            
            
        </node>
</modify><modify><node lat="6319057" lon="-281237" timestamp="2014-07-07T06:12:58Z" username="pipomosc39"><tag k="OBJCOD" v="BCNSPP"/><tag k="OBJNAM" v="&quot;M&quot; Guernesey yacht club"/><tag k="INFORM" v=" "/>
            
            
            
        </node>
</modify><delete><node lat="6319193" lon="-281267" timestamp="2013-05-05T12:21:01Z" username="unknown"><tag k="OBJCOD" v="BOYLAT"/>
            
        </node>
</delete><create><node lat="6319396" lon="-280585" timestamp="2014-07-23T21:17:07Z" username="adam reeda"><tag k="OBJCOD" v="BOYSPP"/><tag k="OBJNAM" v="U"/><tag k="INFORM" v="GYC Race Mark"/><tag k="COLOUR" v="6"/><tag k="BOYSHP" v="5"/>
            
            
            
            
            
        </node>
</create><create><node lat="6319464" lon="-280566" timestamp="2015-06-03T17:39:08Z" username="Shy Torque"><tag k="OBJCOD" v="UWTROC"/><tag k="WATLEV" v="3"/><tag k="VALSOU" v="5.1"/><tag k="OBJNAM" v="Forein"/><tag k="DUNITS" v="1"/></node>
</create><create><node lat="6319589" lon="-280608" timestamp="2013-12-16T22:20:23Z" username="adam reeda"><tag k="OBJCOD" v="BOYSPP"/><tag k="OBJNAM" v="Outer distance mark"/><tag k="INFORM" v="GYC ODM"/><tag k="COLOUR" v="6"/><tag k="BOYSHP" v="5"/>
            
            
            
            
        
            
            
        </node>
</create><create><node lat="6319629" lon="-282331" timestamp="2011-06-05T23:35:25Z" username="Tangaroa"><tag k="OBJCOD" v="psgiio"/><tag k="catser" v="23"/><tag k="citynm" v="Guernsey"/><tag k="OBJNAM" v="Hojos"/>
            
            
            
            
        </node>
</create><create><node lat="6319643" lon="-282134" timestamp="2011-07-01T14:13:18Z" username="Gen"><tag k="OBJCOD" v="psgiio"/><tag k="catser" v="22"/><tag k="websit" v="http://Http://www.onfairline.com"/><tag k="telnum" v="01481 726335"/><tag k="OBJNAM" v="Fairline"/>
            
            
            
            
            
        </node>
</create><create><node lat="6319658" lon="-282140" timestamp="2013-12-16T22:25:56Z" username="adam reeda" average_rating="5.0" rating_count="1" reviews_count="1"><tag k="OBJCOD" v="psgiio"/><tag k="catser" v="41"/><tag k="zipcde" v="GY1 1AU"/><tag k="websit" v=" "/><tag k="telnum" v="+44 1481 72"/><tag k="strnam" v="Castle Emplacement,"/><tag k="citynm" v="St Peter Port, Guernsey"/><tag k="OBJNAM" v="Herm Seaway"/><tag k="INFORM" v="Marine Engineers"/>
            
            
            
            
            
            
            
            
        
            
            
            
            
            
        
            
            
            
            
            
        
            
            
            
            
            
        
            
            
            
            
            
        
            
            
            
            
        
            
            
            
            
        </node>
</create><create><node lat="6319658" lon="-281459" timestamp="2015-05-20T21:41:55Z" username="basauvage" average_rating="2.0" reviews_count="1" rating_count="1"><tag k="OBJCOD" v="ACHBRT"/><tag k="OBJNAM" v="St Peter"/><tag k="INFORM" v="Quelques bou&#xE9;es priv&#xE9;es + possibilit&#xE9; de mouiller. Ponton pour d&#xE9;barquer juste apres le magnifique ch&#xE2;teau"/></node>
</create><create><node lat="6319739" lon="-282305" timestamp="2011-06-05T23:37:59Z" username="Tangaroa"><tag k="OBJCOD" v="gennav"/><tag k="OBJNAM" v="Bus Terminus"/><tag k="INFORM" v="Local public bus transport."/>
            
            
            
        </node>
</create><create><node lat="6319748" lon="-281626" timestamp="2011-10-26T13:36:24Z" average_rating="0" rating_count="0" reviews_count="0" username="haebig"><tag k="OBJCOD" v="psgiio"/><tag k="catser" v="130"/><tag k="OBJNAM" v="Dive Guernsey"/>
            
            
            
        </node>
</create><modify><node lat="6319780" lon="-279541" timestamp="2014-12-20T09:51:45Z" username="onegilly"><tag k="OBJCOD" v="WRECKS"/><tag k="VALSOU" v=" "/><tag k="OBJNAM" v="Wreck 1"/><tag k="INFORM" v="ammunition wreck"/><tag k="DUNITS" v="3"/>
            
            
            
            
            
        
            
            
        
            
            
            
            
            
        </node>
</modify><create><node lat="6319824" lon="-281506" timestamp="2014-11-20T12:56:47Z" username="adam reeda"><tag k="OBJCOD" v="psgiio"/><tag k="catser" v="81"/><tag k="zipcde" v=" "/><tag k="websit" v="Www.gyc.org.gg"/><tag k="telnum" v="01481 725342"/><tag k="strnam" v=" "/><tag k="numvhf" v=" "/><tag k="citynm" v=" "/><tag k="OBJNAM" v="Guernsey yacht Club"/><tag k="INFORM" v="Yacht Club&#10;Food &amp; Drink"/>
            
            
            
        
            
            
            
            
            
            
            
            
            
        
            
            
            
            
        </node>
</create><create><node lat="6319841" lon="-281700" timestamp="2013-12-16T22:31:06Z" username="adam reeda"><tag k="OBJCOD" v="psgiio"/><tag k="catser" v="3"/><tag k="OBJNAM" v="Boatworks+"/><tag k="INFORM" v="Get a discount card if a regular customer for saving on all goods and fuel."/>
            
            
            
            
        </node>
</create><create><node lat="6319855" lon="-281644" timestamp="2015-07-20T18:37:40Z" username="Hargy" average_rating="5.0" rating_count="1" reviews_count="1"><tag k="OBJCOD" v="psgiio"/><tag k="catser" v="21"/><tag k="prclst" v="DIESEL: 0.780 on 2014-07-22"/><tag k="numvhf" v="12"/><tag k="catsub" v="3"/><tag k="OBJNAM" v="St Peter Port"/><tag k="INFORM" v=" "/></node>
</create><create><node lat="6319879" lon="-281629" timestamp="2015-09-06T10:09:51Z" username="Andy"><tag k="OBJCOD" v="psgiio"/><tag k="catser" v="21"/><tag k="zipcde" v=" "/><tag k="telnum" v=" "/><tag k="strnam" v=" "/><tag k="prclst" v="DIESEL: 0.680 on 2015-07-20"/><tag k="numvhf" v=" "/><tag k="citynm" v=" "/><tag k="catsub" v="4"/><tag k="OBJNAM" v="Guernsey fuel"/><tag k="INFORM" v="Only open daytime (UK time)."/></node>
</create><modify><node lat="6319897" lon="-281953" timestamp="2011-12-02T16:36:06Z" username="unknown"><tag k="OBJCOD" v="LIGHTS"/><tag k="COLOUR" v="3"/>
            
            
        </node>
</modify><delete><node lat="6319897" lon="-281953" timestamp="2011-07-01T13:37:31Z" username="Gen"><tag k="OBJCOD" v="LIGHTS"/><tag k="COLOUR" v="3"/>
            
            
        </node>
</delete><create><node lat="6319910" lon="-282011" timestamp="2013-12-16T22:36:12Z" username="adam reeda"><tag k="OBJCOD" v="psgiio"/><tag k="catser" v="23"/><tag k="telnum" v="+44 1481 72 08 23"/><tag k="strnam" v="Albert Pier"/><tag k="county" v="Channel Islands"/><tag k="citynm" v="St.Peter Port"/><tag k="OBJNAM" v="Pier 17"/><tag k="NATION" v="GB"/>
            
            
            
            
            
            
            
            
        </node>
</create><modify><node lat="6319918" lon="-281938" timestamp="2015-06-23T15:28:26Z" username="renestrand"><tag k="OBJCOD" v="SMACRA"/><tag k="trnbth" v="Y54"/><tag k="ofsety" v="-489"/><tag k="ofsetx" v="-666"/><tag k="SRVLST" v="71;74;167;28;29"/><tag k="CATSMC" v="1"/></node>
</modify><delete><node lat="6319963" lon="-282088" timestamp="2015-01-23T10:06:42Z" username="Sybaris"><tag k="OBJCOD" v="psgiio"/><tag k="catser" v="23"/><tag k="OBJNAM" v="Pier 17"/></node>
</delete><modify><node lat="6319988" lon="-281856" timestamp="2012-02-05T21:57:20Z" username="Colinworth_F10"><tag k="OBJCOD" v="LIGHTS"/><tag k="COLOUR" v="3"/>
            
            
        </node>
</modify><delete><node lat="6319988" lon="-281856" timestamp="2011-07-01T13:37:45Z" username="Gen"><tag k="OBJCOD" v="LIGHTS"/><tag k="COLOUR" v="3"/>
            
            
        </node>
</delete><modify><node lat="6320059" lon="-281559" timestamp="2012-02-05T21:58:30Z" username="Colinworth_F10"><tag k="OBJCOD" v="BOYLAT"/>
            
        </node>
</modify><create><node lat="6320085" lon="-282061" timestamp="2013-12-16T22:35:05Z" username="adam reeda"><tag k="OBJCOD" v="SMACRA"/><tag k="ofsety" v="0"/><tag k="ofsetx" v="0"/><tag k="numvhf" v="20"/><tag k="OBJNAM" v="Port Control"/><tag k="CATSMC" v="12"/>
            
            
            
            
            
            
        </node>
</create><create><node lat="6320089" lon="-282083" timestamp="2014-05-07T13:28:36Z" username="gg94"><tag k="OBJCOD" v="psgiio"/><tag k="catser" v="53"/><tag k="zipcde" v=" "/><tag k="websit" v=" "/><tag k="telnum" v=" "/><tag k="strnam" v=" "/><tag k="numvhf" v=" "/><tag k="citynm" v=" "/><tag k="OBJNAM" v="harbour master"/><tag k="INFORM" v=" "/>
            
            
            
            
            
            
            
            
            
            
        </node>
</create><modify><node lat="6320120" lon="-281965" timestamp="2015-08-04T19:49:26Z" username="Manhasset" average_rating="3.3" rating_count="3" reviews_count="3"><tag k="OBJCOD" v="SMACRA"/><tag k="trnbth" v="Yes"/><tag k="ofsety" v="-178"/><tag k="ofsetx" v="-667"/><tag k="SRVLST" v="28"/><tag k="INFORM" v="Liegeplatz 25 engl Pfund = ca. 30,00 inkl. Wasser. Innen im Hafen und au&#xC3;&#x9F;en am Schwimmsteg (ohne Landverbindung) ist der selbe Preis! Innen Strom, kostet 2 engl. Pfund/Tag. Duschen inkl., sehr sauber!&#10;Dieselpreis Juli 2011: 0,85 Euro/Liter"/><tag k="CATSMC" v="1"/></node>
</modify><create><node lat="6320133" lon="-282223" timestamp="2014-06-09T20:37:01Z" username="ejsk"><tag k="OBJCOD" v="SMACRA"/><tag k="ofsety" v="0"/><tag k="ofsetx" v="0"/><tag k="SRVLST" v="28;122;127;49;47"/><tag k="OBJNAM" v="St peters port"/><tag k="CATSMC" v="1"/>
            
            
            
            
            
            
        </node>
</create><create><node lat="6320140" lon="-282302" timestamp="2011-07-01T12:26:38Z" username="Gen"><tag k="OBJCOD" v="psgiio"/><tag k="catser" v="23"/><tag k="telnum" v="01481 715053"/><tag k="OBJNAM" v="Mora Restaurant and Grill"/>
            
            
            
            
        </node>
</create><create><node lat="6320176" lon="-281128" timestamp="2015-07-23T00:00:00Z" username="ADAC"><tag k="OBJCOD" v="SMACRA"/><tag k="OBJNAM" v="Victoria Marina - St. Peter Port"/><tag k="ofsety" v="10"/><tag k="ofsetx" v="10"/><tag k="CATSMC" v="1"/><tag k="WEBSIT" v="http://www.marinafuehrer.adac.de/haefen/victoria-marina-st-peter-port/"/></node>
</create><create><node lat="6320181" lon="-282298" timestamp="2011-07-01T12:25:31Z" username="Gen"><tag k="OBJCOD" v="psgiio"/><tag k="catser" v="23"/><tag k="telnum" v="726059"/><tag k="OBJNAM" v="St. Emilion"/>
            
            
            
            
        </node>
</create><modify><node lat="6320186" lon="-282063" timestamp="2013-07-22T22:33:20Z" username="ptrsok"><tag k="OBJCOD" v="LIGHTS"/><tag k="COLOUR" v="1"/>
            
            
        </node>
</modify><modify><node lat="6320280" lon="-280254" timestamp="2012-02-28T22:22:57Z" username="fulconarrow"><tag k="OBJCOD" v="WRECKS"/><tag k="OBJNAM" v="Ammo Wreck"/><tag k="DUNITS" v="1"/>
            
            
            
        </node>
</modify><delete><node lat="6320288" lon="-281623" timestamp="2013-12-16T22:26:43Z" username="adam reeda"><tag k="OBJCOD" v="MORFAC"/>
            
        </node>
</delete><create><node lat="6320317" lon="-282235" timestamp="2011-07-01T12:03:56Z" username="Gen"><tag k="OBJCOD" v="psgiio"/><tag k="catser" v="23"/><tag k="OBJNAM" v="The Boathouse"/>
            
            
            
        </node>
</create><create><node lat="6320322" lon="-282279" timestamp="2011-07-01T12:06:49Z" username="Gen"><tag k="OBJCOD" v="psgiio"/><tag k="catser" v="126"/><tag k="websit" v="http://Http://marine-ventures.co.uk"/><tag k="telnum" v="01481715737"/><tag k="OBJNAM" v="Marine Ventures"/><tag k="INFORM" v="New and used sales - brokerage"/>
            
            
            
            
            
            
        </node>
</create><modify><node lat="6320356" lon="-282118" username="BudgetSailing Gocek"><tag k="OBJCOD" v="psgiio"/><tag k="catser" v="23"/>
            
            
        </node>
</modify><create><node lat="6320404" lon="-281823" timestamp="2014-07-13T10:31:37Z" username="pipomosc39"><tag k="OBJCOD" v="OBSTRN"/><tag k="OBJNAM" v="Seuil"/><tag k="INFORM" v="Remontee de fonds brusque de 3 m, danger d'échouage mal signalé sur le mole à tribord"/><tag k="DUNITS" v="1"/>
            
            
            
            
        </node>
</create><create><node lat="6320513" lon="-282177" timestamp="2013-12-16T22:33:52Z" username="adam reeda"><tag k="OBJCOD" v="psgiio"/><tag k="catser" v="81"/><tag k="websit" v="Www.rciyc.com"/><tag k="telnum" v="01481"/><tag k="OBJNAM" v="RCIYC"/><tag k="INFORM" v="Above Da Brunos Restaurant"/>
            
            
            
            
            
            
        </node>
</create><create><node lat="6320517" lon="-282208" timestamp="2011-07-01T12:01:32Z" username="Gen"><tag k="OBJCOD" v="psgiio"/><tag k="catser" v="23"/><tag k="telnum" v="751880"/><tag k="OBJNAM" v="Da Bruno"/>
            
            
            
            
        </node>
</create><delete><node lat="6320554" lon="-282205" timestamp="2011-03-06T21:50:12Z" username="unknown"><tag k="OBJCOD" v="psgiio"/><tag k="catser" v="23"/>
            
            
        </node>
</delete><create><node lat="6321074" lon="-281707" timestamp="2015-08-28T17:46:58Z" username="simon2053"><tag k="OBJCOD" v="psgiio"/><tag k="catser" v="126"/><tag k="zipcde" v="GY6 8BS"/><tag k="websit" v="Www.sunyachts.co.uk"/><tag k="telnum" v="01481 713947"/><tag k="strnam" v="Breakwater House, La Salerie Quay"/><tag k="citynm" v="St Peter Port, Guernsey"/><tag k="OBJNAM" v="Sun Yachts ltd"/><tag k="INFORM" v="Jeanneau dealer&#10;BRIG inflatables dealer&#10;Yacht brokerage&#10;Electric bikes&#10;Electric outboards"/></node>
</create><create><node lat="6321091" lon="-281738" timestamp="2015-08-28T17:43:38Z" username="simon2053"><tag k="OBJCOD" v="psgiio"/><tag k="catser" v="21"/><tag k="telnum" v="01481 713947"/><tag k="prclst" v="GAS: 0.920 on 2015-08-28; DIESEL: 0.620 on 2015-08-28"/><tag k="catsub" v="3"/><tag k="OBJNAM" v="St Peter Queen Elisabeth II  - Marina"/><tag k="INFORM" v="Operated by Sun Yachts. Www.sunyachts.co.uk"/></node>
</create><modify><node lat="6321276" lon="-281752" timestamp="2015-09-25T21:53:52Z" username="petermdp"><tag k="OBJCOD" v="LIGHTS"/><tag k="COLOUR" v="4"/><tag k="OBJNAM" v="Mat"/><tag k="INFORM" v="Warning the sectors are not correct and have been moved."/></node>
</modify><modify><node lat="6321346" lon="-281653" timestamp="2014-06-29T07:50:41Z" username="DanH" average_rating="5.0" rating_count="1" reviews_count="1"><tag k="OBJCOD" v="SMACRA"/><tag k="trnbth" v=" "/><tag k="ofsety" v="-67"/><tag k="ofsetx" v="-645"/><tag k="numvhf" v=" "/><tag k="maxlen" v=" "/><tag k="dckdph" v=" "/><tag k="ZIPCDE" v=" "/><tag k="WEBSIT" v=" "/><tag k="TELNUM" v=" "/><tag k="STRNAM" v=" "/><tag k="SRVLST" v="74;167;28;29"/><tag k="INFORM" v="Sill dries at 4.8m. Sill has a gate that drops once covered. Traffic light indicates when sill gate is down. Flashing orange indicates that the gate is not fully down."/><tag k="CITYNM" v=" "/><tag k="CATSMC" v="1"/>
            
            
            
            
        
            
            
            
            
        
            
            
            
            
        
            
            
            
            
            
            
            
            
            
            
            
            
            
            
            
        </node>
</modify><create><node lat="6321386" lon="-280753" timestamp="2015-06-03T17:35:51Z" username="Shy Torque"><tag k="OBJCOD" v="UWTROC"/><tag k="WATLEV" v="3"/><tag k="VALSOU" v="1.1"/><tag k="DUNITS" v="1"/></node>
</create><create><node lat="6321458" lon="-277743" timestamp="2015-06-03T17:37:41Z" username="Shy Torque"><tag k="OBJCOD" v="UWTROC"/><tag k="WATLEV" v="3"/><tag k="VALSOU" v="8.0"/><tag k="OBJNAM" v="Boue Marquand"/><tag k="DUNITS" v="1"/></node>
</create><modify><node lat="6321664" lon="-280090" timestamp="2014-08-31T22:25:45Z" average_rating="0" rating_count="0" reviews_count="0" username="Timmo"><tag k="OBJCOD" v="MORFAC"/>
            
        </node>
</modify><modify><node lat="6321664" lon="-280090" timestamp="2013-06-10T20:41:24Z" username="penguin"><tag k="OBJCOD" v="LIGHTS"/><tag k="COLOUR" v="6"/>
            
            
        </node>
</modify><create><node lat="6322097" lon="-287066" timestamp="2012-06-28T14:20:40Z" username="loguivic"><tag k="OBJCOD" v="gennav"/><tag k="OBJNAM" v="Little Telephone Museum"/><tag k="INFORM" v="Realy interesting for kids, teens &amp; adults.&#10;Not open every day."/>
            
            
            
        </node>
</create><create><node lat="6322210" lon="-280177" timestamp="2015-06-03T17:43:09Z" username="Shy Torque"><tag k="OBJCOD" v="UWTROC"/><tag k="WATLEV" v="4"/><tag k="VALSOU" v="-1.5"/><tag k="DUNITS" v="1"/></node>
</create><create><node lat="6322220" lon="-280173" timestamp="2014-08-10T16:27:54Z" username="simon2053"><tag k="OBJCOD" v="SOUNDG"/><tag k="VALSOU" v="-1.5"/><tag k="DUNITS" v="1"/>
            
            
            
        </node>
</create><create><node lat="6322319" lon="-277196" timestamp="2011-12-10T06:53:16Z" username="Deepseadog"><tag k="OBJCOD" v="BOYSPP"/><tag k="OBJNAM" v="Brehon"/><tag k="INFORM" v="Race mark bearing from distance mark"/><tag k="COLOUR" v="6"/><tag k="BOYSHP" v="5"/>
            
            
            
            
            
        </node>
</create><create><node lat="6323094" lon="-279719" timestamp="2014-07-23T21:20:40Z" username="adam reeda"><tag k="OBJCOD" v="BOYSPP"/><tag k="OBJNAM" v="V"/><tag k="INFORM" v="GYC Race Mark"/><tag k="COLOUR" v="6"/><tag k="BOYSHP" v="5"/>
            
            
            
            
            
        </node>
</create><create><node lat="6323484" lon="-278827" timestamp="2015-06-03T17:49:57Z" username="Shy Torque"><tag k="OBJCOD" v="UWTROC"/><tag k="WATLEV" v="4"/><tag k="VALSOU" v="-0.8"/><tag k="DUNITS" v="1"/></node>
</create><create><node lat="6323586" lon="-280242" timestamp="2015-08-05T22:10:49Z" username="onegilly"><tag k="OBJCOD" v="hotspt"/><tag k="catspt" v="1"/><tag k="VALSOU" v=" "/><tag k="OBJNAM" v=" "/><tag k="INFORM" v="any details of this hotspot?"/><tag k="DUNITS" v="1"/></node>
</create><modify><node lat="6323606" lon="-289954" timestamp="2013-06-26T11:19:15Z" username="br27"><tag k="OBJCOD" v="SMACRA"/><tag k="ofsety" v="-490"/><tag k="ofsetx" v="400"/><tag k="CATSMC" v="1"/>
            
            
            
            
        </node>
</modify><create><node lat="6323929" lon="-278788" timestamp="2014-08-10T16:26:01Z" username="simon2053"><tag k="OBJCOD" v="SOUNDG"/><tag k="VALSOU" v="-2.7"/><tag k="DUNITS" v="1"/>
            
            
            
        </node>
</create><create><node lat="6324170" lon="-276310" timestamp="2015-06-03T17:48:11Z" username="Shy Torque"><tag k="OBJCOD" v="UWTROC"/><tag k="WATLEV" v="4"/><tag k="VALSOU" v="-0.1"/><tag k="DUNITS" v="1"/></node>
</create><create><node lat="6324383" lon="-279466" timestamp="2011-06-30T17:31:03Z" username="Gen"><tag k="OBJCOD" v="BCNCAR"/><tag k="OBJNAM" v="South Cardinal Beacon"/><tag k="COLOUR" v="6;2"/><tag k="CATCAM" v="3"/><tag k="BCNSHP" v="5"/>
            
            
            
            
            
            <slave>
                <tag k="OBJCOD" v="TOPMAR"/>
                <tag k="TOPSHP" v="14"/>
            </slave>
        </node>
</create><delete><node lat="6325199" lon="-287777" timestamp="2013-05-14T14:51:38Z" username="tubs"><tag k="OBJCOD" v="psgiio"/><tag k="catser" v="23"/>
            
            
        </node>
</delete><create><node lat="6325907" lon="-275953" timestamp="2014-08-10T18:05:56Z" username="Shy Torque"><tag k="OBJCOD" v="OBSTRN"/><tag k="VALSOU" v="4.5"/><tag k="OBJNAM" v="Shallow area"/><tag k="INFORM" v="Guernsey Navigation Warning 47"/><tag k="DUNITS" v="1"/>
            
            
            
            
            
        </node>
</create><create><node lat="6326360" lon="-281226" timestamp="2015-06-20T14:34:58Z" username="Drahcir"><tag k="OBJCOD" v="gennav"/><tag k="OBJNAM" v="Delrich mooring"/></node>
</create></bound>