<?xml version="1.0" encoding="UTF-8"?><bound box="8377286,-430510,8396822,-410941"><create><node lat="8379769" lon="-424810" timestamp="2011-04-29T08:50:35Z" username="unknown"><tag k="OBJCOD" v="WRECKS"/><tag k="VALSOU" v="1100"/><tag k="OBJNAM" v="bourbon dolphin"/><tag k="INFORM" v="steel hulled anchor handling tug supply vessel 2006 "/><tag k="DUNITS" v="1"/><tag k="CATWRK" v="1"/>
            
            
            
            
            
            
        </node>
</create></bound>