<?xml version="1.0" encoding="UTF-8"?><bound box="6014989,-391372,6034498,-371804"><create><node lat="6015315" lon="-380386" timestamp="2013-06-15T17:25:17Z" average_rating="3" rating_count="1" reviews_count="1" username="franck56"><tag k="OBJCOD" v="ACHBRT"/><tag k="OBJNAM" v="Les grands sables"/>
            
            
        </node>
</create><create><node lat="6016156" lon="-383803" timestamp="2014-09-09T15:55:57Z" username="bil56"><tag k="OBJCOD" v="psgiio"/><tag k="catser" v="23"/><tag k="zipcde" v=" "/><tag k="websit" v=" "/><tag k="telnum" v=" "/><tag k="strnam" v=" "/><tag k="citynm" v=" "/><tag k="OBJNAM" v=" "/><tag k="INFORM" v=" "/>
            
            
            
            
            
            
            
            
            
        </node>
</create><create><node lat="6016310" lon="-383726" timestamp="2014-09-09T15:58:20Z" username="bil56"><tag k="OBJCOD" v="psgiio"/><tag k="catser" v="53"/><tag k="zipcde" v=" "/><tag k="websit" v=" "/><tag k="telnum" v=" "/><tag k="strnam" v=" "/><tag k="numvhf" v="09"/><tag k="citynm" v=" "/><tag k="OBJNAM" v="Port Tudy"/><tag k="INFORM" v=" "/>
            
            
            
            
            
            
            
            
            
            
        </node>
</create><create><node lat="6016358" lon="-383737" timestamp="2014-09-09T15:57:11Z" username="bil56"><tag k="OBJCOD" v="psgiio"/><tag k="catser" v="132"/><tag k="OBJNAM" v="Compagnie Océane"/><tag k="INFORM" v=" "/>
            
            
            
            
        </node>
</create><modify><node lat="6016426" lon="-383822" timestamp="2013-08-14T20:22:49Z" username="Claude1111"><tag k="OBJCOD" v="MORFAC"/>
            
        </node>
</modify><modify><node lat="6016497" lon="-383664" username="erwann" timestamp="2015-08-21T11:17:45Z"><tag k="OBJCOD" v="SMACRA"/><tag k="ofsety" v="-601"/><tag k="ofsetx" v="-472"/><tag k="numvhf" v="9"/><tag k="TELNUM" v="0297865462"/><tag k="SRVLST" v=""/><tag k="CATSMC" v="1"/></node>
</modify><create><node lat="6016762" lon="-385125" timestamp="2011-10-14T22:07:37Z" username="unknown"><tag k="OBJCOD" v="ACHBRT"/><tag k="OBJNAM" v="port lay"/>
            
            
        </node>
</create><modify><node lat="6016901" lon="-390665" timestamp="2015-05-13T08:12:33Z" username="fredo080"><tag k="OBJCOD" v="LIGHTS"/><tag k="COLOUR" v="1"/><tag k="OBJNAM" v="PHARE"/><tag k="INFORM" v="pen men"/></node>
</modify><create><node lat="6016940" lon="-381339" timestamp="2014-10-19T19:07:38Z" username="alain micmac"><tag k="OBJCOD" v="BOYCAR"/><tag k="OBJNAM" v="Basse Mélite"/><tag k="INFORM" v="Cardinale Nord"/><tag k="COLOUR" v="2;6"/><tag k="CATCAM" v="1"/><tag k="BOYSHP" v="4"/>
            
            
            
            
            
            
            <slave>
                <tag k="OBJCOD" v="TOPMAR"/>
                <tag k="TOPSHP" v="13"/>
            </slave>
        </node>
</create><delete><node lat="6017251" lon="-383037" timestamp="2015-10-23T12:35:13Z" username="baalfrog"><tag k="OBJCOD" v="WRECKS"/><tag k="OBJNAM" v="Speerbrecker"/><tag k="DUNITS" v="1"/></node>
</delete><create><node lat="6017409" lon="-387554" timestamp="2013-06-15T17:19:25Z" average_rating="3" rating_count="1" reviews_count="1" username="franck56"><tag k="OBJCOD" v="ACHBRT"/><tag k="OBJNAM" v="Tahiti Beach"/><tag k="INFORM" v="Attention au caillou en sortie E"/>
            
            
            
        </node>
</create><modify><node lat="6017535" lon="-387311" timestamp="2015-07-18T14:07:50Z" username="skoll"><tag k="OBJCOD" v="UWTROC"/><tag k="VALSOU" v="-2"/><tag k="OBJNAM" v="cailloux"/><tag k="INFORM" v=" "/><tag k="DUNITS" v="1"/></node>
</modify><create><node lat="6017704" lon="-390726" timestamp="2011-07-17T07:37:15Z" username="unknown"><tag k="OBJCOD" v="WRECKS"/><tag k="OBJNAM" v="chalutier vapeur"/><tag k="DUNITS" v="1"/><tag k="CATWRK" v="1"/>
            
            
            
            
        </node>
</create><modify><node lat="6017736" lon="-389800" timestamp="2013-03-12T21:37:51Z" username="bleimor"><tag k="OBJCOD" v="LIGHTS"/><tag k="COLOUR" v="3"/>
            
            
        </node>
</modify><modify><node lat="6018737" lon="-387824" timestamp="2013-06-08T08:26:45Z" username="Yann22450"><tag k="OBJCOD" v="WRECKS"/><tag k="OBJNAM" v="Cyrano"/><tag k="INFORM" v=" "/><tag k="DUNITS" v="1"/>
            
            
            
        
            
            
            
            
        </node>
</modify><create><node lat="6018743" lon="-387823" timestamp="2013-06-08T08:45:38Z" username="Yann22450"><tag k="OBJCOD" v="WRECKS"/><tag k="WATLEV" v="3"/><tag k="VERDAT" v="5"/><tag k="VALSOU" v="11"/><tag k="QUASOU" v="6"/><tag k="OBJNAM" v="W-Cyrano"/><tag k="INFORM" v=" "/><tag k="DUNITS" v="1"/><tag k="CATWRK" v="2"/>
            
            
            
            
            
            
            
            
            
        </node>
</create><create><node lat="6018916" lon="-387657" timestamp="2014-10-23T22:00:48Z" username="fred22800"><tag k="OBJCOD" v="WRECKS"/><tag k="VALSOU" v="20"/><tag k="OBJNAM" v="Cyrano M 4021"/><tag k="INFORM" v="remorqueur allemand&#10;28.01.1944 par mine"/><tag k="DUNITS" v="1"/><tag k="CATWRK" v="2"/>
            
            
            
            
            
            
        </node>
</create><modify><node lat="6019207" lon="-381873" timestamp="2013-06-08T08:16:07Z" username="Yann22450"><tag k="OBJCOD" v="WRECKS"/>
            
        </node>
</modify><create><node lat="6019208" lon="-381861" timestamp="2013-06-08T08:44:40Z" username="Yann22450"><tag k="OBJCOD" v="WRECKS"/><tag k="WATLEV" v="3"/><tag k="VERDAT" v="5"/><tag k="VALSOU" v="16.80"/><tag k="QUASOU" v="6"/><tag k="OBJNAM" v="W-Guido Morhing"/><tag k="INFORM" v=" "/><tag k="CATWRK" v="2"/>
            
            
            
            
            
            
            
            
        </node>
</create><create><node lat="6019369" lon="-381712" timestamp="2013-04-27T14:31:50Z" username="unknown"><tag k="OBJCOD" v="FSHFAC"/>
            
        </node>
</create><create><node lat="6020042" lon="-385032" timestamp="2014-10-23T21:44:56Z" username="fred22800"><tag k="OBJCOD" v="WRECKS"/><tag k="VALSOU" v="25"/><tag k="OBJNAM" v="Chasseur 16"/><tag k="INFORM" v="chasseur de sous marin&#10;18.06.1940 sabordé"/><tag k="DUNITS" v="1"/><tag k="CATWRK" v="2"/>
            
            
            
            
            
            
        </node>
</create><modify><node lat="6020597" lon="-377768" timestamp="2013-04-21T08:16:40Z" username="youen"><tag k="OBJCOD" v="WRECKS"/><tag k="OBJNAM" v="Ty erwin"/><tag k="INFORM" v=" "/><tag k="DUNITS" v="1"/>
            
        
            
            
            
            
        </node>
</modify><create><node lat="6020616" lon="-377756" timestamp="2013-04-25T08:54:18Z" username="unknown"><tag k="OBJCOD" v="FSHFAC"/><tag k="OBJNAM" v="t'y erwin 3"/>
            
            
        </node>
</create><create><node lat="6020829" lon="-377689" timestamp="2013-04-25T08:52:21Z" username="unknown"><tag k="OBJCOD" v="FSHFAC"/><tag k="OBJNAM" v="t'y erwin 2"/>
            
            
        </node>
</create><modify><node lat="6021080" lon="-374098" timestamp="2011-08-16T15:59:43Z" username="unknown"><tag k="OBJCOD" v="SBDARE"/>
            
        </node>
</modify><create><node lat="6021505" lon="-384163" timestamp="2015-06-16T14:54:58Z" username="Marco du SED"><tag k="OBJCOD" v="gennav"/><tag k="OBJNAM" v="arrivée de manche de la VOR"/><tag k="INFORM" v=" "/></node>
</create><modify><node lat="6022149" lon="-379387" timestamp="2014-10-07T03:26:00Z" username="bil56"><tag k="OBJCOD" v="BOYCAR"/><tag k="OBJNAM" v="L ouest Banc des Truies"/><tag k="INFORM" v=" "/>
            
            
            
        </node>
</modify><modify><node lat="6022201" lon="-374961" timestamp="2014-06-24T16:47:10Z" username="Aymeric "><tag k="OBJCOD" v="BOYLAT"/><tag k="OBJNAM" v="BASTRESSES SUD"/><tag k="INFORM" v="Q. G 4Nm"/>
            
        
            
            
            
            <slave>
                <tag k="OBJCOD" v="FOGSIG"/>
            </slave>
        </node>
</modify><create><node lat="6022289" lon="-383386" timestamp="2014-10-23T21:36:39Z" username="fred22800"><tag k="OBJCOD" v="WRECKS"/><tag k="VALSOU" v="25"/><tag k="OBJNAM" v="Chaland"/><tag k="INFORM" v=" "/><tag k="DUNITS" v="1"/><tag k="CATWRK" v="1"/>
            
            
            
            
            
            
        </node>
</create><create><node lat="6022896" lon="-383913" timestamp="2014-10-24T21:47:12Z" username="fred22800"><tag k="OBJCOD" v="WRECKS"/><tag k="VALSOU" v="25"/><tag k="OBJNAM" v="P.K Bauman"/><tag k="INFORM" v="Patrouilleur americain&#10;12.01.1918&#10;disloqué sur environ 50 m&#10;chaudière qui dépasse de 4 m"/><tag k="DUNITS" v="1"/><tag k="CATWRK" v="1"/>
            
            
            
            
            
            
        </node>
</create><modify><node lat="6023128" lon="-375162" timestamp="2014-11-25T14:11:06Z" username="bil56"><tag k="OBJCOD" v="BOYLAT"/><tag k="OBJNAM" v="BASTRESSES NORD"/><tag k="INFORM" v=" "/>
            
            
            
        </node>
</modify><modify><node lat="6023174" lon="-376000" timestamp="2014-11-13T07:21:40Z" username="bil56"><tag k="OBJCOD" v="BCNSPP"/><tag k="OBJNAM" v="LES ERRANTS"/><tag k="INFORM" v="socle béton ' voyant  noir"/>
            
            
            
        </node>
</modify><modify><node lat="6023592" lon="-377069" timestamp="2011-06-02T20:09:23Z" username="zouzou"><tag k="OBJCOD" v="WRECKS"/><tag k="OBJNAM" v="La tanche"/><tag k="INFORM" v="Epave coulÃ©e en 1940&#10;Bien dessinÃ©e&#10;IntÃ©ressante"/><tag k="DUNITS" v="1"/>
            
            
            
            
        </node>
</modify><create><node lat="6023772" lon="-376922" timestamp="2014-10-24T23:06:12Z" username="fred22800"><tag k="OBJCOD" v="WRECKS"/><tag k="VALSOU" v="10"/><tag k="OBJNAM" v="La Tanche"/><tag k="INFORM" v="chalutier français&#10;longueur 42m"/><tag k="DUNITS" v="1"/><tag k="CATWRK" v="2"/>
            
            
            
            
            
            
        </node>
</create><modify><node lat="6024277" lon="-375667" timestamp="2015-07-18T14:10:13Z" username="skoll"><tag k="OBJCOD" v="BCNSPP"/><tag k="OBJNAM" v="LES TROIS PIERRES"/><tag k="INFORM" v=" "/></node>
</modify><create><node lat="6024382" lon="-375974" timestamp="2014-10-23T21:54:14Z" username="fred22800"><tag k="OBJCOD" v="WRECKS"/><tag k="VALSOU" v=" "/><tag k="OBJNAM" v="Chimere"/><tag k="INFORM" v=" "/><tag k="DUNITS" v="1"/><tag k="CATWRK" v="1"/>
            
            
            
            
            
            
        </node>
</create><modify><node lat="6024666" lon="-375031" timestamp="2014-11-13T07:25:32Z" username="bil56"><tag k="OBJCOD" v="BOYLAT"/><tag k="OBJNAM" v="LOCMALO"/><tag k="INFORM" v=" "/>
            
            
            
        
            
            
            
        
            
            
            
        </node>
</modify><create><node lat="6024844" lon="-377074" timestamp="2014-03-13T17:37:23Z" username="Minihouet"><tag k="OBJCOD" v="BOYSPP"/><tag k="abrchr" v="Y BN"/><tag k="COLOUR" v="6"/><tag k="CATSPM" v="27"/><tag k="BOYSHP" v="5"/>
            
            
            
            
            
            <slave>
                <tag k="OBJCOD" v="TOPMAR"/>
                <tag k="abrchr" v="Y BN"/>
                <tag k="COLOUR" v="6"/>
                <tag k="TOPSHP" v="7"/>
            </slave>
        </node>
</create><modify><node lat="6024984" lon="-377078" timestamp="2015-07-18T14:09:01Z" username="skoll"><tag k="OBJCOD" v="BOYSPP"/></node>
</modify><create><node lat="6025414" lon="-375268" timestamp="2014-01-27T17:11:59Z" username="bil56"><tag k="OBJCOD" v="gennav"/><tag k="OBJNAM" v="alignement 057○"/><tag k="INFORM" v=" "/>
            
            
            
        </node>
</create><modify><node lat="6025419" lon="-374983" timestamp="2014-06-24T16:53:58Z" username="Aymeric "><tag k="OBJCOD" v="BOYLAT"/><tag k="OBJNAM" v="Basse de la Paix"/><tag k="INFORM" v=" "/>
            
            
            
        </node>
</modify><modify><node lat="6025498" lon="-385288" timestamp="2014-01-27T17:40:56Z" username="bil56"><tag k="OBJCOD" v="LIGHTS"/><tag k="COLOUR" v="1"/><tag k="OBJNAM" v="feu de Kerroc'h"/><tag k="INFORM" v="AIS&#10;MMSI. 992271009"/>
            
            
            
            
        </node>
</modify><create><node lat="6025659" lon="-373016" timestamp="2015-09-21T16:36:37Z" username="bil56"><tag k="OBJCOD" v="SMACRA"/><tag k="trnbth" v=" "/><tag k="ofsety" v="0"/><tag k="ofsetx" v="0"/><tag k="numvhf" v=" "/><tag k="maxlen" v=" "/><tag k="dckdph" v=" "/><tag k="ZIPCDE" v=" "/><tag k="WEBSIT" v=" "/><tag k="TELNUM" v=" "/><tag k="STRNAM" v=" "/><tag k="OBJNAM" v="port de Ban Gavres"/><tag k="INFORM" v=" "/><tag k="CITYNM" v=" "/><tag k="CATSMC" v="1"/></node>
</create><delete><node lat="6025926" lon="-374486" timestamp="2014-01-27T17:06:30Z" username="bil56"><tag k="OBJCOD" v="BCNSPP"/><tag k="OBJNAM" v="tourelle les Soeurs"/><tag k="INFORM" v="balise AIS&#10;MMSI 992271010"/>
            
            
            
        
            
            
            
        
            
            
            
        </node>
</delete><create><node lat="6025930" lon="-374487" timestamp="2014-01-27T17:07:26Z" username="bil56"><tag k="OBJCOD" v="LIGHTS"/><tag k="COLOUR" v="12"/><tag k="OBJNAM" v="tourelle &quot;les Soeurs&quot;"/><tag k="INFORM" v="MMSI 992271010"/>
            
            
            
            
        
            
            
            
            
        </node>
</create><create><node lat="6026246" lon="-374759" timestamp="2014-02-04T10:00:28Z" username="bil56"><tag k="OBJCOD" v="BCNLAT"/><tag k="OBJNAM" v="Pot&#xE9;e de beurre"/><tag k="INFORM" v="tourelle ma&#xE7;onnerie verte"/><tag k="COLOUR" v="4"/><tag k="BCNSHP" v="5"/>
            
            
            
            
            
        
            
            
            
        </node>
</create><modify><node lat="6026271" lon="-375299" timestamp="2015-01-06T23:41:47Z" username="mouna"><tag k="OBJCOD" v="BOYLAT"/><tag k="OBJNAM" v="TOULHARS"/><tag k="INFORM" v=" "/>
            
            
            
        </node>
</modify><modify><node lat="6026409" lon="-381366" timestamp="2014-01-27T17:44:29Z" username="bil56"><tag k="OBJCOD" v="LIGHTS"/><tag k="COLOUR" v="1"/><tag k="OBJNAM" v="feu du Stole"/><tag k="INFORM" v="AIS&#10;MMSI. 992271011"/>
            
            
            
            
        </node>
</modify><create><node lat="6026463" lon="-375012" timestamp="2014-10-07T04:27:38Z" username="bil56"><tag k="OBJCOD" v="gennav"/><tag k="OBJNAM" v="alignement 16º"/><tag k="INFORM" v=" "/>
            
            
            
        </node>
</create><modify><node lat="6026563" lon="-376146" timestamp="2011-10-31T16:51:43Z" username="Bigornea"><tag k="OBJCOD" v="WRECKS"/><tag k="OBJNAM" v="Le Devastation"/><tag k="DUNITS" v="1"/>
            
            
            
        </node>
</modify><create><node lat="6026724" lon="-375990" timestamp="2014-10-23T22:09:26Z" username="fred22800"><tag k="OBJCOD" v="WRECKS"/><tag k="VALSOU" v="0"/><tag k="OBJNAM" v="Devastation"/><tag k="INFORM" v="Garde c&#xF4;te cuirass&#xE9; fran&#xE7;ais&#10;longueur 95m&#10;27.05.1922 &#xE9;chou&#xE9;"/><tag k="DUNITS" v="1"/><tag k="CATWRK" v="2"/>
            
            
            
            
            
            
        
            
            
            
            
            
        </node>
</create><create><node lat="6026802" lon="-379315" timestamp="2013-08-30T23:39:07Z" username="mouna"><tag k="OBJCOD" v="gennav"/><tag k="OBJNAM" v="Moustoir"/><tag k="INFORM" v="&quot; Village Le Moustoir &quot; Bernard  je t'ai reconnu..."/>
            
            
        
            
            
        </node>
</create><create><node lat="6026843" lon="-373148" timestamp="2015-09-21T15:56:11Z" username="bil56"><tag k="OBJCOD" v="psgiio"/><tag k="catser" v="41"/><tag k="zipcde" v=" "/><tag k="websit" v=" "/><tag k="telnum" v=" "/><tag k="strnam" v=" "/><tag k="citynm" v=" "/><tag k="OBJNAM" v="Delta Voiles"/><tag k="INFORM" v="voilerie"/></node>
</create><create><node lat="6026981" lon="-381214" timestamp="2013-08-25T17:24:52Z" username="unknown"><tag k="OBJCOD" v="hotspt"/><tag k="catspt" v="1"/><tag k="OBJNAM" v="guihel "/><tag k="DUNITS" v="1"/>
            
            
            
            
        </node>
</create><create><node lat="6027002" lon="-381181" timestamp="2013-08-25T17:27:13Z" username="unknown"><tag k="OBJCOD" v="hotspt"/><tag k="catspt" v="1"/><tag k="OBJNAM" v="guihel "/><tag k="DUNITS" v="1"/>
            
            
            
            
        </node>
</create><create><node lat="6027136" lon="-374332" timestamp="2014-01-27T17:36:25Z" username="bil56"><tag k="OBJCOD" v="psgiio"/><tag k="catser" v="48"/><tag k="zipcde" v=" "/><tag k="websit" v=" "/><tag k="telnum" v=" "/><tag k="strnam" v=" "/><tag k="citynm" v=" "/><tag k="OBJNAM" v="Musee de la Compagnie des Indes"/><tag k="INFORM" v=" "/>
            
            
            
            
            
            
            
            
            
        </node>
</create><modify><node lat="6027164" lon="-374919" timestamp="2015-01-06T23:40:34Z" username="mouna"><tag k="OBJCOD" v="BCNLAT"/><tag k="OBJNAM" v="la Petite Jument"/><tag k="INFORM" v="OC. R 4s 5m 6M (182&#xB0;- 24&#xB0;)"/>
            
        
            
            
            
        
            
            
            
        
            
            
            
        </node>
</modify><create><node lat="6027324" lon="-374617" timestamp="2015-09-21T16:33:20Z" username="bil56"><tag k="OBJCOD" v="LIGHTS"/><tag k="COLOUR" v="12"/><tag k="OBJNAM" v="Feux d'entr&#xE9;e  rade de Lorient"/><tag k="INFORM" v="feux d'entr&#xE9;e  sur la rade"/></node>
</create><modify><node lat="6027425" lon="-373472" timestamp="2015-09-21T15:52:06Z" username="bil56"><tag k="OBJCOD" v="SMACRA"/><tag k="trnbth" v="2"/><tag k="ofsety" v="-472"/><tag k="ofsetx" v="-429"/><tag k="numvhf" v="9"/><tag k="maxlen" v=" "/><tag k="dckdph" v=" "/><tag k="ZIPCDE" v=" "/><tag k="WEBSIT" v=" "/><tag k="TELNUM" v="+33 2 97 82 59 55"/><tag k="STRNAM" v=" "/><tag k="SRVLST" v=""/><tag k="OBJNAM" v="Port-Louis"/><tag k="INFORM" v=" "/><tag k="CITYNM" v=" "/><tag k="CATSMC" v="1"/></node>
</modify><create><node lat="6027426" lon="-373664" timestamp="2015-09-21T16:27:46Z" username="bil56"><tag k="OBJCOD" v="psgiio"/><tag k="catser" v="53"/><tag k="zipcde" v=" "/><tag k="websit" v=" "/><tag k="telnum" v=" "/><tag k="strnam" v=" "/><tag k="numvhf" v="9"/><tag k="citynm" v=" "/><tag k="OBJNAM" v="capitainerie  Port Louis"/><tag k="INFORM" v=" "/></node>
</create><modify><node lat="6027505" lon="-374860" timestamp="2014-02-05T16:16:29Z" username="bil56"><tag k="OBJCOD" v="BOYLAT"/><tag k="OBJNAM" v="le Pot"/><tag k="INFORM" v=" "/>
            
            
            
        
            
            
            
        </node>
</modify><create><node lat="6028083" lon="-375218" timestamp="2012-08-30T16:50:17Z" username="de thoury "><tag k="OBJCOD" v="ACHBRT"/><tag k="OBJNAM" v="Mouillage"/>
            
            
        </node>
</create><create><node lat="6028107" lon="-372401" timestamp="2013-08-29T10:15:26Z" username="Minihouet"><tag k="OBJCOD" v="ACHBRT"/><tag k="OBJNAM" v="juben"/><tag k="INFORM" v=" "/>
            
            
            
        </node>
</create><create><node lat="6028352" lon="-374946" timestamp="2012-08-11T15:36:56Z" username="jpierre.sigrist"><tag k="OBJCOD" v="ACHBRT"/><tag k="OBJNAM" v="Saint-Nicolas"/><tag k="INFORM" v="mouillage forain"/>
            
            
            
        </node>
</create><create><node lat="6028383" lon="-375003" timestamp="2014-12-27T11:34:05Z" average_rating="5" rating_count="1" reviews_count="1" username="themouss"><tag k="OBJCOD" v="psgiio"/><tag k="catser" v="23"/><tag k="citynm" v="Larmor plage"/><tag k="OBJNAM" v="Boo"/><tag k="INFORM" v="Creperie"/>
            
            
            
            
            
        </node>
</create><create><node lat="6028386" lon="-374984" timestamp="2012-08-11T09:17:40Z" username="jpierre.sigrist"><tag k="OBJCOD" v="SOUNDG"/><tag k="DUNITS" v="1"/>
            
            
        </node>
</create><delete><node lat="6028407" lon="-374022" timestamp="2015-09-16T20:53:59Z" username="bil56"><tag k="OBJCOD" v="WRECKS"/></node>
</delete><create><node lat="6028606" lon="-391127" timestamp="2013-06-25T12:29:10Z" username="krigdill"><tag k="OBJCOD" v="BCNCAR"/><tag k="OBJNAM" v="Grand Cochon"/><tag k="INFORM" v="touelle cardinal sud"/><tag k="COLOUR" v="6;2"/><tag k="CATCAM" v="3"/><tag k="BCNSHP" v="5"/>
            
            
            
            
            
            
            <slave>
                <tag k="OBJCOD" v="TOPMAR"/>
                <tag k="TOPSHP" v="14"/>
            </slave>
        </node>
</create><create><node lat="6028618" lon="-386906" timestamp="2014-12-08T13:31:50Z" username="lm"><tag k="OBJCOD" v="gennav"/>
            
        </node>
</create><modify><node lat="6028630" lon="-375063" timestamp="2013-08-09T15:09:02Z" username="sebou"><tag k="OBJCOD" v="psgiio"/><tag k="catser" v="3"/><tag k="telnum" v="02 97 65 48 25"/><tag k="OBJNAM" v="Capitainerie Kernevel"/><tag k="INFORM" v=" "/>
            
            
            
            
            
        </node>
</modify><create><node lat="6028733" lon="-374895" timestamp="2015-08-28T12:31:18Z" username="Belombra"><tag k="OBJCOD" v="psgiio"/><tag k="catser" v="21"/><tag k="OBJNAM" v="Carburant port de Kernevel"/></node>
</create><create><node lat="6028908" lon="-373172" timestamp="2015-08-15T08:21:01Z" username="Pignonduclan"><tag k="OBJCOD" v="UWTROC"/><tag k="WATLEV" v="3"/><tag k="OBJNAM" v="Locmiquélic"/><tag k="INFORM" v="Roche dangereuse et unique dans la baie"/><tag k="DUNITS" v="1"/></node>
</create><modify><node lat="6029006" lon="-373537" timestamp="2014-07-27T10:01:53Z" username="artiche"><tag k="OBJCOD" v="WRECKS"/>
            
        </node>
</modify><delete><node lat="6029007" lon="-373537" timestamp="2015-09-16T20:53:34Z" username="bil56"><tag k="OBJCOD" v="WRECKS"/></node>
</delete><modify><node lat="6029356" lon="-390514" timestamp="2014-06-16T11:38:21Z" username="dam"><tag k="OBJCOD" v="SOUNDG"/>
            
        </node>
</modify><delete><node lat="6029454" lon="-374988" timestamp="2015-08-06T17:49:15Z" username="ericnauche"><tag k="OBJCOD" v="SMACRA"/><tag k="ofsety" v="177"/><tag k="ofsetx" v="118"/><tag k="CATSMC" v="1"/></node>
</delete><create><node lat="6029454" lon="-374987" timestamp="2014-07-07T16:54:46Z" username="tregret"><tag k="OBJCOD" v="SMACRA"/><tag k="trnbth" v="8"/><tag k="open_1" v="YEARROUND"/><tag k="ofsety" v="0"/><tag k="ofsetx" v="0"/><tag k="monvhf" v="9"/><tag k="TELNUM" v="+33 2 97 33 63 56"/><tag k="SRVLST" v="28;168;36;39;126;167"/><tag k="OBJNAM" v="Kernevel"/><tag k="CATSMC" v="1"/>
            
            
            
            
            
            
            
            
            
            
        </node>
</create><create><node lat="6029490" lon="-374948" timestamp="2015-07-23T00:00:00Z" username="ADAC"><tag k="OBJCOD" v="SMACRA"/><tag k="OBJNAM" v="Port de Lorient-Kernével"/><tag k="ofsety" v="10"/><tag k="ofsetx" v="10"/><tag k="CATSMC" v="1"/><tag k="WEBSIT" v="http://www.marinafuehrer.adac.de/haefen/port-de-lorent-kernvel/"/></node>
</create><create><node lat="6029548" lon="-372821" timestamp="2015-04-11T20:57:20Z" username="xl1954" average_rating="4" reviews_count="1" rating_count="1"><tag k="OBJCOD" v="psgiio"/><tag k="catser" v="23"/><tag k="zipcde" v="56700"/><tag k="websit" v=" "/><tag k="telnum" v="(0033)29789"/><tag k="strnam" v="quai Rallier du Baty"/><tag k="citynm" v="Locqmiquelic"/><tag k="OBJNAM" v="la Boussole"/><tag k="INFORM" v=" "/></node>
</create><create><node lat="6029604" lon="-373268" timestamp="2015-09-16T20:52:37Z" username="bil56"><tag k="OBJCOD" v="WRECKS"/><tag k="VALSOU" v=" "/><tag k="OBJNAM" v="ysère"/><tag k="INFORM" v="épave  de l'Isère ' bateau qui a transporté  la statue de la liberté aux US"/><tag k="DUNITS" v="1"/><tag k="CATWRK" v="1"/></node>
</create><create><node lat="6029605" lon="-372669" timestamp="2015-09-21T16:16:48Z" username="bil56"><tag k="OBJCOD" v="psgiio"/><tag k="catser" v="81"/><tag k="zipcde" v=" "/><tag k="websit" v="www.cnml.eu"/><tag k="telnum" v=" "/><tag k="strnam" v=" "/><tag k="numvhf" v=" "/><tag k="citynm" v=" "/><tag k="OBJNAM" v="CNML - Club Nautique  des Minahouets de Locmiqu&#xE9;lic"/><tag k="INFORM" v=" "/></node>
</create><modify><node lat="6029607" lon="-374088" timestamp="2014-10-07T04:26:00Z" username="bil56"><tag k="OBJCOD" v="LIGHTS"/><tag k="COLOUR" v="4"/><tag k="OBJNAM" v=" "/><tag k="INFORM" v="alignement 16º"/>
            
            
            
            
        </node>
</modify><modify><node lat="6029662" lon="-375085" timestamp="2011-03-10T20:42:06Z" username="unknown"><tag k="OBJCOD" v="WRECKS"/>
            
        </node>
</modify><create><node lat="6029665" lon="-373066" timestamp="2015-09-21T16:24:45Z" username="bil56"><tag k="OBJCOD" v="gennav"/><tag k="OBJNAM" v="bateau-bus transrade"/><tag k="INFORM" v="ponton d'embarquement  transrade vers Lorient"/></node>
</create><create><node lat="6029695" lon="-372672" timestamp="2014-10-07T04:07:36Z" username="bil56"><tag k="OBJCOD" v="SLCONS"/><tag k="OBJNAM" v="cale de mise à l'eau"/><tag k="INFORM" v=" "/><tag k="CATSLC" v="12"/>
            
            
            
            
        </node>
</create><modify><node lat="6029714" lon="-373094" timestamp="2015-08-09T17:52:16Z" username="ovni"><tag k="OBJCOD" v="SMACRA"/><tag k="trnbth" v=" "/><tag k="ofsety" v="65"/><tag k="ofsetx" v="-440"/><tag k="numvhf" v="09"/><tag k="maxlen" v=" "/><tag k="dckdph" v=" "/><tag k="ZIPCDE" v=" "/><tag k="WEBSIT" v=" "/><tag k="TELNUM" v="+33 2 97 33 59 51"/><tag k="STRNAM" v=" "/><tag k="SRVLST" v="168;36;39;167;49"/><tag k="OBJNAM" v="Locmiquelic Sainte-Catherine"/><tag k="INFORM" v=" "/><tag k="CITYNM" v="Locmiqu&#xE9;lic"/><tag k="CATSMC" v="1"/></node>
</modify><modify><node lat="6029778" lon="-372870" timestamp="2015-07-05T12:58:19Z" username="mikealpha56"><tag k="OBJCOD" v="WRECKS"/></node>
</modify><delete><node lat="6029779" lon="-372869" timestamp="2015-09-16T20:47:27Z" username="bil56"><tag k="OBJCOD" v="WRECKS"/></node>
</delete><create><node lat="6029797" lon="-375044" timestamp="2015-09-16T20:55:09Z" username="bil56"><tag k="OBJCOD" v="WRECKS"/><tag k="VALSOU" v=" "/><tag k="OBJNAM" v=" "/><tag k="INFORM" v=" "/><tag k="DUNITS" v="1"/><tag k="CATWRK" v="5"/></node>
</create><modify><node lat="6029800" lon="-373000" timestamp="2015-07-05T12:58:26Z" username="mikealpha56"><tag k="OBJCOD" v="WRECKS"/></node>
</modify><delete><node lat="6029801" lon="-373000" timestamp="2015-09-16T20:47:04Z" username="bil56"><tag k="OBJCOD" v="WRECKS"/></node>
</delete><delete><node lat="6029804" lon="-373532" timestamp="2015-09-21T16:39:41Z" username="bil56"><tag k="OBJCOD" v="WRECKS"/></node>
</delete><delete><node lat="6029823" lon="-372809" timestamp="2014-01-27T18:00:35Z" username="bil56"><tag k="OBJCOD" v="WRECKS"/>
            
        </node>
</delete><delete><node lat="6030100" lon="-372668" timestamp="2015-09-21T16:18:07Z" username="bil56"><tag k="OBJCOD" v="WRECKS"/></node>
</delete><create><node lat="6030157" lon="-375471" timestamp="2011-12-17T22:14:34Z" username="biole999"><tag k="OBJCOD" v="gennav"/><tag k="OBJNAM" v="ucpa croisiere"/><tag k="INFORM" v="ecole de croisiere &#10;http://www.ucpa-vacances.com/sport/croisiere/"/>
            
            
            
        
            
            
            
        </node>
</create><create><node lat="6030344" lon="-371995" timestamp="2013-08-29T09:46:42Z" username="Minihouet"><tag k="OBJCOD" v="MORFAC"/><tag k="OBJNAM" v="repere 1 juben"/><tag k="INFORM" v=" "/>
            
            
            
        </node>
</create><create><node lat="6030345" lon="-375273" timestamp="2011-02-26T23:12:06Z" username="unknown"><tag k="OBJCOD" v="psgiio"/><tag k="catser" v="53"/><tag k="citynm" v="Lorient"/><tag k="OBJNAM" v="Capitainerie BSM"/>
            
            
            
            
        </node>
</create><create><node lat="6030531" lon="-375563" timestamp="2015-03-26T18:27:34Z" username="&#x5F90;&#x4EAC;&#x5764;cook" average_rating="3" reviews_count="1" rating_count="1"><tag k="OBJCOD" v="SMACRA"/><tag k="ofsety" v="0"/><tag k="ofsetx" v="0"/><tag k="SRVLST" v="49"/><tag k="OBJNAM" v="&#x4F2F;&#x5C14;&#x5C3C;&#x8C22;&#x7279;"/><tag k="CATSMC" v="1"/></node>
</create><modify><node lat="6030549" lon="-373445" timestamp="2014-01-27T18:09:36Z" username="bil56"><tag k="OBJCOD" v="BOYCAR"/><tag k="OBJNAM" v=" "/><tag k="INFORM" v=" "/>
            
            
            
        </node>
</modify><create><node lat="6030562" lon="-372707" timestamp="2011-06-02T08:03:07Z" username="unknown"><tag k="OBJCOD" v="gennav"/><tag k="OBJNAM" v="Sloe orchard"/>
            
            
        </node>
</create><create><node lat="6030582" lon="-375068" timestamp="2011-05-17T16:57:58Z" username="unknown"><tag k="OBJCOD" v="psgiio"/><tag k="catser" v="41"/><tag k="zipcde" v="56100"/><tag k="telnum" v="0642467618"/><tag k="strnam" v="Base monotype Aos"/><tag k="citynm" v="Lorient"/><tag k="OBJNAM" v="Abordage Assistance"/><tag k="INFORM" v="Entretien, préparation, réparation&#10;Course au large et croisière"/>
            
            
            
            
            
            
            
            
        </node>
</create><create><node lat="6030610" lon="-375602" timestamp="2014-01-27T17:34:20Z" username="bil56"><tag k="OBJCOD" v="gennav"/><tag k="OBJNAM" v="Espace Tabarly"/><tag k="INFORM" v=" "/>
            
            
            
        </node>
</create><create><node lat="6030675" lon="-376340" timestamp="2015-08-28T16:23:05Z" username="laheug"><tag k="OBJCOD" v="psgiio"/><tag k="catser" v="131"/><tag k="zipcde" v=" "/><tag k="websit" v=" "/><tag k="telnum" v=" "/><tag k="strnam" v=" "/><tag k="numvhf" v=" "/><tag k="citynm" v=" "/><tag k="OBJNAM" v="porh loeiz"/><tag k="INFORM" v=" "/></node>
</create><create><node lat="6030709" lon="-375070" timestamp="2011-02-10T14:53:47Z" username="unknown"><tag k="OBJCOD" v="psgiio"/><tag k="catser" v="125"/><tag k="zipcde" v="56100"/><tag k="websit" v="http://www.ixelek.com/fr"/><tag k="telnum" v="02.97.37.11.13"/><tag k="strnam" v="33 rue ingenieur verriere"/><tag k="citynm" v="lorient"/><tag k="OBJNAM" v="Ixelek"/><tag k="INFORM" v="ElectricitÃ© Electronique informatique  marine"/>
            
            
            
            
            
            
            
            
            
        </node>
</create><create><node lat="6031224" lon="-390681" timestamp="2012-11-22T22:21:13Z" username="pouloux"><tag k="OBJCOD" v="UWTROC"/><tag k="WATLEV" v="3"/><tag k="DUNITS" v="1"/>
            
            
            
        </node>
</create><create><node lat="6031308" lon="-372128" timestamp="2015-09-21T15:57:18Z" username="bil56"><tag k="OBJCOD" v="psgiio"/><tag k="catser" v="2"/><tag k="zipcde" v=" "/><tag k="websit" v=" "/><tag k="telnum" v=" "/><tag k="strnam" v=" "/><tag k="citynm" v=" "/><tag k="OBJNAM" v="Marine West"/><tag k="INFORM" v=" "/></node>
</create><create><node lat="6031313" lon="-383257" timestamp="2014-07-28T20:02:25Z" username="bleimor"><tag k="OBJCOD" v="gennav"/><tag k="OBJNAM" v="yannfanch"/><tag k="INFORM" v="mouillage secoué par vent de N à E"/>
            
            
            
        </node>
</create><delete><node lat="6031348" lon="-375837" timestamp="2012-07-21T14:37:56Z" username="familiaris"><tag k="OBJCOD" v="psgiio"/><tag k="catser" v="22"/>
            
            
        </node>
</delete><create><node lat="6031395" lon="-375512" timestamp="2012-02-09T15:05:35Z" username="enzocdlm"><tag k="OBJCOD" v="psgiio"/><tag k="catser" v="3"/><tag k="zipcde" v="56100"/><tag k="telnum" v="+33 2 97 87 08 63"/><tag k="strnam" v="Benoit Frachon"/><tag k="citynm" v="Lorient"/><tag k="OBJNAM" v="Comptoir de la Mer Lorient"/><tag k="INFORM" v="ouvert de 9H30-12H30 et 14H00-19H tlj sauf dimanche"/>
            
            
            
            
            
            
            
            
        </node>
</create><create><node lat="6031420" lon="-372102" timestamp="2014-10-07T04:14:36Z" username="bil56"><tag k="OBJCOD" v="SLCONS"/><tag k="OBJNAM" v=" "/><tag k="INFORM" v="cale de mise à l'eau"/><tag k="CATSLC" v="12"/>
            
            
            
            
        </node>
</create><create><node lat="6031430" lon="-372129" timestamp="2013-07-28T19:10:29Z" username="steph2256"><tag k="OBJCOD" v="gennav"/><tag k="OBJNAM" v="Cale de pen mane"/><tag k="INFORM" v="Grande cale, mise Ã  long presque Ã  toutes heures."/>
            
            
            
        </node>
</create><modify><node lat="6031600" lon="-372499" timestamp="2012-11-01T18:57:05Z" username="unknown"><tag k="OBJCOD" v="SMACRA"/><tag k="ofsety" v="-602"/><tag k="ofsetx" v="0"/><tag k="CATSMC" v="1"/>
            
            
            
            
        </node>
</modify><create><node lat="6032429" lon="-373142" timestamp="2014-10-04T11:56:47Z" username="gilou56"><tag k="OBJCOD" v="SOUNDG"/><tag k="DUNITS" v="1"/></node>
</create><create><node lat="6032585" lon="-373317" timestamp="2011-05-18T11:16:13Z" username="unknown"><tag k="OBJCOD" v="psgiio"/><tag k="catser" v="81"/><tag k="websit" v="http://www.cnlorient.com"/><tag k="telnum" v="0297848130"/><tag k="OBJNAM" v="Centre Nautique de Lorient"/>
            
            
            
            
            
        </node>
</create><create><node lat="6032801" lon="-373712" timestamp="2015-07-23T00:00:00Z" username="ADAC"><tag k="OBJCOD" v="SMACRA"/><tag k="OBJNAM" v="Lorient Marina"/><tag k="ofsety" v="10"/><tag k="ofsetx" v="10"/><tag k="CATSMC" v="1"/><tag k="WEBSIT" v="http://www.marinafuehrer.adac.de/haefen/lorient-marina/"/></node>
</create><create><node lat="6032833" lon="-373853" timestamp="2014-01-27T18:15:17Z" username="bil56"><tag k="OBJCOD" v="psgiio"/><tag k="catser" v="53"/><tag k="zipcde" v=" "/><tag k="websit" v=" "/><tag k="telnum" v=" "/><tag k="strnam" v=" "/><tag k="numvhf" v="vhf  09"/><tag k="citynm" v=" "/><tag k="OBJNAM" v="CAPITAINERIE"/><tag k="INFORM" v=" "/>
            
            
            
            
            
            
            
            
            
            
        </node>
</create><create><node lat="6032989" lon="-373931" timestamp="2011-08-26T16:17:24Z" username="unknown"><tag k="OBJCOD" v="SMACRA"/><tag k="ofsety" v="0"/><tag k="ofsetx" v="0"/><tag k="OBJNAM" v="Sanitaire port de Lorient"/><tag k="CATSMC" v="1"/>
            
            
            
            
            
        </node>
</create><create><node lat="6033109" lon="-376248" timestamp="2011-12-15T22:34:41Z" username="unknown"><tag k="OBJCOD" v="psgiio"/><tag k="catser" v="3"/><tag k="zipcde" v="56700"/><tag k="websit" v="http://www.nathyachting.com"/><tag k="telnum" v="0623242149"/><tag k="strnam" v="16 rue du Cabotage"/><tag k="citynm" v="Hennebont"/><tag k="OBJNAM" v="Nath Yachting"/><tag k="INFORM" v="Chantier naval entretien reparation hivernage restauration prÃ©paration course"/>
            
            
            
            
            
            
            
            
            
        </node>
</create><create><node lat="6033595" lon="-373977" timestamp="2012-07-25T11:16:14Z" username="gcledic"><tag k="OBJCOD" v="MORFAC"/><tag k="OBJNAM" v="Mouillage St Pierre"/><tag k="INFORM" v="Mouillage St Pierre"/>
            
            
            
        </node>
</create><create><node lat="6033832" lon="-374292" timestamp="2013-12-28T07:58:36Z" username="Pioupiou"><tag k="OBJCOD" v="psgiio"/><tag k="catser" v="53"/><tag k="OBJNAM" v="Portudy"/>
            
            
            
        </node>
</create><modify><node lat="6034012" lon="-372929" timestamp="2011-07-29T16:49:11Z" username="unknown"><tag k="OBJCOD" v="MORFAC"/>
            
        </node>
</modify></bound>