<?xml version="1.0" encoding="UTF-8"?><bound box="5351857,-410941,5371356,-391372"><create><node lat="5353375" lon="-392706" timestamp="2014-08-02T08:05:01Z" username="JRSadornil"><tag k="OBJCOD" v="gennav"/><tag k="OBJNAM" v="javi R"/><tag k="INFORM" v=" "/>
            
            
            
        </node>
</create><create><node lat="5353976" lon="-401938" timestamp="2013-07-21T09:44:48Z" username="copy"><tag k="OBJCOD" v="gennav"/><tag k="OBJNAM" v="camping de bareyo"/>
            
            
        </node>
</create><create><node lat="5357980" lon="-393085" timestamp="2012-07-07T21:50:26Z" username="fat"><tag k="OBJCOD" v="gennav"/><tag k="OBJNAM" v="Islote Regollera"/>
            
            
        </node>
</create><modify><node lat="5358148" lon="-392872" timestamp="2011-11-07T08:32:08Z" username="unknown"><tag k="OBJCOD" v="UWTROC"/>
            
        </node>
</modify><create><node lat="5358446" lon="-392770" timestamp="2012-07-07T21:48:24Z" username="fat"><tag k="OBJCOD" v="gennav"/><tag k="OBJNAM" v="Isla de San Pedruco"/>
            
            
        </node>
</create><create><node lat="5358803" lon="-403423" timestamp="2012-09-12T08:51:43Z" username="unknown"><tag k="OBJCOD" v="gennav"/><tag k="OBJNAM" v="Cambiano"/>
            
            
        </node>
</create><create><node lat="5358923" lon="-404904" timestamp="2014-08-07T17:35:59Z" username="unknown"><tag k="OBJCOD" v="hotspt"/><tag k="catspt" v="2"/><tag k="DUNITS" v="1"/>
            
            
            
        </node>
</create><create><node lat="5359035" lon="-403217" timestamp="2012-09-12T08:50:57Z" username="unknown"><tag k="OBJCOD" v="gennav"/><tag k="OBJNAM" v="Punta Urdiales"/>
            
            
        </node>
</create><create><node lat="5359654" lon="-401574" timestamp="2011-08-28T11:10:04Z" username="mikol42"><tag k="OBJCOD" v="gennav"/><tag k="OBJNAM" v="Percebes medios"/><tag k="INFORM" v="Gruta derecha&#10;Pasillo izquierdo&#10;Buen Acceso"/>
            
            
            
        </node>
</create><create><node lat="5360377" lon="-407481" timestamp="2013-08-29T19:06:09Z" username="socaire"><tag k="OBJCOD" v="hotspt"/><tag k="catspt" v="1"/><tag k="OBJNAM" v="Cabezo cabo Quintres"/><tag k="DUNITS" v="1"/>
            
            
            
            
        </node>
</create><modify><node lat="5360455" lon="-398689" timestamp="2012-07-07T21:46:30Z" username="fat"><tag k="OBJCOD" v="SMACRA"/><tag k="ofsety" v="-239"/><tag k="ofsetx" v="-398"/><tag k="OBJNAM" v="Ría de Ajo"/><tag k="CATSMC" v="1"/>
            
            
            
            
            
        </node>
</modify><create><node lat="5365653" lon="-395181" timestamp="2014-12-04T20:01:52Z" username="doradero"><tag k="OBJCOD" v="OBSTRN"/><tag k="VALSOU" v=" "/><tag k="OBJNAM" v="ARISTIDIS"/><tag k="INFORM" v=" "/><tag k="DUNITS" v="1"/>
            
            
            
            
            
        </node>
</create></bound>