<?xml version="1.0" encoding="UTF-8"?><bound box="6658917,-293529,6678434,-273961"><create><node lat="6667379" lon="-280704" timestamp="2015-07-24T23:28:01Z" username="Custador"><tag k="OBJCOD" v="hotspt"/><tag k="catspt" v="1"/><tag k="VALSOU" v=" "/><tag k="OBJNAM" v="Submerged rock"/><tag k="INFORM" v="Good spot to drift over for bass."/><tag k="DUNITS" v="1"/></node>
</create><create><node lat="6667742" lon="-290588" timestamp="2011-07-11T16:47:20Z" username="unknown"><tag k="OBJCOD" v="psgiio"/><tag k="catser" v="3"/><tag k="zipcde" v="BS1 6UT"/><tag k="websit" v="www.force4.co.uk"/><tag k="telnum" v="0117 9268396"/><tag k="strnam" v="Bristol Marina"/><tag k="citynm" v="Bristol"/><tag k="OBJNAM" v="Force 4 Chandlery"/><tag k="INFORM" v="Stocks a full range of Chandlery, Marine Electronics, Safety equipment, Marine clothing, books and charts. Free on site parking."/>
            
            
            
            
            
            
            
            
            
        
            
            
            
        </node>
</create><create><node lat="6667743" lon="-290566" timestamp="2011-07-11T16:26:10Z" username="unknown"><tag k="OBJCOD" v="psgiio"/><tag k="catser" v="41"/><tag k="zipcde" v="BS1 6TZ"/><tag k="telnum" v="0117 9225080"/><tag k="strnam" v="Bristol Marina"/><tag k="citynm" v="Bristol"/><tag k="OBJNAM" v="Bristol Sails"/><tag k="INFORM" v="Bristol Sails deal with the making and refurbishing of sails for sailing boats. Also makes boat covers."/>
            
            
            
            
            
            
            
            
        </node>
</create><create><node lat="6672646" lon="-288128" timestamp="2014-06-11T23:43:57Z" username="andybrown43ub"><tag k="OBJCOD" v="BOYSPP"/><tag k="OBJNAM" v="Outfall Bouy"/><tag k="INFORM" v="Laid by Chris, Rodney and Derek of PCC"/><tag k="COLOUR" v="6"/><tag k="BOYSHP" v="5"/>
            
            
            
            
            
        </node>
</create></bound>