<?xml version="1.0" encoding="UTF-8"?><bound box="-4377280,-332667,-4357796,-313098"><create><node lat="-4369474" lon="-316486" timestamp="2011-11-17T19:54:51Z" username="unknown"><tag k="OBJCOD" v="BCNLAT"/><tag k="OBJNAM" v="22"/><tag k="COLOUR" v="4"/><tag k="BCNSHP" v="5"/>
            
            
            
            
            <slave>
                <tag k="OBJCOD" v="FOGSIG"/>
            </slave>
            <slave>
                <tag k="OBJCOD" v="LIGHTS"/>
                <tag k="COLOUR" v="4"/>
            </slave>
        </node>
</create></bound>