<?xml version="1.0" encoding="UTF-8"?><bound box="6014989,-332667,6034498,-313098"><modify><node lat="6015794" lon="-328776" timestamp="2011-01-24T20:34:20Z"><tag k="OBJCOD" v="SMACRA"/><tag k="trnbth" v="Yes"/><tag k="ofsety" v="0"/><tag k="ofsetx" v="0"/><tag k="numvhf" v="9"/><tag k="CATSMC" v="1"/>
            
            
            
            
            
            
        </node>
</modify><create><node lat="6016276" lon="-327756" timestamp="2011-04-23T20:04:52Z" username="unknown"><tag k="OBJCOD" v="UWTROC"/><tag k="WATLEV" v="3"/><tag k="OBJNAM" v="Choc dérive !"/><tag k="DUNITS" v="1"/>
            
            
            
            
        </node>
</create><delete><node lat="6019162" lon="-318976" timestamp="2010-11-06T13:13:58Z"><tag k="OBJCOD" v="psgiio"/><tag k="catser" v="3"/>
            
            
        </node>
</delete><create><node lat="6020548" lon="-329568" timestamp="2011-02-10T14:11:43Z" username="unknown"><tag k="OBJCOD" v="psgiio"/><tag k="catser" v="3"/><tag k="zipcde" v="56400"/><tag k="websit" v="WWW.AD56.FR"/><tag k="telnum" v="0297241889"/><tag k="strnam" v="20 RUE AMPERE"/><tag k="citynm" v="PLUNERET"/><tag k="OBJNAM" v="ACCASTILLAGE DIFFUSION"/>
            
            
            
            
            
            
            
            
        
            
            
        </node>
</create><create><node lat="6027431" lon="-325905" timestamp="2012-04-18T06:53:01Z" username="unknown"><tag k="OBJCOD" v="gennav"/><tag k="OBJNAM" v="didine "/><tag k="INFORM" v="cendre maman"/>
            
            
            
        </node>
</create></bound>