<?xml version="1.0" encoding="UTF-8"?><bound box="5975972,-332667,5995481,-313098"><modify><node lat="5976183" lon="-329877" timestamp="2014-06-17T08:02:38Z" username="Pyoun"><tag k="OBJCOD" v="SOUNDG"/><tag k="VALSOU" v="+ 1.80"/><tag k="DUNITS" v="1"/>
            
            
            
        </node>
</modify><create><node lat="5976232" lon="-332305" timestamp="2015-08-20T14:51:17Z" username="fabjoa"><tag k="OBJCOD" v="ACHBRT"/><tag k="OBJNAM" v="Mb"/></node>
</create><delete><node lat="5980593" lon="-327017" timestamp="2015-07-05T09:12:26Z" username="cruaut jean jacques"><tag k="OBJCOD" v="WRECKS"/></node>
</delete><create><node lat="5980768" lon="-326897" timestamp="2013-12-13T23:09:10Z" username="tambouille"><tag k="OBJCOD" v="WRECKS"/><tag k="WATLEV" v="3"/><tag k="VALSOU" v="14"/><tag k="CATWRK" v="2"/>
            
            
            
            
        </node>
</create><delete><node lat="5980895" lon="-327041" timestamp="2015-07-05T09:11:55Z" username="cruaut jean jacques"><tag k="OBJCOD" v="WRECKS"/><tag k="OBJNAM" v="Florence H"/><tag k="INFORM" v="Cargo &#xE0; vapeur de 113m de long .&#10;Il a coul&#xE9; le 17 avril 1918 suite &#xE0; un incendie &#xE0; bord &#10;&#xC9;pave compl&#xE8;tement d&#xE9;truite , il ne reste qu'un champs de t&#xF4;les ne d&#xE9;passant pas de plus d'un m&#xE8;tre ."/><tag k="DUNITS" v="1"/></node>
</delete><modify><node lat="5981102" lon="-326972" timestamp="2014-08-17T23:18:05Z" username="mamounier"><tag k="OBJCOD" v="WRECKS"/><tag k="VALSOU" v="20"/><tag k="OBJNAM" v="Artiglio"/><tag k="INFORM" v="Coul&#xE9; le 7 d&#xE9;cembre 1930&#10;Alors qu'il &#xE9;tait charg&#xE9; par la Sorima de ferrailler l'&#xE9;pave du Florence H, des explosifs restant explosent. 12 morts lors du naufrage."/><tag k="DUNITS" v="1"/>
            
            
            
            
        
            
            
            
        
            
            
            
            
        </node>
</modify><create><node lat="5985657" lon="-329678" timestamp="2015-02-17T19:39:59Z" username="Bob A"><tag k="OBJCOD" v="ACHBRT"/><tag k="OBJNAM" v=" "/><tag k="INFORM" v=" "/></node>
</create><modify><node lat="5986745" lon="-332178" timestamp="2015-07-05T09:07:05Z" username="cruaut jean jacques"><tag k="OBJCOD" v="WRECKS"/><tag k="OBJNAM" v="ANGERS"/><tag k="INFORM" v="Cargo Lg 86m"/><tag k="DUNITS" v="1"/></node>
</modify><create><node lat="5987790" lon="-315575" timestamp="2012-09-06T18:11:13Z" username="unknown"><tag k="OBJCOD" v="BOYLAT"/><tag k="OBJNAM" v="retest"/><tag k="COLOUR" v="3"/><tag k="BOYSHP" v="1"/>
            
            
            
            
        </node>
</create><modify><node lat="5991312" lon="-320804" timestamp="2012-09-04T17:58:04Z" username="unknown"><tag k="OBJCOD" v="BOYISD"/>
            
        </node>
</modify><create><node lat="5991358" lon="-315466" timestamp="2014-05-28T22:26:44Z" username="Jaguar"><tag k="OBJCOD" v="psgiio"/><tag k="catser" v="131"/><tag k="zipcde" v=" "/><tag k="websit" v=" "/><tag k="telnum" v=" "/><tag k="strnam" v=" "/><tag k="numvhf" v=" "/><tag k="citynm" v=" "/><tag k="OBJNAM" v="Port aux moines"/><tag k="INFORM" v=" "/>
            
            
            
            
            
            
            
            
            
            
        
            
            
            
            
            
            
            
            
            
            
        </node>
</create><create><node lat="5992645" lon="-316183" timestamp="2014-10-10T23:51:33Z" username="Danglaz"><tag k="OBJCOD" v="gennav"/><tag k="OBJNAM" v="Clocher de Saint Gildas"/>
            
            
        </node>
</create></bound>