<?xml version="1.0" encoding="UTF-8"?><bound box="6307648,-313098,6327161,-293529"><create><node lat="6308778" lon="-299872" timestamp="2013-07-17T20:04:19Z" username="lacombe"><tag k="OBJCOD" v="SOUNDG"/><tag k="DUNITS" v="1"/>
            
            
        </node>
</create><modify><node lat="6316621" lon="-300838" timestamp="2011-01-18T23:56:19Z"><tag k="OBJCOD" v="LIGHTS"/><tag k="COLOUR" v="1"/><tag k="OBJNAM" v="Hanois"/>
            
            
            
        </node>
</modify><create><node lat="6327023" lon="-300834" timestamp="2011-11-03T17:05:40Z" username="unknown"><tag k="OBJCOD" v="FSHFAC"/><tag k="OBJNAM" v="bar de novembre a fevrier"/>
            
            
        </node>
</create></bound>