<?xml version="1.0" encoding="UTF-8"?><bound box="7088352,-352235,7107875,-332667"><create><node lat="7098914" lon="-344449" timestamp="2015-07-02T13:15:08Z" username="redders"><tag k="OBJCOD" v="gennav"/><tag k="OBJNAM" v="dolphins sighted here"/><tag k="INFORM" v=" "/></node>
</create><create><node lat="7100981" lon="-338847" timestamp="2015-04-25T08:22:46Z" username="redders"><tag k="OBJCOD" v="BCNLAT"/><tag k="OBJNAM" v="daymark"/><tag k="INFORM" v="pole perch painted red"/><tag k="COLOUR" v="3"/><tag k="BCNSHP" v="5"/></node>
</create><create><node lat="7104769" lon="-339929" timestamp="2014-05-21T19:51:09Z" username="Nordelph"><tag k="OBJCOD" v="BOYCAR"/><tag k="abrchr" v="BY Q FL BELL"/><tag k="OBJNAM" v="FAIRWAY"/><tag k="INFORM" v="PA"/><tag k="COLPAT" v="1"/><tag k="COLOUR" v="2;6"/><tag k="CATCAM" v="1"/><tag k="BOYSHP" v="4"/>
            
            
            
            
            
            
            
            
            <slave>
                <tag k="OBJCOD" v="FOGSIG"/>
                <tag k="abrchr" v="BY Q FL BELL"/>
                <tag k="CATFOG" v="7"/>
            </slave>
            <slave>
                <tag k="OBJCOD" v="LIGHTS"/>
                <tag k="abrchr" v="BY Q FL BELL"/>
                <tag k="COLOUR" v="1"/>
                <tag k="LITCHR" v="4"/>
            </slave>
            <slave>
                <tag k="OBJCOD" v="TOPMAR"/>
                <tag k="abrchr" v="BY Q FL BELL"/>
                <tag k="COLOUR" v="2"/>
                <tag k="TOPSHP" v="13"/>
            </slave>
        </node>
</create></bound>