<?xml version="1.0" encoding="UTF-8"?><bound box="6190578,-430510,6210089,-410941"><delete><node lat="6192555" lon="-425842" timestamp="2011-05-01T11:22:03Z" username="unknown"><tag k="OBJCOD" v="psgiio"/><tag k="catser" v="22"/>
            
            
        </node>
</delete><delete><node lat="6193150" lon="-425088" timestamp="2015-07-01T09:05:18Z" username="lionheinz"><tag k="OBJCOD" v="LIGHTS"/><tag k="COLOUR" v="3"/><tag k="OBJNAM" v="RunPridou"/><tag k="INFORM" v=" "/></node>
</delete><create><node lat="6194335" lon="-425624" timestamp="2014-08-04T20:37:12Z" username="lemmings"><tag k="OBJCOD" v="BCNLAT"/><tag k="COLOUR" v="3;4"/><tag k="BCNSHP" v="5"/></node>
</create><modify><node lat="6194340" lon="-425634" timestamp="2012-08-06T06:22:57Z" username="benldp"><tag k="OBJCOD" v="SMACRA"/><tag k="ofsety" v="44"/><tag k="ofsetx" v="438"/><tag k="SRVLST" v=""/><tag k="INFORM" v="La ligne de bouées visiteurs située sous le canot SNSM est sur la bordure de la souille, sur une sonde évaluée à 0,60. Faute de fonds suffisants, nous nous sommes amarrés pour la nuit à l'une des bouées situées sur la souille en bord de l'axe du chenal."/><tag k="CATSMC" v="1"/>
            
            
            
            
            
            
        </node>
</modify><modify><node lat="6195185" lon="-426025" timestamp="2014-01-03T08:15:35Z" username="ba-racuda"><tag k="OBJCOD" v="UWTROC"/><tag k="OBJNAM" v="Danger"/><tag k="INFORM" v=" "/><tag k="DUNITS" v="1"/>
            
            
            
            
        </node>
</modify><delete><node lat="6196866" lon="-423219" timestamp="2013-01-12T23:32:30Z" username="crewcall"><tag k="OBJCOD" v="WRECKS"/>
            
        </node>
</delete><create><node lat="6201877" lon="-412113" timestamp="2011-01-09T22:20:51Z"><tag k="OBJCOD" v="UWTROC"/><tag k="WATLEV" v="3"/><tag k="DUNITS" v="1"/>
            
            
            
        </node>
</create><create><node lat="6201970" lon="-415674" timestamp="2011-01-09T22:29:52Z"><tag k="OBJCOD" v="UWTROC"/><tag k="WATLEV" v="3"/><tag k="DUNITS" v="1"/>
            
            
            
        </node>
</create><create><node lat="6207639" lon="-417583" timestamp="2013-08-17T12:41:04Z" username="crewcall"><tag k="OBJCOD" v="gennav"/><tag k="OBJNAM" v="Bass fishing"/>
            
            
        </node>
</create></bound>