<?xml version="1.0" encoding="UTF-8"?><bound box="5878435,-293529,5897942,-273961"><create><node lat="5878613" lon="-284866" timestamp="2014-09-23T22:52:57Z" username="Raggety"><tag k="OBJCOD" v="WRECKS"/><tag k="VALSOU" v="47"/><tag k="OBJNAM" v="Le Katina"/><tag k="INFORM" v="Cargo &#xE0; vapeur de 89 m, coul&#xE9; en mars 1917 par UC 69. Proue au sud-est.&#10;12 milles au nord-ouest du port de la Meule."/><tag k="DUNITS" v="1"/><tag k="CATWRK" v="1"/>
            
            
            
            
            
            
        
            
            
            
            
            
        </node>
</create><create><node lat="5878639" lon="-284864" timestamp="2015-06-24T10:34:04Z" username="tinmarus85"><tag k="OBJCOD" v="WRECKS"/><tag k="VALSOU" v=" "/><tag k="OBJNAM" v="le katina"/><tag k="INFORM" v=" "/><tag k="DUNITS" v="1"/><tag k="CATWRK" v="1"/></node>
</create><create><node lat="5895847" lon="-276609" timestamp="2015-05-28T19:36:14Z" username="ovni"><tag k="OBJCOD" v="BOYSPP"/><tag k="OBJNAM" v="Data buoy"/><tag k="INFORM" v="Yellow special purpose data buoy&#10;Not shown on chart"/><tag k="COLOUR" v="6"/><tag k="BOYSHP" v="5"/><slave><tag k="OBJCOD" v="LIGHTS"/><tag k="COLOUR" v="12"/></slave></node>
</create><create><node lat="5897875" lon="-281474" timestamp="2013-04-20T12:09:49Z" username="unknown"><tag k="OBJCOD" v="WRECKS"/><tag k="VALSOU" v="37"/><tag k="OBJNAM" v="Driskos "/><tag k="DUNITS" v="1"/><tag k="CATWRK" v="1"/>
            
            
            
            
            
        </node>
</create></bound>