<?xml version="1.0" encoding="UTF-8"?><bound box="7029786,-273961,7049308,-254392"><delete><node lat="7034982" lon="-265559" timestamp="2012-06-16T04:22:12Z" username="rendy"><tag k="OBJCOD" v="SMACRA"/><tag k="ofsety" v="-486"/><tag k="ofsetx" v="-195"/><tag k="CATSMC" v="1"/>
            
            
            
            
        </node>
</delete><delete><node lat="7035733" lon="-254725" timestamp="2012-06-16T04:21:12Z" username="rendy"><tag k="OBJCOD" v="SMACRA"/><tag k="ofsety" v="0"/><tag k="ofsetx" v="583"/><tag k="CATSMC" v="1"/>
            
            
            
            
        </node>
</delete></bound>