<?xml version="1.0" encoding="UTF-8"?><bound box="5956464,-430510,5975972,-410941"><create><node lat="5974661" lon="-413868" timestamp="2011-05-02T12:10:59Z" username="unknown"><tag k="OBJCOD" v="BCNLAT"/><tag k="OBJNAM" v="Toto"/><tag k="COLOUR" v="4"/><tag k="BCNSHP" v="5"/>
            
            
            
            
            <slave>
                <tag k="OBJCOD" v="FOGSIG"/>
            </slave>
            <slave>
                <tag k="OBJCOD" v="LIGHTS"/>
                <tag k="COLOUR" v="4"/>
            </slave>
        </node>
</create><create><node lat="5975529" lon="-414054" timestamp="2011-05-02T12:10:14Z" username="unknown"><tag k="OBJCOD" v="BCNLAT"/><tag k="OBJNAM" v="Toto"/><tag k="INFORM" v="Blabla"/><tag k="COLOUR" v="3;4"/><tag k="BCNSHP" v="5"/>
            
            
            
            
            
            <slave>
                <tag k="OBJCOD" v="FOGSIG"/>
            </slave>
            <slave>
                <tag k="OBJCOD" v="LIGHTS"/>
                <tag k="COLOUR" v="3"/>
            </slave>
        </node>
</create></bound>