<?xml version="1.0" encoding="UTF-8"?><bound box="7537425,-352235,7556953,-332667"><create><node lat="7539743" lon="-351285" timestamp="2015-09-13T01:10:01Z" username="vivacity"><tag k="OBJCOD" v="UWTROC"/><tag k="WATLEV" v="3"/><tag k="VALSOU" v=" "/><tag k="OBJNAM" v="rock"/><tag k="INFORM" v=" "/><tag k="DUNITS" v="1"/></node>
</create><modify><node lat="7545290" lon="-348736" timestamp="2012-08-21T06:46:59Z" username="HenceForth"><tag k="OBJCOD" v="BOYSPP"/><tag k="OBJNAM" v="Kirkcaldy Outfall Buoy"/><tag k="INFORM" v="[Y FL Y 5S] Yellow special purpose buoy (nun i.e. conical shape) having yellow flashing light with a period of 5 seconds."/>
            
            
            
        </node>
</modify><delete><node lat="7545299" lon="-348728" timestamp="2012-08-21T06:40:36Z" username="HenceForth"><tag k="OBJCOD" v="BOYSPP"/><tag k="OBJNAM" v="Kirkcaldy Outfall Buoy"/><tag k="INFORM" v="Yellow spoil mark"/><tag k="COLOUR" v="6"/><tag k="BOYSHP" v="5"/>
            
            
            
            
            
        </node>
</delete><modify><node lat="7545617" lon="-350586" timestamp="2014-01-13T12:28:59Z" username="editcw"><tag k="OBJCOD" v="SMACRA"/><tag k="ofsety" v="674"/><tag k="ofsetx" v="52"/><tag k="CATSMC" v="1"/>
            
            
            
            
        </node>
</modify><delete><node lat="7547531" lon="-347763" timestamp="2014-08-12T20:33:20Z" username="Ginge"><tag k="OBJCOD" v="psgiio"/><tag k="catser" v="23"/>
            
            
        </node>
</delete><create><node lat="7547566" lon="-347762" timestamp="2015-11-13T14:33:13Z" username="Ginge"><tag k="OBJCOD" v="psgiio"/><tag k="catser" v="81"/><tag k="zipcde" v="KY1 2TQ"/><tag k="websit" v="http://dysartsailingclub.com"/><tag k="telnum" v=" "/><tag k="strnam" v="Hot Pot Wynd, Dysart"/><tag k="numvhf" v=" "/><tag k="citynm" v="Kirkcaldy"/><tag k="OBJNAM" v="Dysart Sailing Club"/><tag k="INFORM" v=" "/></node>
</create><create><node lat="7547613" lon="-347772" timestamp="2014-08-12T20:33:20Z" username="Ginge"><tag k="OBJCOD" v="psgiio"/><tag k="catser" v="23"/><tag k="telnum" v="+44 1592 65 60 80"/><tag k="strnam" v="Hot Pot Wynd"/><tag k="stanam" v="Scotland"/><tag k="county" v="Scotland"/><tag k="citynm" v="Dysart"/><tag k="OBJNAM" v="Harbourmasters House Bistro"/><tag k="NATION" v="GB"/>
            
            
            
            
            
            
            
            
            
        </node>
</create><create><node lat="7550874" lon="-344058" timestamp="2015-09-13T01:13:57Z" username="vivacity"><tag k="OBJCOD" v="SMACRA"/><tag k="trnbth" v=" "/><tag k="ofsety" v="0"/><tag k="ofsetx" v="0"/><tag k="numvhf" v=" "/><tag k="maxlen" v=" "/><tag k="dckdph" v=" "/><tag k="ZIPCDE" v=" "/><tag k="WEBSIT" v=" "/><tag k="TELNUM" v=" "/><tag k="STRNAM" v=" "/><tag k="OBJNAM" v="West Wemyss"/><tag k="INFORM" v=" "/><tag k="CITYNM" v=" "/><tag k="CATSMC" v="1"/></node>
</create></bound>