<?xml version="1.0" encoding="UTF-8"?><bound box="7088352,-313098,7107875,-293529"><create><node lat="7090171" lon="-306243" timestamp="2013-09-09T08:48:26Z" username="12"><tag k="OBJCOD" v="gennav"/><tag k="OBJNAM" v="12"/><tag k="INFORM" v="silt bank to port  on entering"/>
            
            
            
        
            
            
            
        </node>
</create><modify><node lat="7090521" lon="-305217" timestamp="2015-08-13T09:14:53Z" username="unclemack"><tag k="OBJCOD" v="SMACRA"/><tag k="ofsety" v="269"/><tag k="ofsetx" v="-294"/><tag k="CATSMC" v="1"/></node>
</modify><create><node lat="7094523" lon="-295749" timestamp="2014-07-08T06:37:35Z" username="seajay"><tag k="OBJCOD" v="BCNSPP"/><tag k="OBJNAM" v="Carinross"/><tag k="COLOUR" v="2"/><tag k="BCNSHP" v="5"/>
            
            
            
            
        </node>
</create></bound>