<?xml version="1.0" encoding="UTF-8"?><bound box="6873620,-293529,6893140,-273961"><create><node lat="6877384" lon="-289000" timestamp="2012-03-03T06:19:43Z" username="eskymo"><tag k="OBJCOD" v="gennav"/><tag k="OBJNAM" v="XB"/>
            
            
        </node>
</create><create><node lat="6877394" lon="-288998" timestamp="2012-07-23T15:59:47Z" username="eskymo"><tag k="OBJCOD" v="gennav"/><tag k="OBJNAM" v="E ( Pylewell -Moore Blatch)"/>
            
            
        </node>
</create></bound>