<?xml version="1.0" encoding="UTF-8"?><bound box="4377280,-410941,4396764,-391372"><modify><node lat="4377357" lon="-400527" timestamp="2014-02-08T00:31:20Z" username="unknown"><tag k="OBJCOD" v="SMACRA"/><tag k="ofsety" v="180"/><tag k="ofsetx" v="288"/><tag k="CATSMC" v="1"/>
            
            
            
            
        </node>
</modify><create><node lat="4377896" lon="-400613" timestamp="2014-04-18T22:05:04Z" username="leoncoloma"><tag k="OBJCOD" v="psgiio"/><tag k="catser" v="24"/><tag k="zipcde" v=" "/><tag k="websit" v=" "/><tag k="telnum" v=" "/><tag k="strnam" v="Almacen"/><tag k="citynm" v="La Guardia"/><tag k="OBJNAM" v="Bar Chelo"/><tag k="INFORM" v="Cerveza fresquita"/>
            
            
            
            
            
            
            
            
            
        </node>
</create><delete><node lat="4377952" lon="-407487" timestamp="2011-05-02T14:41:53Z" username="unknown"><tag k="OBJCOD" v="SMACRA"/><tag k="ofsety" v="216"/><tag k="ofsetx" v="-432"/><tag k="CATSMC" v="1"/>
            
            
            
            
        </node>
</delete><create><node lat="4378101" lon="-407817" timestamp="2012-11-28T21:29:35Z" username="manolo3003"><tag k="OBJCOD" v="SBDARE"/><tag k="NATSUR" v="5"/>
            
            
        </node>
</create><create><node lat="4378102" lon="-407815" timestamp="2012-11-28T22:55:21Z" username="manolo3003"><tag k="OBJCOD" v="SBDARE"/><tag k="NATSUR" v="5"/>
            
            
        </node>
</create><create><node lat="4378126" lon="-392726" timestamp="2015-09-14T13:18:45Z" username="martinmore"><tag k="OBJCOD" v="UWTROC"/><tag k="WATLEV" v="3"/><tag k="VALSOU" v="0,30"/><tag k="OBJNAM" v="Escollera"/><tag k="INFORM" v="Escollera desde la playa hasta la marca especial"/><tag k="DUNITS" v="1"/></node>
</create><create><node lat="4378132" lon="-392728" timestamp="2015-09-14T13:19:51Z" username="martinmore"><tag k="OBJCOD" v="UWTROC"/><tag k="WATLEV" v="3"/><tag k="DUNITS" v="1"/></node>
</create><create><node lat="4378225" lon="-398962" timestamp="2013-07-28T17:13:12Z" username="unknown"><tag k="OBJCOD" v="ACHBRT"/><tag k="OBJNAM" v="Real Club NÃUTICO DE MOTRI"/>
            
            
        </node>
</create><create><node lat="4378245" lon="-407114" timestamp="2013-09-09T12:05:26Z" username="unknown"><tag k="OBJCOD" v="ACHBRT"/><tag k="OBJNAM" v="playa escorpion"/>
            
            
        </node>
</create><create><node lat="4379220" lon="-401760" timestamp="2014-04-18T22:10:57Z" username="leoncoloma"><tag k="OBJCOD" v="psgiio"/><tag k="catser" v="24"/><tag k="zipcde" v=" "/><tag k="websit" v=" "/><tag k="telnum" v=" "/><tag k="strnam" v=" "/><tag k="citynm" v=" "/><tag k="OBJNAM" v="Chelo"/><tag k="INFORM" v=" "/>
            
            
            
            
            
            
            
            
            
        </node>
</create></bound>