<?xml version="1.0" encoding="UTF-8"?><bound box="4825491,-352235,4844982,-332667"><create><node lat="4835947" lon="-345429" timestamp="2012-04-24T00:13:12Z" username="Herrera"><tag k="OBJCOD" v="SMACRA"/><tag k="ofsety" v="0"/><tag k="ofsetx" v="0"/><tag k="ZIPCDE" v="11500"/><tag k="STRNAM" v="Paseo de la Puntilla"/><tag k="OBJNAM" v="Asociacion de pescadores &quot;la rampa&quot;"/><tag k="CITYNM" v="El Puerto de Santa Maria"/><tag k="CATSMC" v="1"/>
            
            
            
            
            
            
            
            
        </node>
</create></bound>