<?xml version="1.0" encoding="UTF-8"?><bound box="6678434,-313098,6697951,-293529"><create><node lat="6681941" lon="-299925" timestamp="2014-06-11T23:49:28Z" username="andybrown43ub"><tag k="OBJCOD" v="BOYSPP"/><tag k="OBJNAM" v="Outfall Bouy"/><tag k="INFORM" v="Portishead cruising club race mark"/><tag k="COLOUR" v="6"/><tag k="BOYSHP" v="5"/>
            
            
            
            
            
        </node>
</create><create><node lat="6684613" lon="-299830" timestamp="2014-04-30T22:49:58Z" username="BeauNidle"><tag k="OBJCOD" v="BOYSPP"/><tag k="OBJNAM" v="Limit"/><tag k="INFORM" v="PCC limit bouy"/><tag k="COLOUR" v="6"/><tag k="BOYSHP" v="5"/>
            
            
            
            
            
        </node>
</create><create><node lat="6684709" lon="-305496" timestamp="2015-10-18T23:23:54Z" username="sea-dog"><tag k="OBJCOD" v="SOUNDG"/><tag k="VALSOU" v=" "/><tag k="DUNITS" v="1"/></node>
</create></bound>