<?xml version="1.0" encoding="UTF-8"?><bound box="5975972,-371804,5995481,-352235"><create><node lat="5978370" lon="-355203" timestamp="2014-02-26T14:51:50Z" username="fbernard"><tag k="OBJCOD" v="SOUNDG"/><tag k="VALSOU" v=" "/><tag k="DUNITS" v="1"/>
            
            
            
        </node>
</create><delete><node lat="5983334" lon="-370063" timestamp="2015-06-28T21:02:56Z" username="barthelemy laurent"><tag k="OBJCOD" v="WRECKS"/></node>
</delete><create><node lat="5983341" lon="-370058" timestamp="2015-06-28T21:02:56Z" username="barthelemy laurent"><tag k="OBJCOD" v="WRECKS"/><tag k="WATLEV" v="3"/><tag k="VALSOU" v="20"/><tag k="QUASOU" v="7"/><tag k="INFORM" v="PD"/><tag k="CATWRK" v="2"/></node>
</create><modify><node lat="5990338" lon="-366391" timestamp="2015-08-09T10:04:09Z" username="ovni"><tag k="OBJCOD" v="BCNISD"/></node>
</modify><create><node lat="5993342" lon="-359000" timestamp="2012-09-04T12:12:44Z" username="darchen"><tag k="OBJCOD" v="BCNLAT"/><tag k="COLOUR" v="4"/><tag k="BCNSHP" v="5"/>
            
            
            
        </node>
</create><modify><node lat="5993726" lon="-366227" timestamp="2013-07-10T10:14:52Z" average_rating="0" rating_count="0" reviews_count="0" username="galode"><tag k="OBJCOD" v="WRECKS"/>
            
        </node>
</modify><create><node lat="5993832" lon="-366047" timestamp="2012-02-24T13:18:33Z" average_rating="0" rating_count="0" reviews_count="0" username="clarkgabble"><tag k="OBJCOD" v="WRECKS"/><tag k="WATLEV" v="3"/><tag k="VERDAT" v="14"/><tag k="QUASOU" v="2"/><tag k="CATWRK" v="2"/>
            
            
            
            
            
        </node>
</create><modify><node lat="5994125" lon="-359332" timestamp="2013-12-13T23:20:35Z" username="tambouille"><tag k="OBJCOD" v="WRECKS"/><tag k="OBJNAM" v="Nann Smith"/><tag k="INFORM" v=" "/><tag k="DUNITS" v="1"/>
            
            
            
            
        </node>
</modify></bound>