<?xml version="1.0" encoding="UTF-8"?><bound box="6483272,-313098,6502787,-293529"><create><node lat="6487829" lon="-307847" timestamp="2015-09-21T09:05:04Z" username="AndrewSCarter"><tag k="OBJCOD" v="WRECKS"/><tag k="VALSOU" v=" "/><tag k="OBJNAM" v="HMS Boadicea"/><tag k="INFORM" v="323ft x 32ft sunk 1944"/><tag k="DUNITS" v="1"/><tag k="CATWRK" v="1"/></node>
</create><modify><node lat="6487858" lon="-307796" timestamp="2012-06-12T19:08:13Z" username="rossc"><tag k="OBJCOD" v="WRECKS"/><tag k="OBJNAM" v="Hms Boadicea"/><tag k="DUNITS" v="1"/>
            
            
            
        </node>
</modify><create><node lat="6488235" lon="-310630" timestamp="2015-09-21T09:18:58Z" username="AndrewSCarter"><tag k="OBJCOD" v="WRECKS"/><tag k="VALSOU" v="52"/><tag k="OBJNAM" v="Gorizia"/><tag k="INFORM" v="1957 tons 249ft x 43ft&#10;sunk 1917"/><tag k="DUNITS" v="1"/><tag k="CATWRK" v="1"/></node>
</create><create><node lat="6490007" lon="-304489" timestamp="2015-09-21T09:00:25Z" username="AndrewSCarter"><tag k="OBJCOD" v="WRECKS"/><tag k="VALSOU" v=" "/><tag k="OBJNAM" v="Blankenburg"/><tag k="INFORM" v="Trawler sunk 1940"/><tag k="DUNITS" v="1"/><tag k="CATWRK" v="1"/></node>
</create><modify><node lat="6492158" lon="-303449" timestamp="2015-09-22T13:55:33Z" username="AndrewSCarter"><tag k="OBJCOD" v="WRECKS"/><tag k="VALSOU" v=" "/><tag k="OBJNAM" v="LST 507"/><tag k="INFORM" v="Tank Landing Ship NE (Stern) - SW"/><tag k="DUNITS" v="1"/></node>
</modify><create><node lat="6494628" lon="-306591" timestamp="2015-09-21T09:02:45Z" username="AndrewSCarter"><tag k="OBJCOD" v="WRECKS"/><tag k="VALSOU" v=" "/><tag k="OBJNAM" v="Ole Lea (ULL)"/><tag k="INFORM" v="168ft x 24ft sunk1917"/><tag k="DUNITS" v="1"/><tag k="CATWRK" v="1"/></node>
</create><create><node lat="6498611" lon="-300017" timestamp="2015-09-21T07:58:58Z" username="AndrewSCarter"><tag k="OBJCOD" v="gennav"/><tag k="OBJNAM" v="Buccaneer"/><tag k="INFORM" v="http://www.divernet.com/wreck-tours/p301655-wreck-tour:-58the-buccaneer.html"/></node>
</create><modify><node lat="6499455" lon="-302745" timestamp="2015-11-04T09:06:50Z" username="KLRNICK"><tag k="OBJCOD" v="WRECKS"/><tag k="OBJNAM" v="Salsette"/><tag k="DUNITS" v="4"/></node>
</modify><modify><node lat="6499497" lon="-302546" timestamp="2012-06-12T19:09:11Z" username="rossc"><tag k="OBJCOD" v="WRECKS"/><tag k="VALSOU" v="44 to sea bed"/><tag k="OBJNAM" v="Salsette"/><tag k="DUNITS" v="1"/>
            
            
            
        
            
            
            
        
            
            
            
        </node>
</modify><create><node lat="6499535" lon="-302596" timestamp="2015-09-22T13:33:57Z" username="AndrewSCarter"><tag k="OBJCOD" v="WRECKS"/><tag k="VALSOU" v=" "/><tag k="OBJNAM" v="Salsette"/><tag k="INFORM" v="440ft x 53ft Liner, sunk in 1917"/><tag k="DUNITS" v="1"/><tag k="CATWRK" v="1"/></node>
</create></bound>