<?xml version="1.0" encoding="UTF-8"?><bound box="6190578,-410941,6210089,-391372"><create><node lat="6190601" lon="-403932" timestamp="2014-04-25T13:29:23Z" username="jmloki"><tag k="OBJCOD" v="SBDARE"/><tag k="NATSUR" v="4;1"/>
            
            
        </node>
</create><modify><node lat="6190711" lon="-404082" timestamp="2014-08-17T06:28:47Z" username="Stuart_Grimwood_4711"><tag k="OBJCOD" v="SBDARE"/>
            
        </node>
</modify><modify><node lat="6193690" lon="-406286" timestamp="2013-05-17T20:06:35Z" username="apzo"><tag k="OBJCOD" v="BOYCAR"/><tag k="INFORM" v=" "/>
            
            
        </node>
</modify><delete><node lat="6194700" lon="-402982" timestamp="2013-05-17T21:10:18Z" username="apzo"><tag k="OBJCOD" v="UWTROC"/>
            
        </node>
</delete><modify><node lat="6196096" lon="-398381" timestamp="2011-10-30T16:06:07Z" average_rating="0" rating_count="0" reviews_count="0" username="vasora 3"><tag k="OBJCOD" v="SMACRA"/><tag k="ofsety" v="-438"/><tag k="ofsetx" v="-175"/><tag k="CATSMC" v="1"/>
            
            
            
            
        </node>
</modify><delete><node lat="6197015" lon="-398048" timestamp="2014-07-26T05:53:38Z" username="abilyg"><tag k="OBJCOD" v="BCNLAT"/>
            
        </node>
</delete><create><node lat="6197225" lon="-396330" timestamp="2012-05-25T08:09:36Z" username="toto72"><tag k="OBJCOD" v="SBDARE"/><tag k="NATSUR" v="4"/>
            
            
        </node>
</create><create><node lat="6197471" lon="-392069" timestamp="2011-05-11T14:45:53Z" username="unknown"><tag k="OBJCOD" v="psgiio"/><tag k="catser" v="131"/><tag k="OBJNAM" v="galoubis"/>
            
            
            
        </node>
</create><create><node lat="6197507" lon="-392162" timestamp="2011-11-05T13:10:16Z" username="Yann22"><tag k="OBJCOD" v="SLCONS"/><tag k="OBJNAM" v="ff"/><tag k="INFORM" v=" "/><tag k="CATSLC" v="12"/>
            
            
            
            
        </node>
</create><create><node lat="6198354" lon="-403753" timestamp="2014-02-01T15:00:08Z" username="unknown"><tag k="OBJCOD" v="hotspt"/><tag k="catspt" v="2"/><tag k="OBJNAM" v="&#xC3;&#x89;&#10;Epave canon&#10;"/><tag k="DUNITS" v="1"/>
            
            
            
            
        
            
            
            
        </node>
</create><create><node lat="6198986" lon="-397568" timestamp="2011-10-15T17:16:08Z" username="unknown"><tag k="OBJCOD" v="hotspt"/><tag k="catspt" v="1"/><tag k="DUNITS" v="1"/>
            
            
            
        </node>
</create><create><node lat="6201666" lon="-409808" timestamp="2014-09-18T18:47:10Z" username="unknown"><tag k="OBJCOD" v="SOUNDG"/><tag k="DUNITS" v="1"/>
            
            
        </node>
</create><create><node lat="6203988" lon="-399129" timestamp="2012-12-18T10:11:24Z" username="Cig"><tag k="OBJCOD" v="psgiio"/><tag k="catser" v="21"/><tag k="OBJNAM" v="Trebeurden Port"/>
            
            
        
            
            
            
        
            
            
            
        </node>
</create><create><node lat="6204303" lon="-399313" timestamp="2015-07-23T00:00:00Z" username="ADAC"><tag k="OBJCOD" v="SMACRA"/><tag k="OBJNAM" v="Port Trébeurden"/><tag k="ofsety" v="10"/><tag k="ofsetx" v="10"/><tag k="CATSMC" v="1"/><tag k="WEBSIT" v="http://www.marinafuehrer.adac.de/haefen/port-trbeurden/"/></node>
</create><create><node lat="6204442" lon="-402014" timestamp="2015-08-05T11:33:47Z" username="gnatsel"><tag k="OBJCOD" v="UWTROC"/><tag k="WATLEV" v="4"/><tag k="VALSOU" v=" "/><tag k="OBJNAM" v=" "/><tag k="INFORM" v=" "/><tag k="DUNITS" v="1"/></node>
</create><create><node lat="6204914" lon="-405063" timestamp="2011-01-09T22:19:41Z"><tag k="OBJCOD" v="UWTROC"/><tag k="WATLEV" v="3"/><tag k="DUNITS" v="1"/>
            
            
            
        </node>
</create><create><node lat="6205071" lon="-408567" timestamp="2011-01-09T22:31:10Z"><tag k="OBJCOD" v="UWTROC"/><tag k="WATLEV" v="4"/><tag k="DUNITS" v="1"/>
            
            
            
        </node>
</create><delete><node lat="6207004" lon="-406671" timestamp="2012-10-04T15:55:09Z" username="alex1979"><tag k="OBJCOD" v="SBDARE"/>
            
        </node>
</delete><create><node lat="6207916" lon="-404838" timestamp="2011-01-09T22:18:04Z"><tag k="OBJCOD" v="UWTROC"/><tag k="WATLEV" v="3"/><tag k="DUNITS" v="1"/>
            
            
            
        </node>
</create><create><node lat="6207932" lon="-402983" timestamp="2011-01-09T22:23:00Z"><tag k="OBJCOD" v="UWTROC"/><tag k="WATLEV" v="3"/><tag k="DUNITS" v="1"/>
            
            
            
        </node>
</create><create><node lat="6208242" lon="-405578" timestamp="2013-06-02T05:48:58Z" username="camillehudelot"><tag k="OBJCOD" v="FSHFAC"/><tag k="OBJNAM" v=" "/><tag k="INFORM" v=" "/>
            
            
            
        </node>
</create><create><node lat="6209019" lon="-397199" timestamp="2011-08-10T08:59:56Z" username="Champo"><tag k="OBJCOD" v="ACHBRT"/><tag k="OBJNAM" v="Plongee"/>
            
            
        </node>
</create><create><node lat="6209808" lon="-406901" timestamp="2011-01-09T22:15:30Z"><tag k="OBJCOD" v="UWTROC"/><tag k="WATLEV" v="3"/><tag k="DUNITS" v="1"/>
            
            
            
        </node>
</create></bound>