<?xml version="1.0" encoding="UTF-8"?><bound box="7010264,-410941,7029786,-391372"><create><node lat="7014092" lon="-399057" timestamp="2012-09-10T15:34:13Z" username="riverboata"><tag k="OBJCOD" v="gennav"/><tag k="OBJNAM" v="Plough"/>
            
            
        </node>
</create><create><node lat="7021231" lon="-405862" timestamp="2015-07-29T15:06:14Z" username="hutty"><tag k="OBJCOD" v="BCNSPP"/><tag k="OBJNAM" v="RF 02"/><tag k="INFORM" v="WIND TURBINE"/><tag k="COLOUR" v="2"/><tag k="BCNSHP" v="5"/></node>
</create><create><node lat="7021537" lon="-406664" timestamp="2015-07-29T13:10:20Z" username="hutty"><tag k="OBJCOD" v="BCNSPP"/><tag k="OBJNAM" v="RF 01"/><tag k="INFORM" v="WIND TURBINE"/><tag k="COLOUR" v="2"/><tag k="BCNSHP" v="5"/></node>
</create><create><node lat="7022274" lon="-395809" timestamp="2014-07-23T13:42:09Z" username="seajay"><tag k="OBJCOD" v="WRECKS"/><tag k="WATLEV" v="3"/><tag k="VALSOU" v="8.50X"/><tag k="QUASOU" v="6"/><tag k="OBJNAM" v="Researgum"/><tag k="INFORM" v=" "/><tag k="DUNITS" v="1"/><tag k="CATWRK" v="1"/>
            
            
            
            
            
            
            
            
        </node>
</create><delete><node lat="7022293" lon="-395818" timestamp="2014-07-23T13:42:09Z" username="seajay"><tag k="OBJCOD" v="WRECKS"/><tag k="VALSOU" v="8.50X"/><tag k="OBJNAM" v="Researgum"/><tag k="INFORM" v=" "/><tag k="DUNITS" v="1"/>
            
            
            
            
            
        
            
            
            
            
        </node>
</delete><modify><node lat="7027191" lon="-400072" timestamp="2014-07-07T15:12:55Z" username="dory blue"><tag k="OBJCOD" v="WRECKS"/><tag k="OBJNAM" v="Ocean monarch"/><tag k="INFORM" v=" "/><tag k="DUNITS" v="1"/>
            
            
            
            
        </node>
</modify><create><node lat="7027316" lon="-399979" timestamp="2012-04-22T21:48:40Z" username="venture"><tag k="OBJCOD" v="WRECKS"/><tag k="OBJNAM" v="Ocean monach"/><tag k="DUNITS" v="1"/><tag k="CATWRK" v="1"/>
            
            
            
            
        </node>
</create><create><node lat="7027317" lon="-399882" timestamp="2011-04-06T18:39:40Z" username="unknown"><tag k="OBJCOD" v="gennav"/><tag k="OBJNAM" v="OWP Gwent y Moore"/>
            
            
        </node>
</create><create><node lat="7027934" lon="-393998" timestamp="2013-07-12T15:34:02Z" username="tobyls"><tag k="OBJCOD" v="ACHBRT"/><tag k="OBJNAM" v="Wind Solution anchorage"/><tag k="INFORM" v="Hotel ship for Gwynt y mor wind farm"/>
            
            
            
        </node>
</create><create><node lat="7029573" lon="-404345" timestamp="2014-09-21T02:26:40Z" username="RToffshore"><tag k="OBJCOD" v="PYLONS"/><tag k="OBJNAM" v="gym L03M"/><tag k="INFORM" v=" "/>
            
            
            
        
            
            
            
        </node>
</create></bound>