<?xml version="1.0" encoding="UTF-8"?><bound box="7498371,-352235,7517898,-332667"><create><node lat="7512363" lon="-341445" timestamp="2015-09-13T08:30:30Z" username="vivacity"><tag k="OBJCOD" v="psgiio"/><tag k="catser" v="81"/><tag k="zipcde" v=" "/><tag k="websit" v="www.fisherrowyachtclub.com"/><tag k="telnum" v=" "/><tag k="strnam" v=" "/><tag k="numvhf" v=" "/><tag k="citynm" v=" "/><tag k="OBJNAM" v="Fisherrow Yacht Club"/><tag k="INFORM" v=" "/></node>
</create><create><node lat="7512412" lon="-341496" timestamp="2015-09-12T22:40:17Z" username="vivacity"><tag k="OBJCOD" v="SMACRA"/><tag k="trnbth" v="Yes 2015 charge £13.55 per night up to 14 nights"/><tag k="ofsety" v="0"/><tag k="ofsetx" v="0"/><tag k="numvhf" v=" "/><tag k="maxlen" v=" "/><tag k="dckdph" v=" "/><tag k="ZIPCDE" v=" "/><tag k="WEBSIT" v=" "/><tag k="TELNUM" v="07776467446"/><tag k="STRNAM" v=" "/><tag k="OBJNAM" v="Fisherrow Harbour - Local Authority"/><tag k="INFORM" v=" "/><tag k="CITYNM" v=" "/><tag k="CATSMC" v="12"/></node>
</create><delete><node lat="7512447" lon="-341578" timestamp="2015-09-12T22:38:24Z" username="vivacity"><tag k="OBJCOD" v="SMACRA"/><tag k="ofsety" v="-517"/><tag k="ofsetx" v="-568"/><tag k="CATSMC" v="1"/></node>
</delete><create><node lat="7513697" lon="-340557" timestamp="2013-05-29T10:49:19Z" username="davidjamesbanks"><tag k="OBJCOD" v="BCNSPP"/><tag k="OBJNAM" v="Fisherrow Yacht Club - East Mark"/><tag k="INFORM" v="Orange Pole"/><tag k="COLOUR" v="2"/><tag k="BCNSHP" v="5"/>
            
            
            
            
        
            
            
        </node>
</create><create><node lat="7513907" lon="-343821" timestamp="2013-05-29T10:50:39Z" username="davidjamesbanks"><tag k="OBJCOD" v="BCNSPP"/><tag k="OBJNAM" v="Fisherrow Yacht Club - West Mark"/><tag k="INFORM" v="Orange Pole"/><tag k="COLOUR" v="2"/><tag k="BCNSHP" v="5"/>
            
            
            
            
            
        </node>
</create><create><node lat="7514304" lon="-346450" timestamp="2012-08-21T12:42:43Z" username="Raj"><tag k="OBJCOD" v="gennav"/><tag k="OBJNAM" v="Portobello"/><tag k="INFORM" v="Nice sandy beach. &#10;Wimpy and playground."/>
            
            
            
        </node>
</create><create><node lat="7514643" lon="-342589" timestamp="2013-05-29T10:49:59Z" username="davidjamesbanks"><tag k="OBJCOD" v="BCNSPP"/><tag k="OBJNAM" v="Fisherrow Yacht Club - North Mark"/><tag k="INFORM" v="Orange Pole"/><tag k="COLOUR" v="2"/><tag k="BCNSHP" v="5"/>
            
            
            
            
            
        </node>
</create></bound>