<?xml version="1.0" encoding="UTF-8"?><bound box="7049308,-410941,7068830,-391372"><create><node lat="7052534" lon="-393862" timestamp="2012-04-22T21:46:32Z" username="venture"><tag k="OBJCOD" v="WRECKS"/><tag k="OBJNAM" v="City of Brussels"/><tag k="DUNITS" v="1"/><tag k="CATWRK" v="1"/>
            
            
            
            
        </node>
</create><modify><node lat="7052700" lon="-393843" timestamp="2014-06-05T21:46:58Z" username="dory blue"><tag k="OBJCOD" v="WRECKS"/><tag k="OBJNAM" v=""/><tag k="INFORM" v=" "/><tag k="DUNITS" v="1"/>
            
            
            
            
        
            
            
            
        </node>
</modify><modify><node lat="7057085" lon="-410940" timestamp="2011-03-29T09:26:07Z" username="unknown"><tag k="OBJCOD" v="OBSTRN"/><tag k="OBJNAM" v="Chagres"/><tag k="INFORM" v="Wreck, seabed 36m"/><tag k="DUNITS" v="1"/>
            
            
            
            
        </node>
</modify><modify><node lat="7066553" lon="-406930" timestamp="2015-05-08T14:22:15Z" username="Candyman1"><tag k="OBJCOD" v="WRECKS"/><tag k="OBJNAM" v="Princess Victoria"/><tag k="DUNITS" v="1"/></node>
</modify></bound>