<?xml version="1.0" encoding="UTF-8"?><bound box="6385701,-332667,6405215,-313098"><create><node lat="6396383" lon="-322840" timestamp="2011-06-14T10:05:44Z" username="unknown"><tag k="OBJCOD" v="gennav"/><tag k="OBJNAM" v="Channel lightship"/>
            
            
        </node>
</create><modify><node lat="6397549" lon="-322377" timestamp="2014-10-24T14:15:42Z" username="adam reeda"><tag k="OBJCOD" v="LITFLT"/><tag k="OBJNAM" v="Channel Lightship"/><tag k="INFORM" v=" "/>
            
            
            
        </node>
</modify><modify><node lat="6397659" lon="-322356" timestamp="2010-12-08T23:31:20Z"><tag k="OBJCOD" v="LITFLT"/><tag k="OBJNAM" v="CHANNEL bateau feux"/>
            
            
        
            
            
        </node>
</modify></bound>