<?xml version="1.0" encoding="UTF-8"?><bound box="5839423,-293529,5858929,-273961"><create><node lat="5840322" lon="-289994" timestamp="2015-04-10T18:28:19Z" username="Raggety"><tag k="OBJCOD" v="WRECKS"/><tag k="VALSOU" v=" "/><tag k="OBJNAM" v="Jumeau 2"/><tag k="INFORM" v="Navi"/><tag k="DUNITS" v="1"/><tag k="CATWRK" v="1"/></node>
</create><create><node lat="5841059" lon="-287723" timestamp="2015-04-10T18:30:21Z" username="Raggety"><tag k="OBJCOD" v="WRECKS"/><tag k="VALSOU" v=" "/><tag k="OBJNAM" v="Jumeau 1"/><tag k="INFORM" v="Navi"/><tag k="DUNITS" v="1"/><tag k="CATWRK" v="1"/></node>
</create></bound>