<?xml version="1.0" encoding="UTF-8"?><bound box="7185967,-332667,7205490,-313098"><create><node lat="7195242" lon="-328147" timestamp="2015-04-06T08:32:48Z" username="Chris Dobson Marine"><tag k="OBJCOD" v="gennav"/><tag k="OBJNAM" v="Tower Wood Pump Out"/><tag k="INFORM" v="Public pump out station. As of 5/4/15 this was free of charge. Pump out facility only. No hose pipe for tank flushing."/></node>
</create><create><node lat="7202824" lon="-326024" timestamp="2011-06-15T19:44:49Z" username="unknown"><tag k="OBJCOD" v="psgiio"/><tag k="catser" v="22"/><tag k="zipcde" v="LA23 3JH"/><tag k="websit" v="http://www.maiden-marine.co.uk"/><tag k="telnum" v="+44 15 39 48 80 50"/><tag k="strnam" v="Ferry Nab"/><tag k="stanam" v="England"/><tag k="e_mail" v="boats@maiden-marine.co.uk"/><tag k="county" v="North"/><tag k="citynm" v="Bowness On Windermere"/><tag k="brands" v="Beneteau"/><tag k="OBJNAM" v="Maiden Marine Ltd Bowness On Windermere"/><tag k="NATION" v="GB"/>
            
            
            
            
            
            
            
            
            
            
            
            
            
        </node>
</create><create><node lat="7203659" lon="-327294" timestamp="2015-04-03T19:37:41Z" username="Chris Dobson Marine"><tag k="OBJCOD" v="WRECKS"/><tag k="OBJNAM" v="Vospa"/><tag k="DUNITS" v="1"/><tag k="CATWRK" v="1"/></node>
</create><create><node lat="7203796" lon="-327294" timestamp="2015-04-06T06:53:15Z" username="Chris Dobson Marine"><tag k="OBJCOD" v="WRECKS"/><tag k="VALSOU" v="14.7"/><tag k="OBJNAM" v="Vospa"/><tag k="INFORM" v="Wreck of Vospa. See DownVision images at www.cdmarine/Windermere.co.uk"/><tag k="DUNITS" v="1"/><tag k="CATWRK" v="1"/></node>
</create></bound>