<?xml version="1.0" encoding="UTF-8"?><bound box="6971222,-469647,6990743,-450078"><delete><node lat="6983452" lon="-468718" timestamp="2015-05-19T04:11:38Z" username="Bobkate"><tag k="OBJCOD" v="LIGHTS"/><tag k="COLOUR" v="1;3"/></node>
</delete><create><node lat="6983498" lon="-468675" timestamp="2015-05-19T04:11:38Z" username="Bobkate"><tag k="OBJCOD" v="LIGHTS"/><tag k="COLOUR" v="1;3"/><tag k="abrchr" v="F WR"/><tag k="LITCHR" v="1"/></node>
</create><create><node lat="6986119" lon="-469206" timestamp="2011-10-19T16:55:26Z" username="rachlousnowboarding"><tag k="OBJCOD" v="hotspt"/><tag k="catspt" v="1"/><tag k="OBJNAM" v="Jetty"/><tag k="DUNITS" v="1"/>
            
            
            
            
        
            
            
        </node>
</create><modify><node lat="6986472" lon="-469216" timestamp="2014-08-03T08:06:03Z" username="opentoall"><tag k="OBJCOD" v="BCNSPP"/><tag k="OBJNAM" v=" "/><tag k="INFORM" v=" "/>
            
            
            
        
            
            
            
        </node>
</modify><create><node lat="6987080" lon="-456019" timestamp="2013-06-09T19:25:34Z" username="unknown"><tag k="OBJCOD" v="SMACRA"/><tag k="trnbth" v="No"/><tag k="ofsety" v="0"/><tag k="ofsetx" v="0"/><tag k="numvhf" v="9"/><tag k="ZIPCDE" v="LL574HN"/><tag k="OBJNAM" v="Port Penrhyn"/><tag k="CITYNM" v="Bangor"/><tag k="CATSMC" v="12"/>
            
            
            
            
            
            
            
            
            
        </node>
</create><modify><node lat="6989553" lon="-464490" timestamp="2015-05-02T21:02:54Z" username="SkipperDave"><tag k="OBJCOD" v="UWTROC"/></node>
</modify><create><node lat="6989611" lon="-464666" timestamp="2013-06-01T19:16:28Z" username="balmesi"><tag k="OBJCOD" v="gennav"/><tag k="OBJNAM" v="Slack Water Transits"/><tag k="INFORM" v="High water slack @ 2hrs 10min before HW Liverpool.&#10;Low water slack @ 4hours after HW Liverpool."/>
            
            
            
        </node>
</create><delete><node lat="6989722" lon="-463129" timestamp="2015-09-11T23:03:04Z" username="cpt pugwash"><tag k="OBJCOD" v="BCNSPP"/></node>
</delete></bound>