<?xml version="1.0" encoding="UTF-8"?><bound box="6171067,-332667,6190578,-313098"><modify><node lat="6175472" lon="-313493" timestamp="2015-07-23T17:09:05Z" username="Petetrin" average_rating="5" reviews_count="1" rating_count="1"><tag k="OBJCOD" v="SMACRA"/><tag k="ofsety" v="0"/><tag k="ofsetx" v="153"/><tag k="CATSMC" v="1"/></node>
</modify><delete><node lat="6182525" lon="-316047" timestamp="2011-04-25T23:08:15Z" username="unknown"><tag k="OBJCOD" v="psgiio"/><tag k="catser" v="22"/>
            
            
        </node>
</delete><modify><node lat="6182808" lon="-314220" timestamp="2012-06-29T10:51:05Z" username="blito"><tag k="OBJCOD" v="SMACRA"/><tag k="ofsety" v="-503"/><tag k="ofsetx" v="-350"/><tag k="CATSMC" v="1"/>
            
            
            
            
        </node>
</modify><create><node lat="6183209" lon="-313336" timestamp="2015-07-23T00:00:00Z" username="ADAC"><tag k="OBJCOD" v="SMACRA"/><tag k="OBJNAM" v="Saint-Quay Port d'Armor"/><tag k="ofsety" v="10"/><tag k="ofsetx" v="10"/><tag k="CATSMC" v="1"/><tag k="WEBSIT" v="http://www.marinafuehrer.adac.de/haefen/saint-quay-port-darmor/"/></node>
</create><create><node lat="6183399" lon="-314212" timestamp="2012-12-18T09:41:09Z" username="Cig"><tag k="OBJCOD" v="psgiio"/><tag k="catser" v="21"/><tag k="OBJNAM" v="St Quay Portrieux - Marina"/>
            
            
            
        
            
            
            
        </node>
</create><modify><node lat="6187633" lon="-313210" timestamp="2014-12-01T22:39:34Z" username="capala"><tag k="OBJCOD" v="BCNCAR"/><tag k="OBJNAM" v="MADEUX"/>
            
            
        </node>
</modify><create><node lat="6188897" lon="-331771" timestamp="2012-07-15T11:12:00Z" username="Mistral"><tag k="OBJCOD" v="SOUNDG"/><tag k="VALSOU" v=" "/><tag k="DUNITS" v="1"/>
            
            
            
        </node>
</create><create><node lat="6190440" lon="-323624" timestamp="2015-11-17T14:39:51Z" username="benjamin1973"><tag k="OBJCOD" v="gennav"/><tag k="OBJNAM" v="maison papi"/><tag k="INFORM" v=" "/></node>
</create></bound>