<?xml version="1.0" encoding="UTF-8"?><bound box="4377280,-352235,4396764,-332667"><create><node lat="4377392" lon="-336094" timestamp="2015-07-27T13:22:45Z" username="javier lorenzo casas"><tag k="OBJCOD" v="BOYLAT"/><tag k="OBJNAM" v="bocana"/><tag k="INFORM" v=" "/><tag k="COLOUR" v="3"/><tag k="BOYSHP" v="1"/></node>
</create><create><node lat="4377757" lon="-336160" timestamp="2015-02-09T14:42:55Z" username="YanaPoch"><tag k="OBJCOD" v="BOYLAT"/><tag k="OBJNAM" v="Limitaci&#xF3;n de Calado"/><tag k="INFORM" v=" "/><tag k="COLOUR" v="3"/><tag k="BOYSHP" v="1"/><slave><tag k="OBJCOD" v="LIGHTS"/><tag k="COLOUR" v="3"/></slave></node>
</create><modify><node lat="4377772" lon="-336116" timestamp="2015-07-17T13:24:46Z" average_rating="0" rating_count="0" reviews_count="0" username="aurelio santo"><tag k="OBJCOD" v="SMACRA"/><tag k="ofsety" v="360"/><tag k="ofsetx" v="-648"/><tag k="TELNUM" v="+34 950403487"/><tag k="SRVLST" v=""/><tag k="CATSMC" v="1"/></node>
</modify><create><node lat="4377772" lon="-336115" timestamp="2013-09-12T11:41:32Z" average_rating="0" rating_count="0" reviews_count="0" username="Pete79"><tag k="OBJCOD" v="SMACRA"/><tag k="open_1" v="YEARROUND"/><tag k="ofsety" v="0"/><tag k="ofsetx" v="0"/><tag k="numvhf" v="9 &amp; 74"/><tag k="dckdph" v="3m"/><tag k="TELNUM" v="+34 950401053"/><tag k="SRVLST" v="168;36;39;122;127"/><tag k="OBJNAM" v="Adra"/><tag k="INFORM" v="5m depth in the Chart guy from the port said only 3"/><tag k="CATSMC" v="1"/>
            
            
            
            
            
            
            
            
            
        
            
            
            
            
            
            
            
            
        </node>
</create><create><node lat="4377922" lon="-334468" timestamp="2015-06-12T14:31:57Z" username="javier lorenzo casas"><tag k="OBJCOD" v="BCNLAT"/><tag k="OBJNAM" v="jj"/><tag k="INFORM" v=" "/><tag k="COLOUR" v="4"/><tag k="BCNSHP" v="5"/></node>
</create><create><node lat="4378016" lon="-336074" timestamp="2011-07-25T12:38:28Z" username="unknown"><tag k="OBJCOD" v="SMACRA"/><tag k="ofsety" v="0"/><tag k="ofsetx" v="0"/><tag k="OBJNAM" v="nuevos pantalanes"/><tag k="CATSMC" v="1"/>
            
            
            
            
            
        </node>
</create><create><node lat="4378039" lon="-336227" timestamp="2015-07-23T00:00:00Z" username="ADAC"><tag k="OBJCOD" v="SMACRA"/><tag k="OBJNAM" v="Puerto Deportivo de Adra"/><tag k="ofsety" v="10"/><tag k="ofsetx" v="10"/><tag k="CATSMC" v="1"/><tag k="WEBSIT" v="http://www.marinafuehrer.adac.de/haefen/puerto-deportivo-de-adra/"/></node>
</create><create><node lat="4378211" lon="-336239" timestamp="2015-07-23T00:00:00Z" username="ADAC"><tag k="OBJCOD" v="SMACRA"/><tag k="OBJNAM" v="Real Club Nàutico de Adra"/><tag k="ofsety" v="10"/><tag k="ofsetx" v="10"/><tag k="CATSMC" v="1"/><tag k="WEBSIT" v="http://www.marinafuehrer.adac.de/haefen/real-club-nautico-de-adra/"/></node>
</create><create><node lat="4378214" lon="-341873" timestamp="2013-06-25T22:41:49Z" username="agrologika"><tag k="OBJCOD" v="gennav"/><tag k="OBJNAM" v=""/><tag k="INFORM" v=" "/>
            
            
        
            
            
            
        </node>
</create><create><node lat="4378366" lon="-336196" timestamp="2013-07-24T05:27:55Z" username="unknown"><tag k="OBJCOD" v="gennav"/><tag k="OBJNAM" v="Pantalan"/><tag k="INFORM" v="Real Club Nautico de Adra"/>
            
            
            
        </node>
</create><create><node lat="4378375" lon="-349155" timestamp="2014-11-06T03:18:45Z" username="unknown"><tag k="OBJCOD" v="BOYLAT"/><tag k="OBJNAM" v="mina"/><tag k="COLOUR" v="4"/><tag k="BOYSHP" v="2"/>
            
            
            
            
        </node>
</create><create><node lat="4378491" lon="-337194" timestamp="2013-07-23T22:19:58Z" username="unknown"><tag k="OBJCOD" v="gennav"/><tag k="OBJNAM" v="Casa"/><tag k="INFORM" v="C/. Fabricas 82"/>
            
            
            
        </node>
</create><create><node lat="4378939" lon="-337331" timestamp="2013-06-25T22:37:21Z" username="agrologika"><tag k="OBJCOD" v="gennav"/><tag k="OBJNAM" v="Faro adra"/><tag k="INFORM" v="Ocultaciones"/>
            
            
            
        </node>
</create></bound>