<?xml version="1.0" encoding="UTF-8"?><bound box="5410355,-430510,5429855,-410941"><create><node lat="5411096" lon="-419434" timestamp="2011-12-26T22:45:46Z" username="andaya123"><tag k="OBJCOD" v="BCNSPP"/><tag k="OBJNAM" v="Boya"/><tag k="COLOUR" v="2"/><tag k="BCNSHP" v="5"/>
            
            
            
            
        </node>
</create><create><node lat="5413552" lon="-417880" timestamp="2015-08-02T17:17:06Z" username="onchi"><tag k="OBJCOD" v="BOYSPP"/><tag k="OBJNAM" v="Boja meteorologica AGL"/><tag k="COLOUR" v="6"/><tag k="BOYSHP" v="5"/></node>
</create></bound>