<?xml version="1.0" encoding="UTF-8"?><bound box="6678434,-332667,6697951,-313098"><modify><node lat="6682016" lon="-331277" timestamp="2015-09-25T08:59:15Z" username="'"><tag k="OBJCOD" v="BOYSPP"/><tag k="INFORM" v="Dim"/></node>
</modify><delete><node lat="6686095" lon="-330635" timestamp="2011-02-19T21:12:56Z" username="unknown"><tag k="OBJCOD" v="SMACRA"/><tag k="ofsety" v="-29"/><tag k="ofsetx" v="221"/><tag k="CATSMC" v="1"/>
            
            
            
            
        </node>
</delete><create><node lat="6696001" lon="-331919" timestamp="2012-12-02T19:27:19Z" username="nmsalt"><tag k="OBJCOD" v="OBSTRN"/><tag k="OBJNAM" v="Large tree trunk"/><tag k="INFORM" v="Portside archway travelling upriver, use archway to starboard"/><tag k="DUNITS" v="1"/>
            
            
            
            
        
            
            
            
        </node>
</create></bound>