<?xml version="1.0" encoding="UTF-8"?><bound box="6619883,-391372,6639400,-371804"><modify><node lat="6625498" lon="-386607" timestamp="2014-07-06T15:35:04Z" username="mark nightingale"><tag k="OBJCOD" v="SMACRA"/><tag k="ofsety" v="-554"/><tag k="ofsetx" v="-461"/><tag k="CATSMC" v="1"/>
            
            
            
            
        </node>
</modify><modify><node lat="6625939" lon="-386581" timestamp="2015-08-16T14:48:32Z" username="saillikeawinner"><tag k="OBJCOD" v="LIGHTS"/><tag k="COLOUR" v="4"/><tag k="OBJNAM" v="Minehead Harbour"/><tag k="INFORM" v="Flashing Green 2 @5s"/></node>
</modify><create><node lat="6626079" lon="-386720" timestamp="2014-05-25T11:48:04Z" username="saillikeawinner"><tag k="OBJCOD" v="SMACRA"/><tag k="trnbth" v=" "/><tag k="ofsety" v="0"/><tag k="ofsetx" v="0"/><tag k="numvhf" v=" "/><tag k="maxlen" v=" "/><tag k="dckdph" v=" "/><tag k="ZIPCDE" v=" "/><tag k="WEBSIT" v=" "/><tag k="TELNUM" v=" "/><tag k="STRNAM" v=" "/><tag k="SRVLST" v="167"/><tag k="OBJNAM" v="Minehead Sailing and Watersports Club"/><tag k="INFORM" v=" "/><tag k="CITYNM" v=" "/><tag k="CATSMC" v="1"/>
            
            
            
            
            
            
        
            
            
            
            
            
            
            
            
            
            
            
            
            
            
            
            
        </node>
</create><modify><node lat="6626385" lon="-386730" timestamp="2013-03-01T17:30:15Z" username="saillikeawinner"><tag k="OBJCOD" v="BCNSPP"/><tag k="OBJNAM" v="Old pier"/><tag k="INFORM" v="Not lit and not easily seen."/>
            
            
            
        </node>
</modify><delete><node lat="6627974" lon="-385180" timestamp="2014-05-25T10:56:05Z" username="saillikeawinner"><tag k="OBJCOD" v="BOYSPP"/>
            
        </node>
</delete><create><node lat="6637227" lon="-374048" timestamp="2012-11-15T18:06:55Z" username="shearwater of mumbles"><tag k="OBJCOD" v="SOUNDG"/><tag k="VALSOU" v="10"/><tag k="DUNITS" v="1"/>
            
            
            
        </node>
</create></bound>