<?xml version="1.0" encoding="UTF-8"?><bound box="8123338,-332667,8142871,-313098"><create><node lat="8140623" lon="-329491" timestamp="2015-11-09T18:14:13Z" username="Shb "><tag k="OBJCOD" v="SLCONS"/><tag k="OBJNAM" v="Corn Slip"/><tag k="INFORM" v="Cobbled mid to high tide slipway."/><tag k="CATSLC" v="12"/></node>
</create><create><node lat="8141204" lon="-329304" timestamp="2014-08-01T10:12:19Z" username="andaxi"><tag k="OBJCOD" v="SMACRA"/><tag k="trnbth" v="20"/><tag k="ofsety" v="0"/><tag k="ofsetx" v="0"/><tag k="numvhf" v="14"/><tag k="maxlen" v="20M"/><tag k="dckdph" v=" "/><tag k="ZIPCDE" v=" "/><tag k="WEBSIT" v="http://www.orkneymarinas.co.uk/"/><tag k="TELNUM" v="07810465835"/><tag k="STRNAM" v=" "/><tag k="SRVLST" v="28;122;127;125;130;126;47"/><tag k="OBJNAM" v="Kirkwall Marina"/><tag k="INFORM" v=" "/><tag k="CITYNM" v="Kirkwall"/><tag k="CATSMC" v="1"/>
            
            
            
            
            
            
            
            
            
            
            
            
        
            
            
            
            
            
            
            
            
            
            
            
            
            
            
            
            
        </node>
</create><modify><node lat="8141375" lon="-329419" timestamp="2015-11-09T18:11:54Z" username="Shb "><tag k="OBJCOD" v="SMACRA"/><tag k="trnbth" v="1"/><tag k="ofsety" v="56"/><tag k="ofsetx" v="169"/><tag k="numvhf" v="12"/><tag k="maxlen" v=" "/><tag k="dckdph" v=" "/><tag k="ZIPCDE" v="KW16 3BU"/><tag k="WEBSIT" v="http://www.orkneymarinas.co.uk/our-marinas/kirkwall-marina"/><tag k="TELNUM" v="+44 1856852888"/><tag k="STRNAM" v="126 Victoria Street"/><tag k="SRVLST" v=""/><tag k="OBJNAM" v="Kirkwall"/><tag k="INFORM" v=" "/><tag k="CITYNM" v="Stromness"/><tag k="CATSMC" v="1"/></node>
</modify></bound>