<?xml version="1.0" encoding="UTF-8"?><bound box="6014989,-469647,6034498,-450078"><create><node lat="6019418" lon="-452524" timestamp="2013-08-17T09:10:23Z" username="glenan29"><tag k="OBJCOD" v="FSHFAC"/><tag k="OBJNAM" v="bar poisson de poste"/>
            
            
        </node>
</create><create><node lat="6028751" lon="-452851" timestamp="2013-08-17T09:04:22Z" username="glenan29"><tag k="OBJCOD" v="FSHFAC"/><tag k="OBJNAM" v="bars"/><tag k="INFORM" v="grosse houle d'ouest"/>
            
            
            
        </node>
</create><create><node lat="6031230" lon="-467918" timestamp="2013-06-24T11:34:54Z" username="unknown"><tag k="OBJCOD" v="hotspt"/><tag k="catspt" v="1"/><tag k="DUNITS" v="1"/>
            
            
            
        </node>
</create><create><node lat="6031254" lon="-467966" timestamp="2013-06-24T11:34:22Z" username="unknown"><tag k="OBJCOD" v="SBDARE"/><tag k="NATSUR" v="9"/>
            
            
        </node>
</create><modify><node lat="6033051" lon="-451993" timestamp="2014-07-12T12:50:46Z" username="tflora"><tag k="OBJCOD" v="WRECKS"/><tag k="VALSOU" v="30.50"/><tag k="OBJNAM" v="Alja"/><tag k="INFORM" v=" "/><tag k="DUNITS" v="1"/>
            
            
            
            
            
        
            
            
            
            
            
        </node>
</modify></bound>