<?xml version="1.0" encoding="UTF-8"?><bound box="5956464,-332667,5975972,-313098"><create><node lat="5959705" lon="-319752" timestamp="2011-03-05T19:20:13Z" username="unknown"><tag k="OBJCOD" v="hotspt"/><tag k="catspt" v="1"/><tag k="DUNITS" v="1"/>
            
            
            
        </node>
</create><create><node lat="5960319" lon="-314826" timestamp="2012-11-08T21:31:57Z" username="unknown"><tag k="OBJCOD" v="ACHBRT"/><tag k="OBJNAM" v="penerf"/>
            
            
        </node>
</create><create><node lat="5961197" lon="-321289" timestamp="2011-03-05T20:17:42Z" username="unknown"><tag k="OBJCOD" v="hotspt"/><tag k="catspt" v="1"/><tag k="DUNITS" v="1"/>
            
            
            
        </node>
</create><create><node lat="5961198" lon="-320412" timestamp="2011-03-05T20:18:49Z" username="unknown"><tag k="OBJCOD" v="hotspt"/><tag k="catspt" v="1"/><tag k="DUNITS" v="1"/>
            
            
            
        </node>
</create><create><node lat="5961507" lon="-317036" timestamp="2011-03-05T20:23:05Z" username="unknown"><tag k="OBJCOD" v="hotspt"/><tag k="catspt" v="1"/><tag k="DUNITS" v="1"/>
            
            
            
        </node>
</create><create><node lat="5962396" lon="-314441" timestamp="2011-03-05T20:23:46Z" username="unknown"><tag k="OBJCOD" v="hotspt"/><tag k="catspt" v="1"/><tag k="DUNITS" v="1"/>
            
            
            
        </node>
</create><modify><node lat="5962440" lon="-315534" timestamp="2014-08-16T06:52:58Z" username="MIAUX"><tag k="OBJCOD" v="WRECKS"/><tag k="VALSOU" v="20"/><tag k="OBJNAM" v="&#xC9;glantine"/><tag k="INFORM" v="Chalutier ( 1973 )"/><tag k="DUNITS" v="1"/>
            
            
            
            
            
        </node>
</modify><create><node lat="5962588" lon="-315414" timestamp="2014-03-06T07:29:19Z" username="ricore50g"><tag k="OBJCOD" v="WRECKS"/><tag k="WATLEV" v="3"/><tag k="VALSOU" v="20"/><tag k="QUASOU" v="2"/><tag k="OBJNAM" v="Églantine"/><tag k="INFORM" v="Chalutier ( 1973 )"/><tag k="DUNITS" v="1"/><tag k="CATWRK" v="2"/>
            
            
            
            
            
            
            
            
        </node>
</create><create><node lat="5963127" lon="-329014" timestamp="2013-07-08T07:44:16Z" username="unknown"><tag k="OBJCOD" v="BOYSPP"/><tag k="OBJNAM" v="BouÃ©e C"/><tag k="COLOUR" v="6"/><tag k="BOYSHP" v="5"/>
            
            
            
            
        </node>
</create><modify><node lat="5963328" lon="-315584" timestamp="2014-12-27T21:12:17Z" username="Somio"><tag k="OBJCOD" v="LIGHTS"/><tag k="COLOUR" v="1"/><tag k="OBJNAM" v="phare des grands cardinaux 4Fl 15s 12nm"/><tag k="INFORM" v="bien d&#xE9;border au sud est et est"/>
            
            
            
            
        
            
            
            
            
        
            
            
            
        
            
            
            
        </node>
</modify><modify><node lat="5963345" lon="-315563" timestamp="2014-07-08T19:55:12Z" username="vallaghe paul"><tag k="OBJCOD" v="LIGHTS"/><tag k="COLOUR" v="1"/><tag k="OBJNAM" v="Grogu&#xC3;&#xA9;guez"/><tag k="INFORM" v="Phare&#10;FI(4)15s28m13M"/>
            
            
            
            
        
            
            
            
        
            
            
        
            
            
            
        </node>
</modify><create><node lat="5963476" lon="-318450" timestamp="2011-03-05T20:20:56Z" username="unknown"><tag k="OBJCOD" v="hotspt"/><tag k="catspt" v="1"/><tag k="DUNITS" v="1"/>
            
            
            
        </node>
</create><create><node lat="5964207" lon="-313780" timestamp="2011-06-09T19:47:39Z" username="unknown"><tag k="OBJCOD" v="WRECKS"/><tag k="WATLEV" v="3"/><tag k="VERDAT" v="27"/><tag k="CATWRK" v="2"/>
            
            
            
            
        </node>
</create><create><node lat="5964482" lon="-315669" timestamp="2010-12-02T19:04:21Z"><tag k="OBJCOD" v="hotspt"/><tag k="catspt" v="1"/><tag k="DUNITS" v="1"/>
            
            
            
        </node>
</create><create><node lat="5965072" lon="-321508" timestamp="2011-09-16T07:10:06Z" username="unknown"><tag k="OBJCOD" v="BOYISD"/><tag k="abrchr" v="BRB"/><tag k="OBJNAM" v="L'EPIEU"/><tag k="COLPAT" v="1"/><tag k="COLOUR" v="2;3;2"/><tag k="BOYSHP" v="5"/>
            
            
            
            
            
            
            <slave>
                <tag k="OBJCOD" v="TOPMAR"/>
                <tag k="abrchr" v="BRB"/>
                <tag k="COLOUR" v="2"/>
                <tag k="TOPSHP" v="4"/>
            </slave>
        </node>
</create><create><node lat="5965366" lon="-316220" timestamp="2010-12-02T19:10:48Z"><tag k="OBJCOD" v="hotspt"/><tag k="catspt" v="1"/><tag k="DUNITS" v="1"/>
            
            
            
        </node>
</create><modify><node lat="5965869" lon="-332623" timestamp="2015-08-16T07:57:03Z" username="PLP"><tag k="OBJCOD" v="WRECKS"/><tag k="VALSOU" v="30"/><tag k="OBJNAM" v="Charbonnier"/><tag k="INFORM" v="Longueur 20m"/><tag k="DUNITS" v="1"/></node>
</modify><create><node lat="5966160" lon="-319860" timestamp="2015-08-28T05:33:55Z" username="bil56"><tag k="OBJCOD" v="gennav"/><tag k="OBJNAM" v="fort"/><tag k="INFORM" v=" "/></node>
</create><modify><node lat="5967040" lon="-320082" timestamp="2013-05-01T08:30:02Z" username="philgrove"><tag k="OBJCOD" v="SOUNDG"/>
            
        </node>
</modify><modify><node lat="5967077" lon="-319931" timestamp="2015-08-28T06:32:15Z" username="bil56"><tag k="OBJCOD" v="SMACRA"/><tag k="trnbth" v="3 tonnes m&#xE9;talliques, amarrage en &#xE9;toile"/><tag k="ofsety" v="-240"/><tag k="ofsetx" v="-270"/><tag k="numvhf" v="09"/><tag k="maxlen" v=" "/><tag k="dckdph" v=" "/><tag k="ZIPCDE" v=" "/><tag k="WEBSIT" v=" "/><tag k="TELNUM" v=" "/><tag k="STRNAM" v=" "/><tag k="OBJNAM" v="Port De I'Argol"/><tag k="INFORM" v=" "/><tag k="CITYNM" v=" "/><tag k="CATSMC" v="1"/></node>
</modify><create><node lat="5967122" lon="-323410" timestamp="2011-05-04T09:48:16Z" username="deshayes"><tag k="OBJCOD" v="hotspt"/><tag k="catspt" v="1"/><tag k="DUNITS" v="1"/>
            
            
            
        </node>
</create><modify><node lat="5967123" lon="-320011" timestamp="2013-05-20T07:58:17Z" username="philgrove"><tag k="OBJCOD" v="LIGHTS"/><tag k="COLOUR" v="4"/><tag k="OBJNAM" v="Argol"/><tag k="INFORM" v="Port de l'Argol"/>
            
            
            
        
            
            
            
        
            
            
            
        </node>
</modify><modify><node lat="5967936" lon="-319323" timestamp="2014-10-01T12:47:25Z" username="plouc mousse"><tag k="OBJCOD" v="BCNCAR"/><tag k="OBJNAM" v="Cardinale nord"/><tag k="INFORM" v="Passer au nord de la balise"/>
            
            
        
            
            
            
        </node>
</modify><create><node lat="5969099" lon="-330561" timestamp="2013-08-20T09:57:24Z" username="Juluan"><tag k="OBJCOD" v="gennav"/><tag k="OBJNAM" v="Île aux Cheveaux"/>
            
            
        </node>
</create><modify><node lat="5969255" lon="-326675" timestamp="2013-04-20T15:01:41Z" username="philgrove"><tag k="OBJCOD" v="UWTROC"/>
            
        </node>
</modify><modify><node lat="5971645" lon="-325351" timestamp="2010-10-08T18:40:06Z"><tag k="OBJCOD" v="UWTROC"/>
            
        </node>
</modify><modify><node lat="5973328" lon="-329448" timestamp="2015-02-24T18:38:07Z" username="kjatullett"><tag k="OBJCOD" v="WRECKS"/></node>
</modify><create><node lat="5973385" lon="-329623" timestamp="2014-09-05T19:42:29Z" username="Arnaud Bouquin"><tag k="OBJCOD" v="WRECKS"/><tag k="WATLEV" v="3"/><tag k="QUASOU" v="2"/><tag k="INFORM" v="PD"/><tag k="CATWRK" v="2"/>
            
            
            
            
            
        </node>
</create><modify><node lat="5975039" lon="-329002" timestamp="2011-03-12T11:06:21Z" username="unknown"><tag k="OBJCOD" v="LIGHTS"/><tag k="COLOUR" v="1"/><tag k="OBJNAM" v="St. Gildes"/>
            
            
            
        </node>
</modify></bound>