<?xml version="1.0" encoding="UTF-8"?><bound box="6190578,-450078,6210089,-430510"><create><node lat="6190940" lon="-438742" timestamp="2012-10-18T11:54:02Z" username="bomatt"><tag k="OBJCOD" v="hotspt"/><tag k="catspt" v="1"/><tag k="OBJNAM" v="BASS"/><tag k="DUNITS" v="1"/>
            
            
            
            
        </node>
</create><create><node lat="6191736" lon="-442650" timestamp="2012-10-17T11:08:22Z" username="matt29"><tag k="OBJCOD" v="rutmrk"/><tag k="catmrk" v="1"/><tag k="OBJNAM" v="Départ OBR"/><tag k="INFORM" v=" "/>
            
            
            
            
        </node>
</create><create><node lat="6191979" lon="-443788" timestamp="2012-09-11T22:35:21Z" username="PINKFLOYD"><tag k="OBJCOD" v="FSHFAC"/><tag k="OBJNAM" v="Duons"/>
            
            
        </node>
</create><create><node lat="6191979" lon="-443785" timestamp="2012-09-11T22:32:02Z" username="PINKFLOYD"><tag k="OBJCOD" v="FSHFAC"/><tag k="OBJNAM" v="Duons"/>
            
            
        </node>
</create><create><node lat="6192088" lon="-438836" timestamp="2012-10-18T11:52:19Z" username="bomatt"><tag k="OBJCOD" v="hotspt"/><tag k="catspt" v="1"/><tag k="OBJNAM" v="BASS"/><tag k="DUNITS" v="1"/>
            
            
            
            
        </node>
</create><create><node lat="6192116" lon="-438861" timestamp="2012-10-18T11:51:44Z" username="bomatt"><tag k="OBJCOD" v="hotspt"/><tag k="catspt" v="1"/><tag k="DUNITS" v="1"/>
            
            
            
        </node>
</create><modify><node lat="6192123" lon="-438923" timestamp="2012-09-28T20:00:23Z" username="gcledic"><tag k="OBJCOD" v="BCNLAT"/><tag k="OBJNAM" v="BAR LEDAN"/>
            
            
        </node>
</modify><create><node lat="6192245" lon="-442620" timestamp="2012-11-03T11:15:43Z" username="unknown"><tag k="OBJCOD" v="SLCONS"/><tag k="OBJNAM" v="cale"/><tag k="CATSLC" v="12"/>
            
            
            
        </node>
</create><create><node lat="6192604" lon="-439895" timestamp="2012-10-19T15:04:23Z" username="matt29"><tag k="OBJCOD" v="hotspt"/><tag k="catspt" v="1"/><tag k="VALSOU" v=" "/><tag k="OBJNAM" v=" "/><tag k="INFORM" v=" "/><tag k="DUNITS" v="1"/>
            
            
            
            
            
            
        </node>
</create><create><node lat="6193445" lon="-442400" timestamp="2013-11-03T14:46:49Z" username="Leeoneal"><tag k="OBJCOD" v="gennav"/><tag k="OBJNAM" v="Zone de corps morts"/><tag k="INFORM" v="Grande Grève à Roscoff"/>
            
            
            
        </node>
</create><create><node lat="6193876" lon="-447850" timestamp="2013-08-25T18:49:44Z" username="bayou44"><tag k="OBJCOD" v="gennav"/><tag k="OBJNAM" v="Zone de pêche rene"/>
            
            
        </node>
</create><create><node lat="6193943" lon="-438472" timestamp="2013-03-18T13:36:23Z" username="genaro "><tag k="OBJCOD" v="DISMAR"/><tag k="OBJNAM" v="marque distance"/><tag k="INFORM" v=" "/>
            
            
            
        </node>
</create><create><node lat="6194924" lon="-441645" timestamp="2013-04-09T07:41:14Z" username="lm"><tag k="OBJCOD" v="psgiio"/><tag k="catser" v="2"/><tag k="zipcde" v="29680"/><tag k="websit" v="cn-roscoff.com"/><tag k="telnum" v="06 25 62 04 01"/><tag k="strnam" v="Port de plaisance du Boscon"/><tag k="citynm" v="Roscoff"/><tag k="OBJNAM" v="Chantier Naval Roscoff"/>
            
            
            
            
            
            
            
            
        </node>
</create><create><node lat="6194947" lon="-441395" timestamp="2014-09-23T23:25:52Z" username="Wingco_jules"><tag k="OBJCOD" v="gennav"/><tag k="OBJNAM" v="Roscoff marina"/><tag k="INFORM" v="Tide runs strongly through this marina, so approach slowly and if necessary choose a finger on the southern side of the pontoon"/>
            
            
            
        </node>
</create><create><node lat="6194964" lon="-441605" timestamp="2014-07-17T18:33:40Z" username="froy56"><tag k="OBJCOD" v="BCNCAR"/><tag k="OBJNAM" v="Le minque"/><tag k="INFORM" v="001"/><tag k="COLOUR" v="2;6"/><tag k="CATCAM" v="1"/><tag k="BCNSHP" v="5"/>
            
            
            
            
            
            
            <slave>
                <tag k="OBJCOD" v="TOPMAR"/>
                <tag k="TOPSHP" v="13"/>
            </slave>
        </node>
</create><create><node lat="6195028" lon="-441414" timestamp="2013-07-14T18:26:52Z" username="hansvb"><tag k="OBJCOD" v="SMACRA"/><tag k="open_1" v="YEARROUND"/><tag k="ofsety" v="0"/><tag k="ofsetx" v="0"/><tag k="monvhf" v="12"/><tag k="TELNUM" v="+33 298 612 784"/><tag k="SRVLST" v="168;36;39"/><tag k="OBJNAM" v="Roscoff - Bloscon"/><tag k="CATSMC" v="1"/>
            
            
            
            
            
            
            
            
            
        </node>
</create><create><node lat="6195063" lon="-441490" timestamp="2012-12-18T10:13:29Z" username="Cig"><tag k="OBJCOD" v="psgiio"/><tag k="catser" v="21"/><tag k="OBJNAM" v="Bloscon - Marina"/>
            
            
            
        </node>
</create><delete><node lat="6195141" lon="-436893" timestamp="2013-05-01T09:08:17Z" username="unknown"><tag k="OBJCOD" v="SBDARE"/>
            
        </node>
</delete><create><node lat="6195272" lon="-440358" timestamp="2012-03-13T10:02:45Z" username="mmacchia"><tag k="OBJCOD" v="BOYLAT"/><tag k="OBJNAM" v="test green"/><tag k="INFORM" v=" "/><tag k="COLOUR" v="4"/><tag k="BOYSHP" v="2"/>
            
            
            
            
            
        </node>
</create><create><node lat="6195429" lon="-440171" timestamp="2012-03-02T16:55:21Z" username="mmacchia"><tag k="OBJCOD" v="gennav"/><tag k="OBJNAM" v="test xoom"/><tag k="INFORM" v=" "/>
            
            
            
        </node>
</create><create><node lat="6195438" lon="-441150" timestamp="2012-03-13T09:53:18Z" username="mmacchia"><tag k="OBJCOD" v="BOYLAT"/><tag k="OBJNAM" v="test dedo 2"/><tag k="INFORM" v=" "/><tag k="COLOUR" v="4"/><tag k="BOYSHP" v="2"/>
            
            
            
            
            
        </node>
</create><create><node lat="6195442" lon="-441236" timestamp="2012-03-02T14:02:11Z" username="mmacchia"><tag k="OBJCOD" v="BOYLAT"/><tag k="OBJNAM" v="test 2"/><tag k="INFORM" v=" "/><tag k="COLOUR" v="4"/><tag k="BOYSHP" v="2"/>
            
            
            
            
            
        </node>
</create><create><node lat="6195450" lon="-441236" timestamp="2012-03-02T13:59:13Z" username="mmacchia"><tag k="OBJCOD" v="hotspt"/><tag k="catspt" v="1"/><tag k="VALSOU" v=" "/><tag k="OBJNAM" v="test"/><tag k="INFORM" v=" "/><tag k="DUNITS" v="1"/>
            
            
            
            
            
            
        </node>
</create><create><node lat="6195464" lon="-441201" timestamp="2012-03-02T16:08:30Z" username="mmacchia"><tag k="OBJCOD" v="hotspt"/><tag k="catspt" v="1"/><tag k="VALSOU" v=" "/><tag k="OBJNAM" v="Test spot"/><tag k="INFORM" v="Info"/><tag k="DUNITS" v="1"/>
            
            
            
            
            
            
        </node>
</create><create><node lat="6195465" lon="-441224" timestamp="2012-03-02T15:45:31Z" username="mmacchia"><tag k="OBJCOD" v="gennav"/><tag k="OBJNAM" v="dedo test 3"/><tag k="INFORM" v=" "/>
            
            
            
        </node>
</create><create><node lat="6195471" lon="-441197" timestamp="2012-03-02T17:02:13Z" username="mmacchia"><tag k="OBJCOD" v="gennav"/><tag k="OBJNAM" v="test store"/><tag k="INFORM" v=" "/>
            
            
            
        </node>
</create><create><node lat="6195478" lon="-441147" timestamp="2012-03-13T09:57:11Z" average_rating="0" rating_count="0" reviews_count="0" username="mmacchia"><tag k="OBJCOD" v="psgiio"/><tag k="catser" v="23"/><tag k="zipcde" v="29680"/><tag k="telnum" v="+33 2 98 69 75 84"/><tag k="strnam" v="Port Du Bloscon"/><tag k="citynm" v="Roscoff"/><tag k="OBJNAM" v="Restaurant Le Hublot"/><tag k="NATION" v="FR"/>
            
            
            
            
            
            
            
            
        </node>
</create><create><node lat="6195495" lon="-441189" timestamp="2012-03-13T15:59:13Z" username="ste1"><tag k="OBJCOD" v="gennav"/><tag k="OBJNAM" v="nice place"/><tag k="INFORM" v=" "/>
            
            
            
        
            
            
            
        </node>
</create><create><node lat="6195497" lon="-441199" timestamp="2012-03-02T16:52:31Z" username="enniz"><tag k="OBJCOD" v="gennav"/><tag k="OBJNAM" v="Dedo iPad"/>
            
            
        </node>
</create><create><node lat="6195498" lon="-441191" timestamp="2012-03-02T17:04:59Z" username="mmacchia"><tag k="OBJCOD" v="gennav"/><tag k="OBJNAM" v="test store"/><tag k="INFORM" v=" "/>
            
            
            
        </node>
</create><modify><node lat="6195499" lon="-441022" timestamp="2011-01-13T15:53:13Z"><tag k="OBJCOD" v="LIGHTS"/><tag k="COLOUR" v="4"/>
            
            
        </node>
</modify><delete><node lat="6195504" lon="-441228" timestamp="2013-07-14T18:26:52Z" username="hansvb"><tag k="OBJCOD" v="SMACRA"/><tag k="trnbth" v="50 (total 625 total"/><tag k="ofsety" v="-109"/><tag k="ofsetx" v="-438"/><tag k="numvhf" v="Bureau du port channel 9"/><tag k="maxlen" v="published prices for &lt; 26m"/><tag k="dckdph" v=" "/><tag k="ZIPCDE" v="29680"/><tag k="WEBSIT" v="plaisance.roscoff@morlaix.cci.fr"/><tag k="TELNUM" v="+33 298 797949"/><tag k="STRNAM" v=" "/><tag k="SRVLST" v="168;36;39;29;28;127;49;126;122;130;125;47"/><tag k="OBJNAM" v="Roscoff - Le Bloscon, Port de Plaisance."/><tag k="INFORM" v="Shore facilities will be  completed June 2013. Wheelchair access to pontoons by lift and 13 pontoons adapted for sailors who are restricted in mobility . Free WiFi will be available 2013. Fax +33 298 797 949"/><tag k="CITYNM" v="Roscoff"/><tag k="CATSMC" v="1"/>
            
            
            
            
        
            
            
            
            
            
            
            
            
            
            
            
            
            
            
            
            
        </node>
</delete><create><node lat="6195504" lon="-441184" timestamp="2012-03-02T14:08:16Z" username="fast3r"><tag k="OBJCOD" v="gennav"/><tag k="OBJNAM" v="Test note"/><tag k="INFORM" v=" "/>
            
            
            
        </node>
</create><create><node lat="6195508" lon="-441158" timestamp="2012-03-13T09:52:48Z" username="mmacchia"><tag k="OBJCOD" v="gennav"/><tag k="OBJNAM" v="test dedo"/><tag k="INFORM" v=" "/>
            
            
            
        </node>
</create><create><node lat="6195520" lon="-441187" timestamp="2012-03-13T14:34:25Z" username="mmacchia"><tag k="OBJCOD" v="gennav"/><tag k="OBJNAM" v="Test tab ugc"/><tag k="INFORM" v=" "/>
            
            
            
        </node>
</create><create><node lat="6195569" lon="-436037" timestamp="2013-05-01T09:08:17Z" username="unknown"><tag k="OBJCOD" v="SBDARE"/><tag k="NATSUR" v="9"/>
            
            
        </node>
</create><create><node lat="6195582" lon="-441299" timestamp="2014-09-23T23:28:52Z" username="Wingco_jules"><tag k="OBJCOD" v="gennav"/><tag k="OBJNAM" v="Roscoff ferry port"/><tag k="INFORM" v="Good sheltered spot to take off sails and put out fenders"/>
            
            
            
        </node>
</create><delete><node lat="6195768" lon="-441282" timestamp="2012-03-13T09:57:11Z" average_rating="0" rating_count="0" reviews_count="0" username="mmacchia"><tag k="OBJCOD" v="psgiio"/><tag k="catser" v="23"/>
            
            
        </node>
</delete><create><node lat="6196307" lon="-443147" timestamp="2012-06-11T01:40:36Z" username="Tiki"><tag k="OBJCOD" v="psgiio"/><tag k="catser" v="129"/><tag k="OBJNAM" v="Roscoff inner harbour wall"/><tag k="INFORM" v="Harbour wall.  Soft mud."/>
            
            
            
            
        </node>
</create><create><node lat="6196527" lon="-437192" timestamp="2012-10-18T11:25:47Z" username="matt29"><tag k="OBJCOD" v="hotspt"/><tag k="catspt" v="1"/><tag k="VALSOU" v=" "/><tag k="OBJNAM" v=" "/><tag k="INFORM" v=" "/><tag k="DUNITS" v="1"/>
            
            
            
            
            
            
        </node>
</create><create><node lat="6196590" lon="-442702" timestamp="2015-07-23T00:00:00Z" username="ADAC"><tag k="OBJCOD" v="SMACRA"/><tag k="OBJNAM" v="Port de Roscoff"/><tag k="ofsety" v="10"/><tag k="ofsetx" v="10"/><tag k="CATSMC" v="1"/><tag k="WEBSIT" v="http://www.marinafuehrer.adac.de/haefen/port-de-roscoff/"/></node>
</create><create><node lat="6196762" lon="-442660" timestamp="2014-06-20T10:07:14Z" username="Courville"><tag k="OBJCOD" v="gennav"/><tag k="OBJNAM" v="Alignement Port de Roscoff"/><tag k="INFORM" v="Entre&#10;Phare de fond de port&#10;Et&#10;&quot;Ticket de métro&quot; sur la digue"/>
            
            
            
        </node>
</create><create><node lat="6196906" lon="-442587" timestamp="2014-06-19T16:47:20Z" username="Courville"><tag k="OBJCOD" v="gennav"/><tag k="OBJNAM" v="Alignement"/><tag k="INFORM" v="Phare de fond de port&#10;Et&#10;Tiquer de métro sur digue de port"/>
            
            
            
        </node>
</create><delete><node lat="6197082" lon="-441839" timestamp="2013-05-08T20:12:15Z" username="rannic"><tag k="OBJCOD" v="UWTROC"/>
            
        </node>
</delete><modify><node lat="6197167" lon="-432360" timestamp="2014-06-08T18:22:07Z" username="Alanfreeman"><tag k="OBJCOD" v="WRECKS"/><tag k="VALSOU" v=" "/><tag k="OBJNAM" v="Aboukir Bay"/><tag k="INFORM" v="Clipper US de 60 M 25-11-1893"/><tag k="DUNITS" v="1"/>
            
            
            
            
            
        </node>
</modify><create><node lat="6197292" lon="-432228" timestamp="2013-05-25T16:51:43Z" username="unknown"><tag k="OBJCOD" v="WRECKS"/><tag k="OBJNAM" v="aboukir bay"/><tag k="DUNITS" v="1"/><tag k="CATWRK" v="1"/>
            
            
            
            
        </node>
</create><create><node lat="6197685" lon="-442416" timestamp="2011-07-24T15:13:29Z" username="abilyg"><tag k="OBJCOD" v="psgiio"/><tag k="catser" v="131"/><tag k="OBJNAM" v="Ti Saozon"/><tag k="INFORM" v="Bou
</create><create><node lat="6197802" lon="-443363" timestamp="2015-08-19T13:48:48Z" username="jacquescauzanet"><tag k="OBJCOD" v="gennav"/><tag k="OBJNAM" v="Coef 84 - BM Roscoff - 1 m 40"/></node>
</create><create><node lat="6197951" lon="-443086" timestamp="2015-08-19T13:51:13Z" username="jacquescauzanet"><tag k="OBJCOD" v="ACHBRT"/><tag k="OBJNAM" v="Ty Saozon - Coef 78 - 3 m - BM Roscoff"/></node>
</create><delete><node lat="6198032" lon="-445436" timestamp="2011-08-16T21:23:55Z" username="unknown"><tag k="OBJCOD" v="UWTROC"/>
            
        </node>
</delete><create><node lat="6198139" lon="-442474" timestamp="2011-09-29T21:25:15Z" username="abilyg"><tag k="OBJCOD" v="psgiio"/><tag k="catser" v="131"/><tag k="telnum" v="+33 (0)2 98 69 76 37"/><tag k="numvhf" v="Canal 9"/><tag k="citynm" v="Roscoff"/><tag k="OBJNAM" v="Ti Saozon"/>
            
            
            
            
            
            
        </node>
</create><create><node lat="6198188" lon="-444955" timestamp="2013-09-28T21:09:12Z" username="dassin"><tag k="OBJCOD" v="BCNCAR"/><tag k="OBJNAM" v="Perche cardinale nord"/><tag k="INFORM" v=""/><tag k="COLOUR" v="2;6"/><tag k="CATCAM" v="1"/><tag k="BCNSHP" v="5"/>
            
            
            
            
            
            
        
            
            
            
            <slave>
                <tag k="OBJCOD" v="TOPMAR"/>
                <tag k="TOPSHP" v="13"/>
            </slave>
        </node>
</create><create><node lat="6198209" lon="-437675" timestamp="2012-09-11T22:37:08Z" username="PINKFLOYD"><tag k="OBJCOD" v="FSHFAC"/><tag k="OBJNAM" v="Duons"/>
            
            
        </node>
</create><create><node lat="6198245" lon="-445984" timestamp="2013-07-05T05:32:54Z" username="guillaume"><tag k="OBJCOD" v="SOUNDG"/><tag k="DUNITS" v="1"/>
            
            
        </node>
</create><modify><node lat="6198394" lon="-434201" timestamp="2011-01-11T11:09:26Z"><tag k="OBJCOD" v="BOYCAR"/>
            
        </node>
</modify><modify><node lat="6198460" lon="-449985" timestamp="2013-09-19T15:12:43Z" username="dassin"><tag k="OBJCOD" v="BCNCAR"/><tag k="INFORM" v="TOURELLE"/>
            
            
        </node>
</modify><create><node lat="6198499" lon="-442866" timestamp="2014-05-26T20:31:25Z" username="unknown"><tag k="OBJCOD" v="ACHBRT"/><tag k="OBJNAM" v="banc de sable"/>
            
            
        </node>
</create><create><node lat="6198573" lon="-449983" timestamp="2015-08-18T10:25:25Z" username="jacquescauzanet"><tag k="OBJCOD" v="gennav"/><tag k="OBJNAM" v="Basse plate ile de batz"/><tag k="INFORM" v="Sortie chenal batz cardinale nord"/></node>
</create><create><node lat="6198795" lon="-445009" timestamp="2015-08-02T20:10:19Z" username="jacquescauzanet"><tag k="OBJCOD" v="ACHBRT"/><tag k="INFORM" v="Fond sable dur"/></node>
</create><delete><node lat="6198800" lon="-446649" timestamp="2014-05-12T09:24:18Z" username="Wittrup"><tag k="OBJCOD" v="SMACRA"/><tag k="ofsety" v="0"/><tag k="ofsetx" v="0"/><tag k="CATSMC" v="1"/>
            
            
            
            
        </node>
</delete><create><node lat="6202980" lon="-437873" timestamp="2015-04-29T06:27:10Z" username="2931seadoo"><tag k="OBJCOD" v="gennav"/><tag k="OBJNAM" v="Waypoint in"/></node>
</create></bound>