<?xml version="1.0" encoding="UTF-8"?><bound box="7498371,-332667,7517898,-313098"><create><node lat="7515972" lon="-331497" timestamp="2015-09-12T22:53:05Z" username="vivacity"><tag k="OBJCOD" v="psgiio"/><tag k="catser" v="81"/><tag k="zipcde" v=" "/><tag k="websit" v=" "/><tag k="telnum" v="07904526800"/><tag k="strnam" v=" "/><tag k="numvhf" v=" "/><tag k="citynm" v=" "/><tag k="OBJNAM" v="Preston Links Sailing Centre"/><tag k="INFORM" v="compound storage available"/></node>
</create><create><node lat="7517142" lon="-330230" timestamp="2015-09-12T22:36:12Z" username="vivacity"><tag k="OBJCOD" v="SMACRA"/><tag k="trnbth" v="2015 charge £13.55 per night up to 14 nights"/><tag k="ofsety" v="0"/><tag k="ofsetx" v="0"/><tag k="numvhf" v=" "/><tag k="maxlen" v=" "/><tag k="dckdph" v=" "/><tag k="ZIPCDE" v=" "/><tag k="WEBSIT" v=" "/><tag k="TELNUM" v="07776467446"/><tag k="STRNAM" v=" "/><tag k="OBJNAM" v="Cockenzie Harbour"/><tag k="INFORM" v="Local Authority"/><tag k="CITYNM" v=" "/><tag k="CATSMC" v="12"/></node>
</create><create><node lat="7517603" lon="-329366" timestamp="2015-09-12T22:25:32Z" username="vivacity"><tag k="OBJCOD" v="UWTROC"/><tag k="WATLEV" v="4"/><tag k="VALSOU" v=" "/><tag k="OBJNAM" v="rock"/><tag k="INFORM" v=" "/><tag k="DUNITS" v="1"/></node>
</create><create><node lat="7517639" lon="-329171" timestamp="2015-09-12T22:26:19Z" username="vivacity"><tag k="OBJCOD" v="SLCONS"/><tag k="OBJNAM" v="Ramp"/><tag k="INFORM" v=" "/><tag k="CATSLC" v="12"/></node>
</create><create><node lat="7517685" lon="-329349" timestamp="2015-09-12T22:25:17Z" username="vivacity"><tag k="OBJCOD" v="UWTROC"/><tag k="WATLEV" v="4"/><tag k="VALSOU" v=" "/><tag k="OBJNAM" v="rock"/><tag k="INFORM" v=" "/><tag k="DUNITS" v="1"/></node>
</create><create><node lat="7517699" lon="-329296" timestamp="2015-09-12T22:25:07Z" username="vivacity"><tag k="OBJCOD" v="UWTROC"/><tag k="WATLEV" v="3"/><tag k="VALSOU" v=" "/><tag k="OBJNAM" v="rock"/><tag k="INFORM" v=" "/><tag k="DUNITS" v="1"/></node>
</create><create><node lat="7517712" lon="-329024" timestamp="2015-09-12T22:37:06Z" username="vivacity"><tag k="OBJCOD" v="SMACRA"/><tag k="trnbth" v=" "/><tag k="ofsety" v="0"/><tag k="ofsetx" v="0"/><tag k="numvhf" v=" "/><tag k="maxlen" v=" "/><tag k="dckdph" v=" "/><tag k="ZIPCDE" v=" "/><tag k="WEBSIT" v=" "/><tag k="TELNUM" v="07776467446"/><tag k="STRNAM" v=" "/><tag k="SRVLST" v="29;28;126;122"/><tag k="OBJNAM" v="Port Seton"/><tag k="INFORM" v=" "/><tag k="CITYNM" v=" "/><tag k="CATSMC" v="12"/></node>
</create><create><node lat="7517752" lon="-329140" timestamp="2015-09-12T22:25:50Z" username="vivacity"><tag k="OBJCOD" v="UWTROC"/><tag k="WATLEV" v="4"/><tag k="VALSOU" v=" "/><tag k="OBJNAM" v="rock"/><tag k="INFORM" v=" "/><tag k="DUNITS" v="1"/></node>
</create><create><node lat="7517755" lon="-329265" timestamp="2015-09-12T22:24:54Z" username="vivacity"><tag k="OBJCOD" v="UWTROC"/><tag k="WATLEV" v="4"/><tag k="VALSOU" v=" "/><tag k="OBJNAM" v="rock"/><tag k="INFORM" v=" "/><tag k="DUNITS" v="1"/></node>
</create><create><node lat="7517775" lon="-329200" timestamp="2015-09-12T22:24:34Z" username="vivacity"><tag k="OBJCOD" v="UWTROC"/><tag k="WATLEV" v="4"/><tag k="VALSOU" v=" "/><tag k="OBJNAM" v="rock"/><tag k="INFORM" v=" "/><tag k="DUNITS" v="1"/></node>
</create><create><node lat="7517783" lon="-329240" timestamp="2015-09-12T22:24:44Z" username="vivacity"><tag k="OBJCOD" v="UWTROC"/><tag k="WATLEV" v="3"/><tag k="VALSOU" v=" "/><tag k="OBJNAM" v="rock"/><tag k="INFORM" v=" "/><tag k="DUNITS" v="1"/></node>
</create><create><node lat="7517879" lon="-327847" timestamp="2015-09-12T22:23:45Z" username="vivacity"><tag k="OBJCOD" v="UWTROC"/><tag k="WATLEV" v="4"/><tag k="VALSOU" v=" "/><tag k="OBJNAM" v="rock"/><tag k="INFORM" v=" "/><tag k="DUNITS" v="1"/></node>
</create></bound>