<?xml version="1.0" encoding="UTF-8"?><bound box="6463757,-371804,6483272,-352235"><modify><node lat="6476249" lon="-356077" timestamp="2011-09-14T14:34:35Z" username="unknown"><tag k="OBJCOD" v="WRECKS"/><tag k="VALSOU" v="164"/><tag k="OBJNAM" v="Meat Boat"/><tag k="DUNITS" v="3"/>
            
            
            
            
        </node>
</modify><modify><node lat="6476770" lon="-361240" timestamp="2011-09-14T14:33:10Z" username="unknown"><tag k="OBJCOD" v="WRECKS"/><tag k="VALSOU" v="144"/><tag k="OBJNAM" v="Karen Marie"/><tag k="DUNITS" v="3"/>
            
        
            
            
            
            
        
            
            
        </node>
</modify><create><node lat="6480327" lon="-370237" timestamp="2015-08-29T13:57:20Z" username="kellyshero"><tag k="OBJCOD" v="WRECKS"/><tag k="WATLEV" v="3"/><tag k="VALSOU" v="30"/><tag k="QUASOU" v="7"/><tag k="CATWRK" v="2"/></node>
</create><delete><node lat="6480339" lon="-370059" timestamp="2015-08-29T13:57:20Z" username="kellyshero"><tag k="OBJCOD" v="WRECKS"/></node>
</delete></bound>