<?xml version="1.0" encoding="UTF-8"?><bound box="5351857,-313098,5371356,-293529"><delete><node lat="5352052" lon="-303934" timestamp="2014-01-29T07:14:36Z" username="unknown"><tag k="OBJCOD" v="WRECKS"/><tag k="VALSOU" v="36"/><tag k="OBJNAM" v="Pecio Mina Mari"/><tag k="INFORM" v="Pecio del buque carbonero Mina Mari. Apto para el buceo pero muy deteriorado por los temporales y corrientes.&#10;Recomendado buceo con nitrox."/><tag k="DUNITS" v="1"/>
            
            
            
            
            
        
            
            
            
        
            
            
            
        </node>
</delete><modify><node lat="5352206" lon="-304048" timestamp="2014-01-29T07:14:16Z" username="unknown"><tag k="OBJCOD" v="WRECKS"/><tag k="VALSOU" v="36"/><tag k="OBJNAM" v="Pecio Mina Mari"/><tag k="INFORM" v="Pecio del buque carbonero Mina Mari. Apto para el buceo pero muy deteriorado por los temporales y corrientes.&#10;Recomendado buceo con nitrox."/><tag k="DUNITS" v="1"/>
            
            
            
            
            
        </node>
</modify><delete><node lat="5352312" lon="-307005" timestamp="2013-05-01T07:00:22Z" username="unknown"><tag k="OBJCOD" v="SBDARE"/>
            
        </node>
</delete><create><node lat="5352322" lon="-305701" timestamp="2013-09-18T11:23:03Z" username="luiscarlozz"><tag k="OBJCOD" v="hotspt"/><tag k="catspt" v="1"/><tag k="VALSOU" v=" "/><tag k="OBJNAM" v="lui"/><tag k="INFORM" v=" "/><tag k="DUNITS" v="1"/>
            
            
            
            
            
            
        </node>
</create><create><node lat="5352416" lon="-305837" timestamp="2013-09-18T19:51:51Z" username="luiscarlozz"><tag k="OBJCOD" v="hotspt"/><tag k="catspt" v="1"/><tag k="VALSOU" v=" "/><tag k="OBJNAM" v="lui"/><tag k="INFORM" v=" "/><tag k="DUNITS" v="1"/>
            
            
            
            
            
            
        </node>
</create><create><node lat="5352573" lon="-306033" timestamp="2013-09-17T18:59:15Z" username="luiscarlozz"><tag k="OBJCOD" v="hotspt"/><tag k="catspt" v="1"/><tag k="VALSOU" v=" "/><tag k="OBJNAM" v="lui dentex"/><tag k="INFORM" v=" "/><tag k="DUNITS" v="1"/>
            
            
            
            
            
            
        </node>
</create><delete><node lat="5352669" lon="-307055" timestamp="2013-06-17T20:27:37Z" username="unknown"><tag k="OBJCOD" v="SBDARE"/>
            
        </node>
</delete><create><node lat="5353006" lon="-306610" timestamp="2013-09-17T18:58:18Z" username="luiscarlozz"><tag k="OBJCOD" v="hotspt"/><tag k="catspt" v="1"/><tag k="VALSOU" v=" "/><tag k="OBJNAM" v="vajo 20 matxi"/><tag k="INFORM" v=" "/><tag k="DUNITS" v="1"/>
            
            
            
            
            
            
        </node>
</create><create><node lat="5359564" lon="-296863" timestamp="2011-04-29T22:26:10Z" username="unknown"><tag k="OBJCOD" v="BOYLAT"/><tag k="OBJNAM" v="La gaviota"/><tag k="COLOUR" v="3"/><tag k="BOYSHP" v="1"/>
            
            
            
            
        </node>
</create><modify><node lat="5359643" lon="-299404" timestamp="2015-04-11T06:00:51Z" username="unknown"><tag k="OBJCOD" v="OFSPLF"/><tag k="OBJNAM" v="La Gabiota"/><tag k="INFORM" v="Plataforma de Perforacion"/></node>
</modify><create><node lat="5359651" lon="-299393" timestamp="2015-04-11T06:10:26Z" username="unknown"><tag k="OBJCOD" v="OFSPLF"/><tag k="OBJNAM" v="La Gaviota"/></node>
</create><create><node lat="5364128" lon="-308404" timestamp="2015-05-11T08:47:10Z" username="josimesus"><tag k="OBJCOD" v="hotspt"/><tag k="catspt" v="1"/><tag k="VALSOU" v=" "/><tag k="OBJNAM" v="Papardo"/><tag k="INFORM" v="Besugo"/><tag k="DUNITS" v="1"/></node>
</create><create><node lat="5367979" lon="-308553" timestamp="2015-04-10T21:45:44Z" username="unknown"><tag k="OBJCOD" v="hotspt"/><tag k="catspt" v="1"/><tag k="OBJNAM" v="Bertso"/><tag k="DUNITS" v="4"/></node>
</create><create><node lat="5368490" lon="-307901" timestamp="2015-05-11T14:13:19Z" username="josimesus"><tag k="OBJCOD" v="hotspt"/><tag k="catspt" v="1"/><tag k="VALSOU" v=" "/><tag k="OBJNAM" v="Okarantza"/><tag k="INFORM" v="Besugo"/><tag k="DUNITS" v="1"/></node>
</create><create><node lat="5368999" lon="-306698" timestamp="2015-04-10T21:47:30Z" username="unknown"><tag k="OBJCOD" v="hotspt"/><tag k="catspt" v="1"/><tag k="OBJNAM" v="Okarantza"/><tag k="DUNITS" v="4"/></node>
</create></bound>