<?xml version="1.0" encoding="UTF-8"?><bound box="5858929,-293529,5878435,-273961"><modify><node lat="5873352" lon="-280619" timestamp="2012-12-09T09:36:18Z" username="Phiphi85"><tag k="OBJCOD" v="WRECKS"/><tag k="VALSOU" v="47"/><tag k="OBJNAM" v="Katina 2 ???"/><tag k="INFORM" v="46 48 069 N&#10;02 33 534 W"/><tag k="DUNITS" v="1"/>
            
            
            
            
            
        </node>
</modify><modify><node lat="5877824" lon="-278461" timestamp="2014-09-23T19:23:47Z" username="Raggety"><tag k="OBJCOD" v="WRECKS"/><tag k="VALSOU" v="47"/><tag k="OBJNAM" v="Le Katina"/><tag k="INFORM" v="(PD) 46 48 069 N   02 33 534 W"/><tag k="DUNITS" v="1"/>
            
            
            
            
            
        
            
            
            
            
            
        </node>
</modify></bound>