<?xml version="1.0" encoding="UTF-8"?><bound box="7205490,-332667,7225014,-313098"><delete><node lat="7206668" lon="-327029" timestamp="2015-01-25T17:11:19Z" username="Cozzie"><tag k="OBJCOD" v="psgiio"/><tag k="catser" v="22"/></node>
</delete><create><node lat="7207501" lon="-325344" timestamp="2014-10-05T08:27:03Z" username="Chris Dobson Marine"><tag k="OBJCOD" v="psgiio"/><tag k="catser" v="129"/><tag k="OBJNAM" v="Miller Ground Jetty"/>
            
            
            
        </node>
</create><create><node lat="7208137" lon="-327663" timestamp="2014-10-05T08:05:41Z" username="Chris Dobson Marine"><tag k="OBJCOD" v="psgiio"/><tag k="catser" v="129"/><tag k="OBJNAM" v="Bark Barn Jetty"/><tag k="INFORM" v="Public Jetty"/>
            
            
            
            
        </node>
</create><create><node lat="7214029" lon="-330889" timestamp="2015-05-28T17:56:27Z" username="Chris Dobson Marine"><tag k="OBJCOD" v="WRECKS"/><tag k="OBJNAM" v="Unknown small wreck."/><tag k="INFORM" v="Discovered with DownVision May 2015"/><tag k="DUNITS" v="1"/><tag k="CATWRK" v="1"/></node>
</create></bound>