<?xml version="1.0" encoding="UTF-8"?><bound box="6210089,-352235,6229600,-332667"><create><node lat="6211183" lon="-336260" timestamp="2013-01-05T09:58:43Z" username="KERSTAO"><tag k="OBJCOD" v="ACHBRT"/><tag k="OBJNAM" v="HOME"/><tag k="INFORM" v="L'Ancre pour KERSTAO"/>
            
            
            
        </node>
</create><modify><node lat="6211899" lon="-343103" timestamp="2015-06-20T19:16:40Z" username="Ferdydurke"><tag k="OBJCOD" v="BCNLAT"/><tag k="OBJNAM" v="VIEILLE-DE-BODIC"/><tag k="INFORM" v="starboard-hand mark / green / tower with conical topmark / no light"/></node>
</modify><delete><node lat="6211972" lon="-334835" timestamp="2014-04-24T09:48:53Z" username="guigui9023"><tag k="OBJCOD" v="UWTROC"/>
            
        </node>
</delete><modify><node lat="6212907" lon="-340731" timestamp="2015-08-18T15:09:19Z" username="saltyrob "><tag k="OBJCOD" v="SMACRA"/><tag k="ofsety" v="-615"/><tag k="ofsetx" v="-570"/><tag k="CATSMC" v="1"/></node>
</modify><create><node lat="6213168" lon="-339887" timestamp="2012-09-12T15:17:02Z" username="caleroific"><tag k="OBJCOD" v="MORFAC"/><tag k="OBJNAM" v="Mooring Buoys"/><tag k="INFORM" v="Warning. Private Moorings close to recommended transit. Take necessary precautions when navigating in poor visibility or at night."/>
            
            
            
        </node>
</create><modify><node lat="6213274" lon="-343590" timestamp="2015-03-08T17:10:56Z" username="paimpol"><tag k="OBJCOD" v="LIGHTS"/><tag k="COLOUR" v="4"/><tag k="OBJNAM" v=" "/><tag k="INFORM" v="2 mètre pas visible la nuit"/></node>
</modify><modify><node lat="6213781" lon="-337964" timestamp="2013-09-23T14:08:04Z" username="dassin"><tag k="OBJCOD" v="BCNCAR"/><tag k="OBJNAM" v="Tourelle TREBEYOU"/><tag k="INFORM" v=" "/>
            
            
            
        </node>
</modify><modify><node lat="6213924" lon="-333948" timestamp="2015-04-10T22:46:25Z" username="srmoscow"><tag k="OBJCOD" v="BCNCAR"/><tag k="OBJNAM" v="Les Piliers"/></node>
</modify><modify><node lat="6213989" lon="-340742" timestamp="2013-09-23T14:06:57Z" username="dassin"><tag k="OBJCOD" v="BCNLAT"/><tag k="OBJNAM" v="Tourelle Le Vincre"/><tag k="INFORM" v=" "/>
            
            
            
        </node>
</modify><create><node lat="6214728" lon="-333835" timestamp="2012-08-07T14:44:57Z" username="unknown"><tag k="OBJCOD" v="ACHBRT"/><tag k="OBJNAM" v="BrÃ©hat"/>
            
            
        </node>
</create><modify><node lat="6214869" lon="-334340" timestamp="2011-02-24T09:56:31Z" username="unknown"><tag k="OBJCOD" v="BCNSPP"/><tag k="OBJNAM" v="Men Joliguet "/>
            
            
        </node>
</modify><create><node lat="6214877" lon="-334339" timestamp="2013-09-22T18:01:11Z" username="dassin"><tag k="OBJCOD" v="BCNCAR"/><tag k="OBJNAM" v="Cardinale ouest Men Joliquet"/><tag k="INFORM" v=" "/><tag k="COLOUR" v="6;2;6"/><tag k="CATCAM" v="4"/><tag k="BCNSHP" v="5"/>
            
            
            
            
            
        
            
            
            
            <slave>
                <tag k="OBJCOD" v="TOPMAR"/>
                <tag k="TOPSHP" v="10"/>
            </slave>
            <slave>
                <tag k="OBJCOD" v="LIGHTS"/>
                <tag k="COLOUR" v="12"/>
            </slave>
        </node>
</create><modify><node lat="6214878" lon="-334340" timestamp="2013-09-22T17:58:22Z" username="dassin"><tag k="OBJCOD" v="BCNSPP"/>
            
        </node>
</modify><modify><node lat="6215304" lon="-334391" timestamp="2012-05-03T06:56:13Z" username="unknown"><tag k="OBJCOD" v="SMACRA"/><tag k="ofsety" v="132"/><tag k="ofsetx" v="-571"/><tag k="CATSMC" v="1"/>
            
            
            
            
        </node>
</modify><modify><node lat="6215493" lon="-340275" timestamp="2015-04-10T22:37:53Z" username="srmoscow"><tag k="OBJCOD" v="BCNLAT"/><tag k="OBJNAM" v="Moguedhier"/></node>
</modify><create><node lat="6216577" lon="-337294" timestamp="2012-06-21T21:42:24Z" username="beevoice"><tag k="OBJCOD" v="SBDARE"/><tag k="NATSUR" v="4"/>
            
            
        </node>
</create><create><node lat="6216597" lon="-337282" timestamp="2011-08-30T11:12:29Z" username="beevoice"><tag k="OBJCOD" v="ACHBRT"/><tag k="OBJNAM" v="Banc de sable"/>
            
            
        </node>
</create><create><node lat="6216939" lon="-337053" timestamp="2011-09-15T14:13:37Z" username="beevoice"><tag k="OBJCOD" v="SBDARE"/><tag k="NATSUR" v="4"/><tag k="INFORM" v="Banc hawai"/>
            
            
            
        </node>
</create><create><node lat="6217379" lon="-333396" timestamp="2013-08-01T11:04:28Z" username="malesribes"><tag k="OBJCOD" v="UWTROC"/><tag k="WATLEV" v="4"/><tag k="VALSOU" v="2"/><tag k="OBJNAM" v="CRS"/><tag k="INFORM" v=" "/><tag k="DUNITS" v="1"/>
            
            
            
            
            
            
        </node>
</create><create><node lat="6217587" lon="-334142" timestamp="2012-08-19T08:58:43Z" username="thiry"><tag k="OBJCOD" v="ACHBRT"/><tag k="OBJNAM" v="Corderie"/>
            
            
        </node>
</create><create><node lat="6217973" lon="-335406" timestamp="2015-06-24T09:51:17Z" username="CASSADORA"><tag k="OBJCOD" v="gennav"/><tag k="OBJNAM" v="Cassadora anchored here"/></node>
</create><delete><node lat="6219956" lon="-332858" timestamp="2014-07-30T12:46:43Z" username="Luc GOSSELIN"><tag k="OBJCOD" v="UWTROC"/>
            
        </node>
</delete><modify><node lat="6220159" lon="-335963" timestamp="2013-09-22T18:13:58Z" username="dassin"><tag k="OBJCOD" v="BCNLAT"/><tag k="OBJNAM" v="Tourelle verte la vieille du Tréhou"/><tag k="INFORM" v="Début du chenal de la Moisie"/>
            
            
            
        </node>
</modify><create><node lat="6221997" lon="-333649" timestamp="2012-07-03T21:05:18Z" username="scalaire"><tag k="OBJCOD" v="SBDARE"/><tag k="NATSUR" v="5"/><tag k="INFORM" v=" "/>
            
            
            
        </node>
</create><modify><node lat="6224058" lon="-337519" timestamp="2015-08-15T16:53:28Z" username="valpo73"><tag k="OBJCOD" v="BCNCAR"/><tag k="OBJNAM" v="La Moisie"/></node>
</modify><modify><node lat="6224337" lon="-350420" timestamp="2015-05-13T05:56:16Z" username="ChristevinA"><tag k="OBJCOD" v="UWTROC"/><tag k="OBJNAM" v="Roc'h hir Bihan"/><tag k="DUNITS" v="1"/></node>
</modify><create><node lat="6225166" lon="-337402" timestamp="2013-09-22T18:22:03Z" username="dassin"><tag k="OBJCOD" v="UWTROC"/><tag k="WATLEV" v="4"/><tag k="INFORM" v="Roche d&#xE9;couvrante de 2,30m au plus basses mer"/><tag k="DUNITS" v="1"/>
            
            
            
            
        
            
            
        </node>
</create><modify><node lat="6225323" lon="-338086" timestamp="2013-09-22T10:33:06Z" username="dassin"><tag k="OBJCOD" v="BCNCAR"/><tag k="OBJNAM" v="Tourelle La Moisie cardinale EST"/><tag k="INFORM" v=" "/>
            
            
            
        </node>
</modify><create><node lat="6225755" lon="-337443" timestamp="2013-09-22T18:20:15Z" username="dassin"><tag k="OBJCOD" v="UWTROC"/><tag k="WATLEV" v="4"/><tag k="INFORM" v="Roche d&#xE9;couvrante de 1,30m aux plus basses mer"/><tag k="DUNITS" v="1"/>
            
            
            
            
        
            
            
            
        </node>
</create><modify><node lat="6225894" lon="-345959" timestamp="2015-05-12T13:05:46Z" username="ChristevinA"><tag k="OBJCOD" v="UWTROC"/><tag k="OBJNAM" v="Bar"/><tag k="DUNITS" v="1"/></node>
</modify><delete><node lat="6227223" lon="-343567" timestamp="2013-01-10T16:29:50Z" username="Piot Denis"><tag k="OBJCOD" v="LIGHTS"/><tag k="COLOUR" v="4"/>
            
            
        </node>
</delete><delete><node lat="6227223" lon="-343567" timestamp="2014-04-24T10:58:15Z" username="unknown"><tag k="OBJCOD" v="LIGHTS"/><tag k="COLOUR" v="1"/>
            
            
        </node>
</delete></bound>