<?xml version="1.0" encoding="UTF-8"?><bound box="7732710,-410941,7752239,-391372"><create><node lat="7749740" lon="-405829" timestamp="2011-02-17T01:00:51Z" username="unknown"><tag k="OBJCOD" v="psgiio"/><tag k="catser" v="23"/><tag k="OBJNAM" v="Ptarmigan Resturant"/>
            
            
            
        </node>
</create><create><node lat="7751722" lon="-408579" timestamp="2011-02-17T00:56:58Z" username="unknown"><tag k="OBJCOD" v="SMACRA"/><tag k="ofsety" v="0"/><tag k="ofsetx" v="0"/><tag k="OBJNAM" v="Cairngorm Mountain"/><tag k="CATSMC" v="9"/>
            
            
            
            
            
        </node>
</create></bound>