<?xml version="1.0" encoding="UTF-8"?><bound box="7049308,-371804,7068830,-352235"><modify><node lat="7052576" lon="-368830" timestamp="2015-07-30T14:44:06Z" username="dave d"><tag k="OBJCOD" v="WRECKS"/><tag k="VALSOU" v="11.70"/><tag k="OBJNAM" v="mancunium"/><tag k="INFORM" v=" "/><tag k="DUNITS" v="1"/></node>
</modify><modify><node lat="7059759" lon="-369718" timestamp="2015-08-04T15:55:13Z" username="dave d"><tag k="OBJCOD" v="BOYCAR"/><tag k="OBJNAM" v="JORDANS SPIT"/><tag k="INFORM" v=" "/></node>
</modify></bound>