<?xml version="1.0" encoding="UTF-8"?><bound box="7127397,-410941,7146920,-391372"><create><node lat="7137801" lon="-391655" timestamp="2011-05-16T17:22:10Z" username="unknown"><tag k="OBJCOD" v="BOYCAR"/><tag k="OBJNAM" v="Walney 1"/><tag k="COLOUR" v="6;2"/><tag k="CATCAM" v="3"/><tag k="BOYSHP" v="4"/>
            
            
            
            
            
            <slave>
                <tag k="OBJCOD" v="TOPMAR"/>
                <tag k="TOPSHP" v="14"/>
            </slave>
            <slave>
                <tag k="OBJCOD" v="LIGHTS"/>
                <tag k="COLOUR" v="12"/>
            </slave>
        </node>
</create><create><node lat="7142717" lon="-397277" timestamp="2011-05-16T17:26:29Z" username="unknown"><tag k="OBJCOD" v="BOYCAR"/><tag k="OBJNAM" v="Walney 1"/><tag k="COLOUR" v="6;2;6"/><tag k="CATCAM" v="4"/><tag k="BOYSHP" v="4"/>
            
            
            
            
            
            <slave>
                <tag k="OBJCOD" v="TOPMAR"/>
                <tag k="TOPSHP" v="10"/>
            </slave>
            <slave>
                <tag k="OBJCOD" v="LIGHTS"/>
                <tag k="COLOUR" v="12"/>
            </slave>
        </node>
</create></bound>