<?xml version="1.0" encoding="UTF-8"?><bound box="4883966,-430510,4903458,-410941"><create><node lat="4898347" lon="-415243" timestamp="2011-03-11T22:54:30Z" username="unknown"><tag k="OBJCOD" v="psgiio"/><tag k="catser" v="81"/><tag k="zipcde" v="28193"/><tag k="websit" v="http://www.cncervera.es/"/><tag k="citynm" v="cervera de buitrago"/><tag k="OBJNAM" v="CNC"/>
            
            
            
            
            
            
        </node>
</create><create><node lat="4898347" lon="-415235" timestamp="2011-03-11T22:20:11Z" username="unknown"><tag k="OBJCOD" v="MORFAC"/><tag k="OBJNAM" v="dona berenguela 59"/><tag k="INFORM" v="Ana"/>
            
            
            
        </node>
</create><create><node lat="4901473" lon="-428352" timestamp="2013-02-10T10:45:07Z" username="marcial"><tag k="OBJCOD" v="gennav"/>
            
        </node>
</create><create><node lat="4902267" lon="-412313" timestamp="2014-04-11T11:33:01Z" username="xtremesailing"><tag k="OBJCOD" v="gennav"/><tag k="OBJNAM" v="Sur"/><tag k="INFORM" v=" "/>
            
            
            
        </node>
</create><create><node lat="4902408" lon="-425784" timestamp="2012-04-05T00:20:53Z" username="jare"><tag k="OBJCOD" v="UWTROC"/><tag k="WATLEV" v="4"/><tag k="OBJNAM" v="jare"/><tag k="DUNITS" v="1"/>
            
            
            
            
        </node>
</create><create><node lat="4902709" lon="-413526" timestamp="2014-09-09T23:04:01Z" username="Leveche68"><tag k="OBJCOD" v="gennav"/><tag k="OBJNAM" v="Casa"/>
            
            
        </node>
</create></bound>