<?xml version="1.0" encoding="UTF-8"?><bound box="6678434,-469647,6697951,-450078"><create><node lat="6678625" lon="-457030" timestamp="2011-08-25T17:37:09Z" username="unknown"><tag k="OBJCOD" v="hotspt"/><tag k="catspt" v="1"/><tag k="OBJNAM" v="3 Mile Bank"/><tag k="DUNITS" v="3"/>
            
            
            
            
        </node>
</create><modify><node lat="6682918" lon="-463694" timestamp="2015-04-17T13:35:00Z" username="fuzzedup"><tag k="OBJCOD" v="WRECKS"/><tag k="VALSOU" v="10"/><tag k="OBJNAM" v="harvester wreck .. three wheeled wreck"/><tag k="INFORM" v="bow lies north stands 3m high"/><tag k="DUNITS" v="1"/></node>
</modify><modify><node lat="6685841" lon="-461640" timestamp="2013-05-15T09:16:54Z" average_rating="0" rating_count="0" reviews_count="0" username="gruff"><tag k="OBJCOD" v="WRECKS"/>
            
        </node>
</modify><create><node lat="6685977" lon="-461741" timestamp="2011-09-14T14:03:57Z" username="rowley"><tag k="OBJCOD" v="WRECKS"/><tag k="WATLEV" v="3"/><tag k="VERDAT" v="23"/><tag k="VALSOU" v="10"/><tag k="QUASOU" v="7"/><tag k="CATWRK" v="1"/>
            
            
            
            
            
            
        </node>
</create><create><node lat="6686439" lon="-455454" timestamp="2015-07-12T18:19:56Z" username="fuzzedup"><tag k="OBJCOD" v="SOUNDG"/><tag k="VALSOU" v=" "/><tag k="DUNITS" v="1"/></node>
</create><create><node lat="6688242" lon="-451281" timestamp="2013-02-25T12:35:24Z" username="shearwater of mumbles"><tag k="OBJCOD" v="UWTROC"/><tag k="WATLEV" v="4"/><tag k="VALSOU" v=" "/><tag k="OBJNAM" v="LW rock Pwlldu"/><tag k="INFORM" v=" "/><tag k="DUNITS" v="1"/>
            
            
            
            
            
            
        </node>
</create></bound>