<?xml version="1.0" encoding="UTF-8"?><bound box="6210089,-469647,6229600,-450078"><delete><node lat="6217651" lon="-468860" timestamp="2012-08-01T21:13:02Z" username="Arthurperan"><tag k="OBJCOD" v="WRECKS"/>
            
        </node>
</delete><create><node lat="6217654" lon="-468870" timestamp="2012-08-01T21:13:02Z" username="Arthurperan"><tag k="OBJCOD" v="WRECKS"/><tag k="WATLEV" v="3"/><tag k="VERDAT" v="5"/><tag k="VALSOU" v="77"/><tag k="QUASOU" v="7"/><tag k="CATWRK" v="1"/>
            
            
            
            
            
            
        </node>
</create></bound>