<?xml version="1.0" encoding="UTF-8"?><bound box="6151556,-313098,6171067,-293529"><create><node lat="6155233" lon="-307232" timestamp="2011-01-23T19:16:54Z"><tag k="OBJCOD" v="gennav"/><tag k="OBJNAM" v="Port de St. Cast"/><tag k="INFORM" v="Le port est entièrement réaménagé depuis 2009 avec pontons et services."/>
            
            
            
        </node>
</create><create><node lat="6157795" lon="-306739" timestamp="2014-07-13T09:18:32Z" username="epaulard"><tag k="OBJCOD" v="hotspt"/><tag k="catspt" v="1"/><tag k="VALSOU" v="20"/><tag k="OBJNAM" v="peche100"/><tag k="INFORM" v=" "/><tag k="DUNITS" v="1"/>
            
            
            
            
            
            
        </node>
</create><create><node lat="6158191" lon="-309939" timestamp="2015-03-12T00:44:18Z" username="bokaye"><tag k="OBJCOD" v="gennav"/><tag k="OBJNAM" v="coudray"/><tag k="INFORM" v=" "/></node>
</create><create><node lat="6158191" lon="-309939" timestamp="2015-03-12T00:45:12Z" username="bokaye"><tag k="OBJCOD" v="OFSPLF"/><tag k="OBJNAM" v=" "/><tag k="INFORM" v=" "/></node>
</create><create><node lat="6162570" lon="-305744" timestamp="2013-03-27T13:08:15Z" average_rating="5" rating_count="1" reviews_count="1" username="olivier P"><tag k="OBJCOD" v="SMACRA"/><tag k="ofsety" v="0"/><tag k="ofsetx" v="0"/><tag k="numvhf" v="12"/><tag k="maxlen" v="20"/><tag k="dckdph" v="3"/><tag k="WEBSIT" v="www.cotesdarmor.cc.fr"/><tag k="TELNUM" v="+33 296 774 985"/><tag k="SRVLST" v="122;127;125;130;49;126;47"/><tag k="OBJNAM" v="Saint Brieuc - Le Légué"/><tag k="INFORM" v="Marina et réparation vessel"/><tag k="CITYNM" v="St Brieuc"/><tag k="CATSMC" v="1"/>
            
            
            
            
            
            
            
            
            
            
            
            
            
        </node>
</create><create><node lat="6162874" lon="-304700" timestamp="2014-04-14T18:40:58Z" username="lm"><tag k="OBJCOD" v="psgiio"/><tag k="catser" v="48"/><tag k="zipcde" v=" "/><tag k="websit" v=" "/><tag k="telnum" v=" "/><tag k="strnam" v=" "/><tag k="citynm" v=" "/><tag k="OBJNAM" v="Les graffs du port du L&#xE9;gu&#xE9;"/><tag k="INFORM" v=" "/>
            
            
            
        
            
            
            
            
            
            
            
            
            
        </node>
</create><create><node lat="6163440" lon="-304510" timestamp="2013-06-06T06:27:00Z" username="epaulard"><tag k="OBJCOD" v="ACHBRT"/><tag k="OBJNAM" v="Michel"/><tag k="INFORM" v="non emplacement"/>
            
            
            
        </node>
</create><modify><node lat="6163471" lon="-303949" timestamp="2012-08-17T06:43:52Z" username="laziat"><tag k="OBJCOD" v="psgiio"/><tag k="catser" v="23"/><tag k="OBJNAM" v="Le Bistrot du Marin"/>
            
            
            
        </node>
</modify><delete><node lat="6163501" lon="-303940" timestamp="2012-08-17T06:45:46Z" username="laziat"><tag k="OBJCOD" v="psgiio"/><tag k="catser" v="23"/><tag k="zipcde" v="22190"/><tag k="telnum" v="+33 2 96 33 28 69"/><tag k="strnam" v="1 Rue Tour"/><tag k="stanam" v="Bretagne"/><tag k="county" v="Côtes-d'Armor"/><tag k="citynm" v="Plérin"/><tag k="OBJNAM" v="Le Bistrot du Marin"/><tag k="NATION" v="FR"/>
            
            
            
            
            
            
            
            
            
            
        </node>
</delete><create><node lat="6170898" lon="-312508" timestamp="2012-02-26T22:05:56Z" username="laurens"><tag k="OBJCOD" v="BOYSPP"/><tag k="COLOUR" v="6"/><tag k="BOYSHP" v="5"/>
            
            
            
        </node>
</create><create><node lat="6170902" lon="-312510" timestamp="2012-02-26T22:03:04Z" username="laurens"><tag k="OBJCOD" v="MORFAC"/>
            
        </node>
</create><create><node lat="6170908" lon="-312533" timestamp="2012-02-26T22:20:30Z" username="laurens"><tag k="OBJCOD" v="hotspt"/><tag k="catspt" v="1"/><tag k="OBJNAM" v="Lieu"/><tag k="DUNITS" v="1"/>
            
            
            
            
        </node>
</create><create><node lat="6170917" lon="-312532" timestamp="2012-02-27T05:34:51Z" username="laurens"><tag k="OBJCOD" v="gennav"/><tag k="OBJNAM" v="Port St. Quay"/>
            
            
        </node>
</create></bound>