<?xml version="1.0" encoding="UTF-8"?><bound box="6210089,-293529,6229600,-273961"><create><node lat="6212677" lon="-288360" timestamp="2013-11-05T07:48:35Z" username="mat"><tag k="OBJCOD" v="OBSTRN"/><tag k="OBJNAM" v="Exposed Cable Section"/><tag k="INFORM" v="Splice"/><tag k="DUNITS" v="1"/>
            
            
            
            
        </node>
</create><create><node lat="6212885" lon="-288597" timestamp="2013-11-04T17:15:17Z" username="mat"><tag k="OBJCOD" v="gennav"/><tag k="OBJNAM" v="Exposed Cable Section - FLAG Cable"/><tag k="INFORM" v="Please be advised that there is a section of the FLAG Atlantic Subsea cable that is unburied. This area represents a hazard to fishing and skippers should exercise caution whilst fishing in the vicinity."/>
            
            
            
        </node>
</create><create><node lat="6212887" lon="-288593" timestamp="2013-11-04T17:34:38Z" username="mat"><tag k="OBJCOD" v="OBSTRN"/><tag k="VALSOU" v=" "/><tag k="OBJNAM" v="Exposed Cable Section"/><tag k="INFORM" v="Start of exposed section"/><tag k="DUNITS" v="1"/>
            
            
        
            
            
            
            
            
        
            
            
            
        </node>
</create></bound>