<?xml version="1.0" encoding="UTF-8"?><bound box="7342162,-430510,7361687,-410941"><create><node lat="7358374" lon="-412470" timestamp="2012-06-07T22:02:03Z" username="scotsboy"><tag k="OBJCOD" v="WRECKS"/><tag k="OBJNAM" v="Breda"/><tag k="DUNITS" v="1"/><tag k="CATWRK" v="1"/>
            
            
            
            
        </node>
</create><create><node lat="7358389" lon="-412469" timestamp="2012-06-07T22:06:43Z" username="scotsboy"><tag k="OBJCOD" v="hotspt"/><tag k="catspt" v="2"/><tag k="OBJNAM" v="Hispania"/><tag k="DUNITS" v="1"/>
            
            
            
            
        </node>
</create></bound>