<?xml version="1.0" encoding="UTF-8"?><bound box="7556953,-332667,7576481,-313098"><create><node lat="7560046" lon="-313946" timestamp="2011-05-23T22:59:34Z" username="EESC"><tag k="OBJCOD" v="gennav"/><tag k="OBJNAM" v="Weather Station"/><tag k="INFORM" v="latest live weather from Elie Harbour &#10;www.elieweather.org.uk"/>
            
            
            
        </node>
</create><create><node lat="7560171" lon="-313794" timestamp="2011-05-23T23:02:38Z" username="EESC"><tag k="OBJCOD" v="psgiio"/><tag k="catser" v="81"/><tag k="websit" v="http://www.eesc.org.uk"/><tag k="telnum" v="01333 330 018"/><tag k="OBJNAM" v="Elie &amp; Earlsferry Sailing Club"/><tag k="INFORM" v="Modern Club House - Facilities available to visiting yachts."/>
            
            
            
            
            
            
        </node>
</create><create><node lat="7560225" lon="-313865" timestamp="2011-05-24T18:25:54Z" username="EESC"><tag k="OBJCOD" v="SMACRA"/><tag k="trnbth" v="2"/><tag k="ofsety" v="0"/><tag k="ofsetx" v="0"/><tag k="maxlen" v="35 foot"/><tag k="dckdph" v="drying out but 12 feet"/><tag k="WEBSIT" v="http://www.eesc.org.uk"/><tag k="TELNUM" v="01333 330 018"/><tag k="OBJNAM" v="Elie Harbour"/><tag k="INFORM" v="Water and Power shoreside.  Toilets and Showers available at Elie &amp; Earlsferry Sailing Club.  the town has public houses, top restaurants , pharmacy , deli, news agent , green grocer, off licence , coffee shops and bakers.&#10;&#10;Award winning beaches."/><tag k="CATSMC" v="1"/>
            
            
            
            
            
            
            
            
            
            
            
        </node>
</create><create><node lat="7565441" lon="-326488" timestamp="2015-09-13T08:07:51Z" username="vivacity"><tag k="OBJCOD" v="psgiio"/><tag k="catser" v="135"/><tag k="OBJNAM" v="access for Dinghys"/><tag k="INFORM" v=" "/></node>
</create><create><node lat="7565487" lon="-326489" timestamp="2015-09-13T08:08:39Z" username="vivacity"><tag k="OBJCOD" v="psgiio"/><tag k="catser" v="81"/><tag k="zipcde" v="KY86BP"/><tag k="websit" v="www.largobaysc.org.uk"/><tag k="telnum" v="07967291216"/><tag k="strnam" v="Main Street, Lower Largo"/><tag k="numvhf" v=" "/><tag k="citynm" v="Fife"/><tag k="OBJNAM" v="Largo Bay Sailing Club"/><tag k="INFORM" v="Dhingy Club"/></node>
</create></bound>