<?xml version="1.0" encoding="UTF-8"?><bound box="6483272,-352235,6502787,-332667"><create><node lat="6484419" lon="-337344" timestamp="2015-07-02T16:52:35Z" username="Wrk Admiral Van Tromp"><tag k="OBJCOD" v="WRECKS"/><tag k="OBJNAM" v="Modavia"/><tag k="DUNITS" v="1"/><tag k="CATWRK" v="1"/></node>
</create><modify><node lat="6489186" lon="-340361" timestamp="2014-10-04T11:09:27Z" username="bazilyo"><tag k="OBJCOD" v="WRECKS"/><tag k="OBJNAM" v="SHARPYS Wreck"/><tag k="INFORM" v="2-6 turns end sept- beginning oct . 10oz lead 7 ft trace"/><tag k="DUNITS" v="1"/>
            
            
            
            
        </node>
</modify><create><node lat="6495154" lon="-335175" timestamp="2015-07-02T16:56:04Z" username="Wrk Admiral Van Tromp"><tag k="OBJCOD" v="WRECKS"/><tag k="OBJNAM" v="Portland"/><tag k="DUNITS" v="1"/><tag k="CATWRK" v="1"/></node>
</create></bound>