<?xml version="1.0" encoding="UTF-8"?><bound box="4377280,-450078,4396764,-430510"><create><node lat="4377617" lon="-433303" timestamp="2014-08-13T17:40:01Z" username="fernando gonzalez vera"><tag k="OBJCOD" v="DISMAR"/><tag k="OBJNAM" v="seco motril"/><tag k="INFORM" v=" "/>
            
            
            
        </node>
</create><create><node lat="4377715" lon="-446907" timestamp="2011-09-17T09:37:52Z" username="unknown"><tag k="OBJCOD" v="UWTROC"/><tag k="WATLEV" v="2"/><tag k="OBJNAM" v="Piedra"/><tag k="DUNITS" v="1"/>
            
            
            
            
        </node>
</create><create><node lat="4377947" lon="-433707" timestamp="2012-09-07T17:40:03Z" username="unknown"><tag k="OBJCOD" v="SMACRA"/><tag k="ofsety" v="0"/><tag k="ofsetx" v="0"/><tag k="OBJNAM" v="Varadero nerja"/><tag k="CATSMC" v="1"/>
            
            
            
            
            
        </node>
</create><create><node lat="4377960" lon="-449556" timestamp="2011-09-17T07:40:49Z" username="unknown"><tag k="OBJCOD" v="WRECKS"/><tag k="VALSOU" v="3"/><tag k="OBJNAM" v="Rumglot"/><tag k="INFORM" v="Barco pesquero metalico hundido en los 80 del que velaba la cabina y poco a poco se ha ido destruyendo de tal modo que hoy no se ve desde la superficie. Pecio para inmersion de principiantes o apnea"/><tag k="DUNITS" v="1"/><tag k="CATWRK" v="2"/>
            
            
            
            
            
            
        
            
            
        
            
            
        
            
            
            
        </node>
</create><create><node lat="4378276" lon="-430809" timestamp="2012-03-06T15:50:31Z" average_rating="0" rating_count="0" reviews_count="0" username="unknown"><tag k="OBJCOD" v="SMACRA"/><tag k="ofsety" v="0"/><tag k="ofsetx" v="0"/><tag k="SRVLST" v="174"/><tag k="OBJNAM" v="Nerja"/><tag k="CATSMC" v="1"/>
            
            
            
            
            
            
        </node>
</create><create><node lat="4378468" lon="-430715" timestamp="2013-11-11T23:12:08Z" username="petesailpete"><tag k="OBJCOD" v="SMACRA"/><tag k="ofsety" v="0"/><tag k="ofsetx" v="0"/><tag k="SRVLST" v="74;167"/><tag k="OBJNAM" v="Nerja"/><tag k="CATSMC" v="1"/>
            
            
            
            
            
            
        </node>
</create><create><node lat="4378988" lon="-431381" timestamp="2013-02-27T17:02:31Z" username="unknown"><tag k="OBJCOD" v="SBDARE"/><tag k="NATSUR" v="5"/>
            
            
        </node>
</create><create><node lat="4379017" lon="-431397" timestamp="2013-02-15T20:41:18Z" username="unknown"><tag k="OBJCOD" v="SBDARE"/><tag k="NATSUR" v="5"/>
            
            
        </node>
</create><create><node lat="4381336" lon="-433827" timestamp="2011-05-01T10:26:23Z" username="unknown"><tag k="OBJCOD" v="gennav"/><tag k="OBJNAM" v="Fogden - fyr"/><tag k="INFORM" v="http://194.17.150.25 &#10;axis webcam"/>
            
            
            
        </node>
</create></bound>