<?xml version="1.0" encoding="UTF-8"?><bound box="8181939,-293529,8201473,-273961"><create><node lat="8182249" lon="-281205" timestamp="2013-02-15T20:31:30Z" username="isabob8"><tag k="OBJCOD" v="SOUNDG"/><tag k="VALSOU" v=" "/><tag k="DUNITS" v="1"/>
            
            
            
        </node>
</create><create><node lat="8194439" lon="-292002" timestamp="2012-06-13T19:26:06Z" username="unknown"><tag k="OBJCOD" v="ACHBRT"/><tag k="OBJNAM" v="Backaskail Bay"/>
            
            
        </node>
</create></bound>