<?xml version="1.0" encoding="UTF-8"?><bound box="6502787,-313098,6522303,-293529"><create><node lat="6508535" lon="-293895" timestamp="2013-06-04T13:36:25Z" username="alextbsac0456"><tag k="OBJCOD" v="WRECKS"/><tag k="OBJNAM" v="The Sidon Sub"/><tag k="INFORM" v="28-36m&#10;&#10;-2..3 HW Portland +3..4&#10;&#10;50°32.780'N 02°38.400'W&#10;&#10;Sub, sunk1957, NW to SE, excellent dive"/><tag k="DUNITS" v="1"/><tag k="CATWRK" v="1"/>
            
            
            
            
            
        </node>
</create><create><node lat="6508973" lon="-293899" timestamp="2012-06-27T21:22:22Z" username="alextbsac0456"><tag k="OBJCOD" v="WRECKS"/><tag k="OBJNAM" v="Hms Sidon"/><tag k="INFORM" v="Depth 37m, 30 metres to top of wreck&#10;This British 'S' class submarine sank twice. The first time was in Portland Harbour in June 1955, after an explosion in her torpedo bay. She was later raised, but was sunk again intentionally in 1957 for use as an ASDIC target. She lies NW-SE and is intact making an excellent dive."/><tag k="DUNITS" v="1"/><tag k="CATWRK" v="1"/>
            
            
            
            
            
        </node>
</create><modify><node lat="6509050" lon="-294012" timestamp="2015-07-10T05:50:41Z" username="KLRNICK"><tag k="OBJCOD" v="WRECKS"/><tag k="OBJNAM" v="Pommerainion"/><tag k="DUNITS" v="1"/></node>
</modify><create><node lat="6509051" lon="-294017" timestamp="2015-09-22T13:37:42Z" username="AndrewSCarter"><tag k="OBJCOD" v="WRECKS"/><tag k="VALSOU" v=" "/><tag k="OBJNAM" v="HMS Sidon"/><tag k="INFORM" v="217ft x 24ft&#10;Submarine towed out from Portland Harbour and sunk 1957"/><tag k="DUNITS" v="1"/><tag k="CATWRK" v="1"/></node>
</create><modify><node lat="6509078" lon="-294038" timestamp="2013-09-23T22:00:44Z" username="Minto"><tag k="OBJCOD" v="WRECKS"/><tag k="OBJNAM" v="HMS Sidon"/><tag k="INFORM" v="Submarine"/><tag k="DUNITS" v="1"/>
            
            
            
            
        </node>
</modify><create><node lat="6510572" lon="-299452" timestamp="2012-05-07T16:45:28Z" username="fishy50"><tag k="OBJCOD" v="gennav"/><tag k="OBJNAM" v="Pomerania"/>
            
            
        </node>
</create><create><node lat="6510632" lon="-299424" timestamp="2013-06-04T13:25:15Z" username="alextbsac0456"><tag k="OBJCOD" v="WRECKS"/><tag k="OBJNAM" v="The Pomeranian"/><tag k="INFORM" v="27-34m&#10;&#10;-2..3 HW Portland +3..4&#10;&#10;50°33.500'N 02°41.380'W&#10;&#10;Liner, 4.2KT, 114m, sunk 1918, E to W, govt stores- divers helmets? Doulton smelting pots"/><tag k="DUNITS" v="1"/><tag k="CATWRK" v="1"/>
            
            
            
            
            
        </node>
</create><modify><node lat="6510912" lon="-299483" timestamp="2013-04-28T13:00:20Z" username="kevinvx220"><tag k="OBJCOD" v="WRECKS"/><tag k="OBJNAM" v="Pomeranian"/><tag k="INFORM" v="33m&#10;2-1 BHW Plymouth"/><tag k="DUNITS" v="1"/>
            
            
            
            
        </node>
</modify><create><node lat="6510923" lon="-310779" timestamp="2013-06-04T16:06:57Z" username="alextbsac0456"><tag k="OBJCOD" v="WRECKS"/><tag k="OBJNAM" v="Ailsa Craig"/><tag k="INFORM" v="28-36m&#10;&#10;-2..3 HW Portland +3..4&#10;&#10;50°33.600'N 02°47.500'W&#10;&#10;GB steamer, sunk 1918, stern st'bd, NE to SW, near Moidart, coal"/><tag k="DUNITS" v="1"/><tag k="CATWRK" v="1"/>
            
            
            
            
            
        </node>
</create><modify><node lat="6511098" lon="-310704" timestamp="2014-08-25T19:59:52Z" username="markfishing5465"><tag k="OBJCOD" v="WRECKS"/><tag k="OBJNAM" v="Ailsa Graig"/><tag k="INFORM" v="184ft"/><tag k="DUNITS" v="1"/>
            
            
            
            
        </node>
</modify><modify><node lat="6511147" lon="-310849" timestamp="2011-01-01T16:38:32Z"><tag k="OBJCOD" v="WRECKS"/><tag k="OBJNAM" v="Ailsa Craig"/><tag k="DUNITS" v="4"/>
            
            
            
        </node>
</modify><create><node lat="6511169" lon="-310857" timestamp="2015-09-22T13:51:15Z" username="AndrewSCarter"><tag k="OBJCOD" v="WRECKS"/><tag k="VALSOU" v=" "/><tag k="OBJNAM" v="Ailsa Craig"/><tag k="INFORM" v="sunk 1918"/><tag k="DUNITS" v="1"/><tag k="CATWRK" v="1"/></node>
</create><create><node lat="6512213" lon="-310386" timestamp="2015-09-21T05:58:57Z" username="AndrewSCarter"><tag k="OBJCOD" v="gennav"/><tag k="OBJNAM" v="Moidart"/><tag k="INFORM" v="http://www.divernet.com/wreck-tours/p301775-wrecktour:144-the-moidart.html"/></node>
</create><modify><node lat="6512222" lon="-310340" timestamp="2011-01-01T16:40:11Z"><tag k="OBJCOD" v="WRECKS"/><tag k="VALSOU" v="33 meters to seabed"/><tag k="OBJNAM" v="Moidart"/><tag k="DUNITS" v="1"/>
            
            
            
            
        </node>
</modify><create><node lat="6512904" lon="-293969" timestamp="2015-09-22T13:27:48Z" username="AndrewSCarter"><tag k="OBJCOD" v="WRECKS"/><tag k="VALSOU" v="35"/><tag k="OBJNAM" v="Scaldis"/><tag k="INFORM" v="80ft Trawler sunk in 1974"/><tag k="DUNITS" v="1"/><tag k="CATWRK" v="1"/></node>
</create><modify><node lat="6521342" lon="-294611" timestamp="2012-06-02T11:08:45Z" username="alextbsac0456"><tag k="OBJCOD" v="WRECKS"/><tag k="OBJNAM" v=""/><tag k="DUNITS" v="1"/>
            
            
            
        
            
            
            
        </node>
</modify></bound>