<?xml version="1.0" encoding="UTF-8"?><bound box="6444243,-469647,6463757,-450078"><modify><node lat="6444639" lon="-464036" timestamp="2013-05-11T17:52:31Z" username="fishydaveduke"><tag k="OBJCOD" v="WRECKS"/><tag k="OBJNAM" v="Sub"/><tag k="INFORM" v=" "/><tag k="DUNITS" v="1"/>
            
            
            
            
        </node>
</modify><create><node lat="6445896" lon="-460914" timestamp="2015-07-23T16:44:31Z" username="jamie3"><tag k="OBJCOD" v="hotspt"/><tag k="catspt" v="1"/><tag k="VALSOU" v=" "/><tag k="OBJNAM" v="LORD STONEHAVEN"/><tag k="INFORM" v="fishing wreck"/><tag k="DUNITS" v="1"/></node>
</create><modify><node lat="6445906" lon="-460925" timestamp="2013-05-11T17:51:30Z" username="fishydaveduke"><tag k="OBJCOD" v="WRECKS"/><tag k="OBJNAM" v="Stonehaven"/><tag k="INFORM" v=" "/><tag k="DUNITS" v="1"/>
            
            
            
            
        </node>
</modify><modify><node lat="6447535" lon="-455648" timestamp="2013-05-11T19:43:59Z" username="fishydaveduke"><tag k="OBJCOD" v="WRECKS"/><tag k="OBJNAM" v="Rock"/><tag k="INFORM" v=" "/><tag k="DUNITS" v="1"/>
            
            
            
            
        </node>
</modify><delete><node lat="6448926" lon="-455177" timestamp="2015-08-23T20:04:37Z" username="Dustybin"><tag k="OBJCOD" v="WRECKS"/></node>
</delete><create><node lat="6458053" lon="-451344" timestamp="2013-01-10T20:20:06Z" username="andy's drop off"><tag k="OBJCOD" v="hotspt"/><tag k="catspt" v="1"/><tag k="OBJNAM" v="pos plane"/><tag k="INFORM" v="flood tide only (small tide)"/><tag k="DUNITS" v="1"/>
            
            
            
            
            
        </node>
</create><create><node lat="6458372" lon="-453644" timestamp="2013-10-10T17:24:01Z" username="Wrk Admiral Van Tromp"><tag k="OBJCOD" v="WRECKS"/><tag k="DUNITS" v="1"/><tag k="CATWRK" v="2"/>
            
            
            
        </node>
</create><modify><node lat="6460305" lon="-452887" timestamp="2013-05-11T19:42:00Z" username="fishydaveduke"><tag k="OBJCOD" v="WRECKS"/><tag k="OBJNAM" v="Heroi"/><tag k="INFORM" v=" "/><tag k="DUNITS" v="1"/>
            
            
            
            
        </node>
</modify><create><node lat="6461151" lon="-466187" timestamp="2013-01-10T20:11:45Z" username="andy's drop off"><tag k="OBJCOD" v="hotspt"/><tag k="catspt" v="1"/><tag k="OBJNAM" v="mv patrick"/><tag k="INFORM" v="conger"/><tag k="DUNITS" v="1"/>
            
            
            
            
            
        </node>
</create><create><node lat="6461469" lon="-465222" timestamp="2013-01-10T20:10:17Z" username="andy's drop off"><tag k="OBJCOD" v="hotspt"/><tag k="catspt" v="1"/><tag k="OBJNAM" v="leges mv foyle"/><tag k="DUNITS" v="1"/>
            
            
            
            
        </node>
</create><create><node lat="6463004" lon="-466076" timestamp="2011-07-12T17:53:54Z" username="unknown"><tag k="OBJCOD" v="WRECKS"/><tag k="OBJNAM" v="HMS FOYLE"/><tag k="INFORM" v="RN Destroyer - Torpedo Boat"/><tag k="DUNITS" v="1"/><tag k="CATWRK" v="1"/>
            
            
            
            
            
        </node>
</create></bound>