<?xml version="1.0" encoding="UTF-8"?><bound box="4162976,-352235,4182456,-332667"><create><node lat="4180473" lon="-340656" timestamp="2014-07-17T16:46:29Z" username="JARIAISA"><tag k="OBJCOD" v="gennav"/><tag k="OBJNAM" v="Camping Busi"/><tag k="INFORM" v="Alquiler de chambaos de cañizo en la playa"/>
            
            
            
        </node>
</create><create><node lat="4180499" lon="-340616" timestamp="2014-07-17T16:43:31Z" username="JARIAISA"><tag k="OBJCOD" v="psgiio"/><tag k="catser" v="23"/><tag k="zipcde" v=" "/><tag k="websit" v=" "/><tag k="telnum" v="+212 672-777680"/><tag k="strnam" v="Cala Dorada, Tardi"/><tag k="citynm" v="Rass"/><tag k="OBJNAM" v="Cafetin BUSI"/><tag k="INFORM" v="Cafetin Busi, abierto todos los veranos"/>
            
            
            
            
            
            
            
            
            
        </node>
</create></bound>