<?xml version="1.0" encoding="UTF-8"?><bound box="5293361,-313098,5312859,-293529"><create><node lat="5298091" lon="-295541" timestamp="2012-12-23T11:22:20Z" username="unknown"><tag k="OBJCOD" v="gennav"/><tag k="OBJNAM" v="salida&#10;"/>
            
            
        </node>
</create><create><node lat="5298094" lon="-295998" timestamp="2012-12-23T11:27:59Z" username="unknown"><tag k="OBJCOD" v="gennav"/><tag k="OBJNAM" v="boletus&#10;"/>
            
            
        </node>
</create></bound>