<?xml version="1.0" encoding="UTF-8"?><bound box="7849890,-313098,7869421,-293529"><delete><node lat="7865371" lon="-305096" timestamp="2014-03-23T16:48:56Z" username="sams"><tag k="OBJCOD" v="SMACRA"/><tag k="ofsety" v="-163"/><tag k="ofsetx" v="-1137"/><tag k="CATSMC" v="1"/>
            
            
            
            
        </node>
</delete><delete><node lat="7865585" lon="-299409" timestamp="2015-08-01T12:34:38Z" username="lauranne"><tag k="OBJCOD" v="SMACRA"/><tag k="ofsety" v="-293"/><tag k="ofsetx" v="-79"/><tag k="CATSMC" v="1"/></node>
</delete></bound>