<?xml version="1.0" encoding="UTF-8"?><bound box="5371356,-391372,5390856,-371804"><create><node lat="5372859" lon="-383260" timestamp="2014-12-04T07:01:02Z" username="doradero"><tag k="OBJCOD" v="OBSTRN"/><tag k="VALSOU" v=" "/><tag k="OBJNAM" v=" "/><tag k="INFORM" v=" "/><tag k="DUNITS" v="1"/>
            
            
            
            
            
        </node>
</create><create><node lat="5375667" lon="-373923" timestamp="2014-01-26T21:57:52Z" username="unknown"><tag k="OBJCOD" v="hotspt"/><tag k="catspt" v="1"/><tag k="OBJNAM" v="bajo alto&#10;&#10;"/><tag k="DUNITS" v="1"/>
            
            
            
            
        </node>
</create></bound>