<?xml version="1.0" encoding="UTF-8"?><bound box="8103805,-352235,8123338,-332667"><modify><node lat="8105199" lon="-352042" timestamp="2011-09-03T19:01:54Z" username="unknown"><tag k="OBJCOD" v="BOYLAT"/>
            
        </node>
</modify><modify><node lat="8111012" lon="-348729" timestamp="2015-02-14T08:28:34Z" username="nohj"><tag k="OBJCOD" v="WRECKS"/><tag k="OBJNAM" v="Prudentia"/><tag k="INFORM" v="Oil tanker"/><tag k="DUNITS" v="4"/></node>
</modify><create><node lat="8113867" lon="-349132" timestamp="2015-02-16T15:47:09Z" username="nohj"><tag k="OBJCOD" v="WRECKS"/><tag k="OBJNAM" v="Grumman"/><tag k="INFORM" v="Plane wreck"/><tag k="DUNITS" v="1"/><tag k="CATWRK" v="1"/></node>
</create><create><node lat="8121675" lon="-349642" timestamp="2011-03-12T22:30:37Z" username="unknown"><tag k="OBJCOD" v="WRECKS"/><tag k="OBJNAM" v="Coln"/><tag k="INFORM" v="Name&#10;Latitude&#10;Longtitude&#10;Displacement&#10;Length&#10;Beam&#10;Draught&#10;Type&#10;minimum depth&#10;maximum depth&#10;Coln&#10;58°53.83N&#10;3°08.45W&#10;5,620&#10;155.5&#10;14.2&#10;6.22&#10;light cruiser&#10;19&#10;36"/><tag k="DUNITS" v="1"/><tag k="CATWRK" v="1"/>
            
            
            
            
            
        </node>
</create></bound>