<?xml version="1.0" encoding="UTF-8"?><bound box="4357796,-430510,4377280,-410941"><modify><node lat="4369169" lon="-412518" timestamp="2012-11-28T22:56:42Z" username="manolo3003"><tag k="OBJCOD" v="SBDARE"/>
            
        </node>
</modify><create><node lat="4371182" lon="-418704" timestamp="2014-06-28T21:31:19Z" username="unknown"><tag k="OBJCOD" v="hotspt"/><tag k="catspt" v="1"/><tag k="OBJNAM" v="La Roca"/><tag k="DUNITS" v="1"/>
            
            
            
            
        </node>
</create><create><node lat="4371199" lon="-418717" timestamp="2011-07-11T15:40:46Z" username="unknown"><tag k="OBJCOD" v="hotspt"/><tag k="catspt" v="1"/><tag k="OBJNAM" v="la roca"/><tag k="DUNITS" v="1"/>
            
            
            
            
        </node>
</create><create><node lat="4372729" lon="-411110" timestamp="2013-10-17T11:26:35Z" username="unknown"><tag k="OBJCOD" v="hotspt"/><tag k="catspt" v="2"/><tag k="VALSOU" v="35"/><tag k="OBJNAM" v="barco"/><tag k="INFORM" v="pecio restos"/><tag k="DUNITS" v="1"/>
            
            
            
            
            
            
        </node>
</create><create><node lat="4374579" lon="-414949" timestamp="2012-11-04T15:12:22Z" username="unknown"><tag k="OBJCOD" v="hotspt"/><tag k="catspt" v="2"/><tag k="VALSOU" v="55"/><tag k="OBJNAM" v="punta la mona"/><tag k="INFORM" v="punto de buceo con algunas corriente direccion este salientes. profundidad 46mts"/><tag k="DUNITS" v="1"/>
            
            
            
            
            
            
        </node>
</create><create><node lat="4374681" lon="-415894" timestamp="2015-02-18T21:55:53Z" username="buceoaqualia"><tag k="OBJCOD" v="hotspt"/><tag k="catspt" v="2"/><tag k="VALSOU" v="46 metros"/><tag k="OBJNAM" v="Piedras Altas"/><tag k="INFORM" v="Una de las inmersiones mas bonitas de la zona, destacan los corales a partir de 30 metros. Suele haber corriente hacia alguno de los lados. Recomendada para buceadores con experiencia."/><tag k="DUNITS" v="1"/></node>
</create><create><node lat="4374785" lon="-414889" timestamp="2012-08-15T09:35:39Z" username="unknown"><tag k="OBJCOD" v="UWTROC"/><tag k="WATLEV" v="3"/><tag k="OBJNAM" v="Fragel rock"/><tag k="INFORM" v="Caseta blanca playa-pico izq.triangulo roca"/><tag k="DUNITS" v="1"/>
            
            
            
            
            
        </node>
</create><create><node lat="4374836" lon="-415023" timestamp="2015-02-18T21:50:02Z" username="buceoaqualia"><tag k="OBJCOD" v="hotspt"/><tag k="catspt" v="2"/><tag k="VALSOU" v="14 metros"/><tag k="OBJNAM" v="Roqueo de los 14"/><tag k="INFORM" v="Roqueo con una profundidad de 14 metros. Inmersi&#xF3;n  ideal para principiantes. Muy bonita con rocas cubiertas de esponjas y corales blandos. Bastantes especies de peces como bogas, sargos de varios tipos..."/><tag k="DUNITS" v="1"/></node>
</create><create><node lat="4374885" lon="-415838" timestamp="2015-02-18T22:00:35Z" username="buceoaqualia"><tag k="OBJCOD" v="hotspt"/><tag k="catspt" v="2"/><tag k="VALSOU" v="30 metros"/><tag k="OBJNAM" v="La Calita"/><tag k="INFORM" v="O también llamada pared del fogarín. Conocida por ser estación de limpieza de Peces Luna, se pueden ver en los 25 metros."/><tag k="DUNITS" v="1"/></node>
</create><create><node lat="4375072" lon="-414837" timestamp="2014-02-21T11:04:39Z" username="okean"><tag k="OBJCOD" v="SBDARE"/><tag k="NATSUR" v="9"/><tag k="INFORM" v=" "/>
            
            
            
        </node>
</create><create><node lat="4375087" lon="-414838" timestamp="2014-02-21T09:40:57Z" username="okean"><tag k="OBJCOD" v="hotspt"/><tag k="catspt" v="2"/><tag k="VALSOU" v="7"/><tag k="OBJNAM" v="tumba de esmiti"/><tag k="INFORM" v="buena zona para el buceo, con muchas cuevas ,en una de ellas se encuentra la tumba de esmiti, un buceador que murio en la zona por salvar a un compa&#xF1;ero y de la que queda una lapida con su nombre en su recuerdo (buscar bien  siguiendo la pared natural de rocas)"/><tag k="DUNITS" v="1"/>
            
            
            
            
            
            
        
            
            
            
            
            
        
            
            
            
            
            
        </node>
</create><delete><node lat="4375149" lon="-413117" timestamp="2015-01-03T17:03:46Z" username="boatmoss"><tag k="OBJCOD" v="SMACRA"/><tag k="ofsety" v="-396"/><tag k="ofsetx" v="108"/><tag k="CATSMC" v="1"/>
            
            
            
            
        </node>
</delete><create><node lat="4375184" lon="-417403" timestamp="2012-07-25T20:03:09Z" username="grimbjo"><tag k="OBJCOD" v="gennav"/><tag k="INFORM" v="Desde hace mas de un año falta esta boya"/>
            
            
        </node>
</create><create><node lat="4375187" lon="-414638" timestamp="2013-11-03T11:15:18Z" username="unknown"><tag k="OBJCOD" v="hotspt"/><tag k="catspt" v="2"/><tag k="OBJNAM" v="otro"/><tag k="INFORM" v="pescador francÃ©s"/><tag k="DUNITS" v="1"/>
            
            
            
            
            
        </node>
</create><create><node lat="4375191" lon="-414578" timestamp="2014-01-11T12:02:59Z" username="unknown"><tag k="OBJCOD" v="WRECKS"/><tag k="OBJNAM" v="pie"/><tag k="DUNITS" v="1"/><tag k="CATWRK" v="1"/>
            
            
            
            
        </node>
</create><create><node lat="4375364" lon="-411873" timestamp="2013-10-17T11:28:08Z" username="unknown"><tag k="OBJCOD" v="hotspt"/><tag k="catspt" v="2"/><tag k="VALSOU" v="35"/><tag k="OBJNAM" v="pecio"/><tag k="DUNITS" v="1"/>
            
            
            
            
            
        </node>
</create><create><node lat="4375411" lon="-416032" timestamp="2012-05-23T04:07:49Z" username="unknown"><tag k="OBJCOD" v="UWTROC"/><tag k="WATLEV" v="3"/><tag k="VALSOU" v="1,5"/><tag k="OBJNAM" v="Bajo"/><tag k="INFORM" v="Piedra del hombre, buceable 100%."/><tag k="DUNITS" v="1"/>
            
            
            
            
            
            
        
            
            
            
            
            
        </node>
</create><create><node lat="4375412" lon="-414658" timestamp="2013-06-11T10:49:38Z" username="unknown"><tag k="OBJCOD" v="UWTROC"/><tag k="WATLEV" v="2"/><tag k="OBJNAM" v="danantonio"/><tag k="DUNITS" v="1"/>
            
            
            
            
        </node>
</create><create><node lat="4375436" lon="-416004" timestamp="2015-02-18T22:03:58Z" username="buceoaqualia"><tag k="OBJCOD" v="hotspt"/><tag k="catspt" v="2"/><tag k="VALSOU" v="18 metros"/><tag k="OBJNAM" v="Piedra del Hombre"/><tag k="INFORM" v="Recomendada para buceadores con poca experiencia, gran cantidad de corales blandos y abundante vida de peces."/><tag k="DUNITS" v="1"/></node>
</create><create><node lat="4375531" lon="-414810" timestamp="2012-05-13T19:30:38Z" username="Next Life"><tag k="OBJCOD" v="SMACRA"/><tag k="trnbth" v="Yes"/><tag k="ofsety" v="0"/><tag k="ofsetx" v="0"/><tag k="numvhf" v="9"/><tag k="SRVLST" v="28;29"/><tag k="OBJNAM" v="Marina del este"/><tag k="INFORM" v="Quite expensive but nice. 88 Euro per night for 14m catamaran. Several restaurants, travel lift, chandlery, laundry, small supermarket."/><tag k="CATSMC" v="12"/>
            
            
            
            
            
        
            
            
            
            
            
            
            
            
        </node>
</create><create><node lat="4375556" lon="-413970" timestamp="2011-07-25T12:08:58Z" username="unknown"><tag k="OBJCOD" v="ACHBRT"/><tag k="OBJNAM" v="fond La Herradura"/><tag k="INFORM" v="no anclar en la zona este ! !"/>
            
            
            
        </node>
</create><create><node lat="4375700" lon="-414816" timestamp="2015-09-16T17:20:28Z" username="Blomster" average_rating="2.8" rating_count="4" reviews_count="4"><tag k="OBJCOD" v="SMACRA"/><tag k="trnbth" v="Si"/><tag k="ofsety" v="0"/><tag k="ofsetx" v="0"/><tag k="numvhf" v="9&#10;"/><tag k="maxlen" v=" "/><tag k="dckdph" v=" "/><tag k="ZIPCDE" v=" "/><tag k="WEBSIT" v="http://bit.ly/1ihOFSd"/><tag k="TELNUM" v="958827018"/><tag k="STRNAM" v=" "/><tag k="SRVLST" v="28;29"/><tag k="OBJNAM" v="Marina del Este - Odyssea Network"/><tag k="INFORM" v="marinaeste@marinasmediterraneo.com"/><tag k="CITYNM" v=" "/><tag k="CATSMC" v="1"/></node>
</create><create><node lat="4375742" lon="-414754" timestamp="2014-05-18T21:22:29Z" username="ecc" average_rating="2.5" rating_count="2" reviews_count="2"><tag k="OBJCOD" v="SMACRA"/><tag k="trnbth" v=" "/><tag k="ofsety" v="0"/><tag k="ofsetx" v="0"/><tag k="numvhf" v=" "/><tag k="maxlen" v=" "/><tag k="dckdph" v=" "/><tag k="ZIPCDE" v=" "/><tag k="WEBSIT" v=""/><tag k="TELNUM" v="+34 958 827 018"/><tag k="STRNAM" v=" "/><tag k="OBJNAM" v="Almunecar"/><tag k="INFORM" v=" "/><tag k="CITYNM" v=" "/><tag k="CATSMC" v="1"/>
            
            
            
            
            
            
        
            
            
            
            
            
        
            
            
            
            
            
            
            
            
            
            
            
            
        
            
            
            
            
            
            
            
            
            
            
            
            
        
            
            
            
            
            
            
        
            
            
            
            
        
            
            
            
            
        </node>
</create><modify><node lat="4375747" lon="-417817" timestamp="2013-10-25T18:05:32Z" username="unknown"><tag k="OBJCOD" v="SMACRA"/><tag k="ofsety" v="-324"/><tag k="ofsetx" v="-288"/><tag k="CATSMC" v="1"/>
            
            
            
            
        </node>
</modify><create><node lat="4375833" lon="-414790" timestamp="2012-11-08T07:22:54Z" username="unknown"><tag k="OBJCOD" v="ACHBRT"/><tag k="OBJNAM" v="playa berenguer"/><tag k="INFORM" v="perfecta para resguardo de poniente. peligrosa en caso de levante"/>
            
            
            
        </node>
</create><delete><node lat="4375834" lon="-414795" timestamp="2014-06-29T15:31:27Z" username="PetersBoat" average_rating="2.5" rating_count="2" reviews_count="2"><tag k="OBJCOD" v="SMACRA"/><tag k="ofsety" v="-3"/><tag k="ofsetx" v="-345"/><tag k="SRVLST" v=""/><tag k="INFORM" v="17/6/14 45eu 1noche"/><tag k="CATSMC" v="1"/>
            
            
            
            
        
            
            
            
            
        
            
            
            
            
        
            
            
            
            
            
            
        
            
            
            
            
            
            
        </node>
</delete><create><node lat="4375843" lon="-413988" timestamp="2014-01-12T09:36:52Z" username="unknown"><tag k="OBJCOD" v="WRECKS"/><tag k="VALSOU" v="32"/><tag k="OBJNAM" v="bocana roca"/><tag k="INFORM" v="hay varias cerca"/><tag k="DUNITS" v="1"/><tag k="CATWRK" v="1"/>
            
            
            
            
            
            
        </node>
</create><delete><node lat="4375851" lon="-414820" timestamp="2011-02-02T19:35:19Z"><tag k="OBJCOD" v="SMACRA"/><tag k="ofsety" v="-252"/><tag k="ofsetx" v="-396"/><tag k="CATSMC" v="1"/>
            
            
            
            
        </node>
</delete><create><node lat="4375869" lon="-419998" timestamp="2015-04-21T06:45:30Z" username="rimex"><tag k="OBJCOD" v="gennav"/><tag k="OBJNAM" v="comproba tecnico"/><tag k="INFORM" v="comprobar tecnico"/></node>
</create><delete><node lat="4375873" lon="-411125" timestamp="2015-10-05T16:43:18Z" username="2go"><tag k="OBJCOD" v="SMACRA"/><tag k="ofsety" v="180"/><tag k="ofsetx" v="-252"/><tag k="CATSMC" v="1"/></node>
</delete><create><node lat="4375992" lon="-419160" timestamp="2011-11-22T14:03:23Z" username="Jose Sanchez"><tag k="OBJCOD" v="hotspt"/><tag k="catspt" v="2"/><tag k="VALSOU" v="17"/><tag k="OBJNAM" v="Cueva del italiano"/><tag k="INFORM" v="Caverna de una lonjitid de unos100 metros que acaba en un sifon con aire respirable y sin luz.  Para buceadores expertos. Peligroso"/><tag k="DUNITS" v="1"/>
            
            
            
            
            
            
        
            
            
        </node>
</create><create><node lat="4376195" lon="-419656" timestamp="2013-07-20T11:07:40Z" username="Malakanudo"><tag k="OBJCOD" v="gennav"/><tag k="OBJNAM" v="Cueva de las Palomas o de la Virgen"/><tag k="INFORM" v="Accesible en kayak en días tranquilos"/>
            
            
            
        </node>
</create><delete><node lat="4376389" lon="-412912" timestamp="2011-05-27T22:58:20Z" username="unknown"><tag k="OBJCOD" v="psgiio"/><tag k="catser" v="23"/>
            
            
        </node>
</delete><create><node lat="4376518" lon="-412592" timestamp="2011-05-27T22:58:20Z" username="unknown"><tag k="OBJCOD" v="psgiio"/><tag k="catser" v="23"/><tag k="zipcde" v="18690"/><tag k="telnum" v="+34 34 95 88 81 25 1"/><tag k="strnam" v="Paseo Cotobro 4"/><tag k="stanam" v="Andalucia"/><tag k="county" v="Granada"/><tag k="citynm" v="AlmuÃ±Ecar"/><tag k="OBJNAM" v="El Rinconcillo"/><tag k="NATION" v="ES"/>
            
            
            
            
            
            
            
            
            
            
        </node>
</create><create><node lat="4376551" lon="-420627" timestamp="2012-07-15T13:47:18Z" username="unknown"><tag k="OBJCOD" v="ACHBRT"/>
            
        </node>
</create><create><node lat="4376633" lon="-418549" timestamp="2011-08-27T23:19:02Z" username="grimbjo"><tag k="OBJCOD" v="ACHBRT"/><tag k="OBJNAM" v="Calaiza"/><tag k="INFORM" v="Punto a resguardo del poniente (oeste). En el fondo hay restos de dos bateas (cria de mejillon) hundidas por el abandono. Puede haber cabos u otros objetos que causen enrroque del ancla. Fondo de 8-10 metros. Muy concurrido en verano."/>
            
            
            
        </node>
</create><create><node lat="4376738" lon="-418795" timestamp="2013-07-14T20:15:21Z" username="Malakanudo"><tag k="OBJCOD" v="ACHBRT"/><tag k="OBJNAM" v="Playa de Calaiza"/><tag k="INFORM" v="Para kayaks"/>
            
            
            
        </node>
</create><create><node lat="4376750" lon="-420475" timestamp="2012-07-15T13:46:12Z" username="unknown"><tag k="OBJCOD" v="ACHBRT"/>
            
        </node>
</create><create><node lat="4376777" lon="-420854" timestamp="2012-07-15T13:49:14Z" username="unknown"><tag k="OBJCOD" v="ACHBRT"/>
            
        </node>
</create><create><node lat="4376822" lon="-420133" timestamp="2013-08-05T11:27:14Z" username="Malakanudo"><tag k="OBJCOD" v="gennav"/><tag k="OBJNAM" v="Calita-cueva"/><tag k="INFORM" v="Cala minúscula, con el acantilado haciendo de pared y techo. playa de gravilla. Accesible a Kayaks y pequeñas embarcaciones o a nado desde Cantarriján."/>
            
            
            
        </node>
</create><create><node lat="4376985" lon="-420650" timestamp="2012-07-15T13:49:52Z" username="unknown"><tag k="OBJCOD" v="ACHBRT"/>
            
        </node>
</create><create><node lat="4377081" lon="-420445" timestamp="2013-07-14T20:12:04Z" username="Malakanudo"><tag k="OBJCOD" v="ACHBRT"/><tag k="OBJNAM" v="Cantarrijan"/>
            
            
        </node>
</create></bound>