<?xml version="1.0" encoding="UTF-8"?><bound box="6990743,-410941,7010264,-391372"><create><node lat="7004649" lon="-397960" timestamp="2011-10-22T15:05:21Z" username="unknown"><tag k="OBJCOD" v="gennav"/><tag k="OBJNAM" v="Outfall Conical Head"/><tag k="INFORM" v="9m long"/>
            
            
            
        </node>
</create><create><node lat="7004674" lon="-397964" timestamp="2011-10-22T15:06:55Z" username="unknown"><tag k="OBJCOD" v="gennav"/><tag k="OBJNAM" v="Outfall mast base"/><tag k="INFORM" v="directional bearing 350 degrees N"/>
            
            
            
        </node>
</create><create><node lat="7004683" lon="-397971" timestamp="2011-10-22T15:03:29Z" username="unknown"><tag k="OBJCOD" v="gennav"/><tag k="OBJNAM" v="Outfall Support Beam"/><tag k="INFORM" v="3m from seabed"/>
            
            
            
        </node>
</create><create><node lat="7007145" lon="-406857" timestamp="2015-06-19T20:31:58Z" username="bretts295" average_rating="5" reviews_count="1" rating_count="1"><tag k="OBJCOD" v="psgiio"/><tag k="catser" v="25"/><tag k="zipcde" v="Ll284nl"/><tag k="websit" v="www.rhospointpathfinder.co.uk"/><tag k="telnum" v="01492544829"/><tag k="strnam" v="2 Marine Drive"/><tag k="citynm" v="Conwy"/><tag k="OBJNAM" v="Rhos Point Tackle &amp; Bait"/><tag k="INFORM" v="Fully stocked bait &amp; tackle shop open 7 days a week 8:30-5:30"/></node>
</create></bound>