<?xml version="1.0" encoding="UTF-8"?><bound box="6502787,-391372,6522303,-371804"><create><node lat="6504692" lon="-388204" timestamp="2013-08-16T09:15:01Z" username="djj"><tag k="OBJCOD" v="BCNSPP"/><tag k="OBJNAM" v="TCYC Mark D"/><tag k="COLOUR" v="2"/><tag k="BCNSHP" v="5"/>
            
            
            
            
        </node>
</create><create><node lat="6505390" lon="-384568" timestamp="2013-08-16T09:13:18Z" username="djj"><tag k="OBJCOD" v="BCNSPP"/><tag k="OBJNAM" v="TCYC Mark C"/><tag k="COLOUR" v="2"/><tag k="BCNSHP" v="5"/>
            
            
            
            
        </node>
</create><delete><node lat="6507305" lon="-388975" timestamp="2015-04-27T17:17:52Z" username="phdwebdev"><tag k="OBJCOD" v="SOUNDG"/></node>
</delete><delete><node lat="6507357" lon="-389577" timestamp="2015-06-02T21:12:33Z" username="phdwebdev"><tag k="OBJCOD" v="SMACRA"/><tag k="ofsety" v="-501"/><tag k="ofsetx" v="-705"/><tag k="CATSMC" v="1"/></node>
</delete><create><node lat="6508256" lon="-389623" timestamp="2015-06-02T21:58:07Z" username="phdwebdev" average_rating="5" reviews_count="1" rating_count="1"><tag k="OBJCOD" v="ACHBRT"/><tag k="OBJNAM" v="Visitor Moorings"/></node>
</create><create><node lat="6508477" lon="-388186" timestamp="2013-08-16T09:16:54Z" username="djj"><tag k="OBJCOD" v="BCNSPP"/><tag k="OBJNAM" v="TCYC Mark E"/><tag k="COLOUR" v="2"/><tag k="BCNSHP" v="5"/>
            
            
            
            
        </node>
</create><create><node lat="6508504" lon="-390293" timestamp="2015-09-17T17:48:06Z" username="phdwebdev"><tag k="OBJCOD" v="psgiio"/><tag k="catser" v="135"/><tag k="OBJNAM" v="Polly Steps (Public Slipway)"/><tag k="INFORM" v="Free public slipway, access on most tidal states. Car &amp; Trailer parking available alongside. A parking attendant is on duty throughout the summer months."/></node>
</create><create><node lat="6508529" lon="-390463" timestamp="2015-07-17T15:31:32Z" username="phdwebdev"><tag k="OBJCOD" v="gennav"/><tag k="OBJNAM" v="Headquarters of B.O.A.T"/><tag k="INFORM" v="B.O.A.T. (Boat Owners Association Teignmouth). The club has over 100 members and was formed to keep a watch over each others' boats. The club welcomes anyone with an interest in boating in the Teignmouth area. www.boatownersassociationteignmouth.org"/></node>
</create><create><node lat="6508942" lon="-387870" timestamp="2013-08-16T08:51:07Z" username="djj"><tag k="OBJCOD" v="BCNSPP"/><tag k="OBJNAM" v="TCYC Mark A"/><tag k="COLOUR" v="2"/><tag k="BCNSHP" v="5"/>
            
            
            
            
        </node>
</create><create><node lat="6509321" lon="-384419" timestamp="2013-08-16T09:11:03Z" username="djj"><tag k="OBJCOD" v="BCNSPP"/><tag k="OBJNAM" v="TCYC Mark B"/><tag k="COLOUR" v="2"/><tag k="BCNSHP" v="5"/>
            
            
            
            
        </node>
</create><modify><node lat="6509982" lon="-382967" timestamp="2015-06-02T21:37:47Z" username="phdwebdev"><tag k="OBJCOD" v="WRECKS"/><tag k="OBJNAM" v="Galicia"/><tag k="INFORM" v="Struck Mine laid by U-17 on 12/05/1917&#10;&#10;The Galicia was a large Ocean Liner who had an unlucky life striking mines twice! She now lays broken in 18m of water and is a good entry level wreck dive with masses of marine life!&#10;&#10;Info from Teign Diving Centre"/><tag k="DUNITS" v="1"/></node>
</modify><create><node lat="6510038" lon="-382945" timestamp="2011-10-16T09:20:53Z" username="dobbey"><tag k="OBJCOD" v="hotspt"/><tag k="catspt" v="1"/><tag k="VALSOU" v="Good"/><tag k="OBJNAM" v="Galicia"/><tag k="INFORM" v="Wreck"/><tag k="DUNITS" v="1"/>
            
            
            
            
            
            
        </node>
</create><create><node lat="6510114" lon="-390249" timestamp="2013-08-16T08:43:26Z" username="djj"><tag k="OBJCOD" v="BOYSPP"/><tag k="OBJNAM" v="TCYC mark D"/><tag k="COLOUR" v="6"/><tag k="BOYSHP" v="5"/>
            
            
            
            
        </node>
</create><modify><node lat="6512510" lon="-375675" timestamp="2012-10-30T07:21:57Z" username="bazilyo"><tag k="OBJCOD" v="WRECKS"/><tag k="OBJNAM" v="Bennys wreck"/><tag k="DUNITS" v="1"/>
            
            
            
        </node>
</modify><create><node lat="6513253" lon="-378130" timestamp="2014-04-19T13:11:30Z" username="sun trapper"><tag k="OBJCOD" v="gennav"/><tag k="OBJNAM" v="Exe Sailing Club sailing mark ESC2"/><tag k="INFORM" v="ESC2"/>
            
            
            
        </node>
</create><create><node lat="6514594" lon="-376274" timestamp="2014-04-19T16:50:26Z" username="sun trapper"><tag k="OBJCOD" v="gennav"/><tag k="OBJNAM" v="Exe Sailing Club mark ESC3"/><tag k="INFORM" v="ESC3"/>
            
            
            
        </node>
</create><create><node lat="6514594" lon="-375866" timestamp="2014-04-19T16:42:12Z" username="sun trapper"><tag k="OBJCOD" v="gennav"/><tag k="OBJNAM" v="Exe Sailing Club mark ESC3"/><tag k="INFORM" v="ESC3"/>
            
            
            
        </node>
</create><create><node lat="6515349" lon="-381453" timestamp="2014-04-19T13:08:16Z" username="sun trapper"><tag k="OBJCOD" v="gennav"/><tag k="OBJNAM" v="East Exe Sailing Mark ESC1"/>
            
            
        </node>
</create><create><node lat="6515468" lon="-373306" timestamp="2014-04-19T16:46:03Z" username="sun trapper"><tag k="OBJCOD" v="gennav"/><tag k="OBJNAM" v="Exe Sailing Club mark ESC 4"/><tag k="INFORM" v="ESC4"/>
            
            
            
        </node>
</create><delete><node lat="6517687" lon="-378018" timestamp="2015-07-06T14:39:19Z" username="black sasha"><tag k="OBJCOD" v="SMACRA"/><tag k="ofsety" v="0"/><tag k="ofsetx" v="0"/><tag k="monvhf" v="14"/><tag k="TELNUM" v="+44 1395 26 93 14"/><tag k="SRVLST" v="28;36;47;126;74;77;78;38"/><tag k="OBJNAM" v="Exe River"/><tag k="CATSMC" v="1"/></node>
</delete><delete><node lat="6517774" lon="-378008" timestamp="2015-10-16T12:59:06Z" username="Eric the Red"><tag k="OBJCOD" v="SMACRA"/><tag k="ofsety" v="-230"/><tag k="ofsetx" v="-67"/><tag k="CATSMC" v="1"/></node>
</delete><create><node lat="6517985" lon="-377537" timestamp="2012-08-15T09:33:55Z" username="butty"><tag k="OBJCOD" v="hotspt"/><tag k="catspt" v="1"/><tag k="OBJNAM" v="Off sand bank"/><tag k="DUNITS" v="3"/>
            
            
            
            
        </node>
</create><modify><node lat="6518254" lon="-378515" timestamp="2011-01-14T14:13:30Z"><tag k="OBJCOD" v="BOYLAT"/>
            
        </node>
</modify><modify><node lat="6518636" lon="-373881" timestamp="2015-08-08T09:08:42Z" username="donaldmclintock"><tag k="OBJCOD" v="BOYSPP"/><tag k="OBJNAM" v="Is this the straight point sewage outfal"/></node>
</modify><modify><node lat="6518755" lon="-377393" timestamp="2010-12-25T08:47:10Z"><tag k="OBJCOD" v="BOYLAT"/>
            
        </node>
</modify><create><node lat="6520162" lon="-379113" timestamp="2015-01-28T16:11:55Z" username="phodger"><tag k="OBJCOD" v="gennav"/><tag k="OBJNAM" v="NCI Exmouth"/><tag k="INFORM" v="National Coastwatch Institution Exmouth&#10;T: 01395 222492&#10;VHF: 65"/></node>
</create><modify><node lat="6520602" lon="-381085" timestamp="2015-02-27T05:46:13Z" username="docpaul"><tag k="OBJCOD" v="BOYLAT"/><tag k="INFORM" v="Q R light"/><slave><tag k="OBJCOD" v="LIGHTS"/><tag k="COLOUR" v="3"/></slave></node>
</modify><create><node lat="6520793" lon="-381171" timestamp="2012-08-15T09:33:08Z" username="butty"><tag k="OBJCOD" v="hotspt"/><tag k="catspt" v="1"/><tag k="OBJNAM" v="Fishing"/><tag k="INFORM" v="Off harbour wall"/><tag k="DUNITS" v="3"/>
            
            
            
            
            
        </node>
</create><create><node lat="6520828" lon="-381044" timestamp="2012-08-15T09:26:12Z" username="butty"><tag k="OBJCOD" v="SLCONS"/><tag k="OBJNAM" v="Concrete ramp"/><tag k="INFORM" v="For power boats and jet ski, tidal run is sideways and can be difficult in spring tides"/><tag k="CATSLC" v="12"/>
            
            
            
            
        </node>
</create><create><node lat="6520882" lon="-381096" timestamp="2012-08-15T09:27:23Z" username="butty"><tag k="OBJCOD" v="psgiio"/><tag k="catser" v="23"/><tag k="OBJNAM" v="Docks Cafe"/><tag k="INFORM" v="Best breakfast ever"/>
            
            
            
            
        </node>
</create><create><node lat="6520894" lon="-381168" timestamp="2013-04-05T21:24:53Z" username="nuk"><tag k="OBJCOD" v="psgiio"/><tag k="catser" v="13"/><tag k="numvhf" v="37/M1"/><tag k="OBJNAM" v="Exeplorer water taxis"/><tag k="INFORM" v=" closes 31 October &#10;channel 37"/>
            
            
            
            
        
            
            
            
            
        </node>
</create><create><node lat="6520981" lon="-381117" timestamp="2015-07-24T09:58:44Z" username="battlerb"><tag k="OBJCOD" v="SMACRA"/><tag k="ofsety" v="0"/><tag k="ofsetx" v="0"/><tag k="OBJNAM" v="Exemouth docks"/><tag k="CATSMC" v="1"/></node>
</create><create><node lat="6520996" lon="-381059" timestamp="2015-01-28T16:23:08Z" username="phodger"><tag k="OBJCOD" v="SMACRA"/><tag k="trnbth" v="Yes"/><tag k="ofsety" v="0"/><tag k="ofsetx" v="0"/><tag k="numvhf" v="14 &quot;Exmouth Dock&quot;"/><tag k="TELNUM" v="01395 269314"/><tag k="OBJNAM" v="Exmouth Marina"/><tag k="INFORM" v="Admiralty chart 2290-2.&#10;Access via lifting footbridge - call ahead to arrange lift; remains open at night."/><tag k="CATSMC" v="1"/></node>
</create><create><node lat="6521075" lon="-381419" timestamp="2012-08-15T09:24:38Z" username="butty"><tag k="OBJCOD" v="SLCONS"/><tag k="OBJNAM" v="Shelley Beach"/><tag k="INFORM" v="Concrete boat ramp for jet ski and small power boats"/><tag k="CATSLC" v="12"/>
            
            
            
            
        </node>
</create><create><node lat="6521103" lon="-381030" timestamp="2012-08-15T09:29:02Z" username="butty"><tag k="OBJCOD" v="gennav"/><tag k="OBJNAM" v="Grain silo"/><tag k="INFORM" v="All silos now removed. Residential complex in it place"/>
            
            
            
        </node>
</create><create><node lat="6521422" lon="-379642" timestamp="2011-07-22T11:33:12Z" username="unknown"><tag k="OBJCOD" v="psgiio"/><tag k="catser" v="125"/><tag k="zipcde" v="EX8 2TA"/><tag k="websit" v="www.allgadgets.co.uk"/><tag k="telnum" v="+44 1395 227727"/><tag k="strnam" v="24 Upper Church Street"/><tag k="citynm" v="Exmouth"/><tag k="OBJNAM" v="allGadgets Marine"/><tag k="INFORM" v="Marine electronics, safety equipment, binoculars and accessories"/>
            
            
            
            
            
            
            
            
            
        </node>
</create></bound>