<?xml version="1.0" encoding="UTF-8"?><bound box="5351857,-352235,5371356,-332667"><create><node lat="5352018" lon="-345787" timestamp="2012-10-14T17:10:04Z" username="unknown"><tag k="OBJCOD" v="FSHFAC"/><tag k="OBJNAM" v="Los abuelos"/>
            
        
            
            
        </node>
</create><create><node lat="5352173" lon="-341401" timestamp="2013-08-13T22:12:15Z" username="txugo"><tag k="OBJCOD" v="BOYCAR"/><tag k="OBJNAM" v="bilbao"/><tag k="INFORM" v=" "/><tag k="COLOUR" v="2;6"/><tag k="CATCAM" v="1"/><tag k="BOYSHP" v="4"/>
            
            
            
            
            
            
            <slave>
                <tag k="OBJCOD" v="TOPMAR"/>
                <tag k="TOPSHP" v="13"/>
            </slave>
        </node>
</create><create><node lat="5352719" lon="-340373" timestamp="2015-04-09T22:07:41Z" username="unknown"><tag k="OBJCOD" v="hotspt"/><tag k="catspt" v="1"/><tag k="VALSOU" v=" "/><tag k="OBJNAM" v="baraka"/><tag k="INFORM" v="macarel y txitxarro"/><tag k="DUNITS" v="1"/></node>
</create><create><node lat="5355955" lon="-341460" timestamp="2013-08-13T22:10:16Z" username="txugo"><tag k="OBJCOD" v="hotspt"/><tag k="catspt" v="1"/><tag k="VALSOU" v=" "/><tag k="OBJNAM" v="mas"/><tag k="INFORM" v=" "/><tag k="DUNITS" v="4"/>
            
            
            
            
            
            
        </node>
</create></bound>