<?xml version="1.0" encoding="UTF-8"?><bound box="6444243,-450078,6463757,-430510"><create><node lat="6448611" lon="-445973" timestamp="2011-05-09T11:59:19Z" username="unknown"><tag k="OBJCOD" v="WRECKS"/><tag k="OBJNAM" v="coalboat"/><tag k="INFORM" v="wreck&#10;&#10;"/><tag k="DUNITS" v="3"/><tag k="CATWRK" v="5"/>
            
            
            
            
            
        </node>
</create><modify><node lat="6449171" lon="-442517" timestamp="2013-04-30T21:08:57Z" username="fishydaveduke"><tag k="OBJCOD" v="WRECKS"/><tag k="OBJNAM" v="Reflections"/><tag k="DUNITS" v="1"/>
            
            
            
        </node>
</modify><create><node lat="6452446" lon="-443303" timestamp="2015-10-06T19:43:11Z" username="jamie3"><tag k="OBJCOD" v="hotspt"/><tag k="catspt" v="1"/><tag k="VALSOU" v=" "/><tag k="OBJNAM" v="east rutts"/><tag k="INFORM" v=" "/><tag k="DUNITS" v="1"/></node>
</create><create><node lat="6453902" lon="-434103" timestamp="2013-12-01T09:01:00Z" username="richkni"><tag k="OBJCOD" v="hotspt"/><tag k="catspt" v="2"/><tag k="OBJNAM" v="Three pinnacles"/><tag k="INFORM" v="Good scenic reef"/><tag k="DUNITS" v="1"/>
            
            
            
            
            
        </node>
</create><modify><node lat="6456089" lon="-438605" timestamp="2012-06-24T21:36:19Z" username="alextbsac0456"><tag k="OBJCOD" v="WRECKS"/><tag k="OBJNAM" v="Oregon"/><tag k="INFORM" v="Slack water 3hrs before &amp; after HW Devonport&#10;Distance From Shore: 9.5NM&#10;Depth: 34m&#10;These days she lies on sand at off Bolt Tail. Most of the wreck stands only a few feet proud of the 35 metre sea bed, making it hard to shot. She is well broken up and of course there are no boilers or engine. If you are lucky you may come across one of the once-common wooden deadeyes that formed part of its rigging. The main features are the bow section, standing about four metres high, complete with anchors and winches. The stern sports a most elegant counter and rudder. At both ends you may find substantial sized shellfish. The Oregon is dived three or four times a year by Plymouth Sound Dive Club"/><tag k="DUNITS" v="1"/>
            
            
            
            
        </node>
</modify><modify><node lat="6458016" lon="-443058" timestamp="2012-06-24T21:27:25Z" username="alextbsac0456"><tag k="OBJCOD" v="WRECKS"/><tag k="OBJNAM" v="Totness Castle"/><tag k="INFORM" v="Paddle Steamer 40m, slack water 3hrs before &amp; after HW Devonport"/><tag k="DUNITS" v="1"/>
            
            
            
            
        </node>
</modify><create><node lat="6458314" lon="-430674" timestamp="2012-06-25T18:01:11Z" username="alextbsac0456"><tag k="OBJCOD" v="WRECKS"/><tag k="VALSOU" v="10"/><tag k="OBJNAM" v="The Louis Sheid"/><tag k="INFORM" v="The Sheid is a good shore dive. The wreck can be dived at any state of the tide, but south westerlies will blow the site right out. She is best dived from Leas Foot beach which means parking in Thurlestone golf club and then walking a short distance to the sandy shore. Until recently, the wreck was easily located by a stempost that emerged above the waves at low water. Alas no more, so locating the wreck while swimming in the water can be challenging. Once found, the wreck is really superb. She lies upright in 10m of water. She is well broken but the main lines of the boat can be pieced together. The boilers are well preserved, as is the rudder and part of the stern section. The wreck supports a good population of wrasse, pollack and much other sea life. In the day time the wreck is exceptionally colourful, while at night a different atmosphere and a multitude of life presides."/><tag k="DUNITS" v="1"/><tag k="CATWRK" v="1"/>
            
            
            
            
            
            
        </node>
</create><modify><node lat="6461056" lon="-448948" timestamp="2012-06-25T19:48:42Z" username="alextbsac0456"><tag k="OBJCOD" v="WRECKS"/><tag k="OBJNAM" v="Stoke Point Barge"/><tag k="DUNITS" v="1"/>
            
            
            
        </node>
</modify><create><node lat="6461989" lon="-448825" timestamp="2012-01-28T23:07:31Z" average_rating="0" rating_count="0" reviews_count="0" username="Sharkham"><tag k="OBJCOD" v="gennav"/><tag k="OBJNAM" v="Hilsea Barge"/>
            
            
        </node>
</create><create><node lat="6462321" lon="-430643" timestamp="2014-03-06T17:07:44Z" username="jandaco"><tag k="OBJCOD" v="ACHBRT"/><tag k="OBJNAM" v="Drying"/><tag k="INFORM" v="clay on surface messy on shoes"/>
            
            
            
        </node>
</create><modify><node lat="6463005" lon="-441851" timestamp="2013-07-01T20:37:51Z" username="Sharkham"><tag k="OBJCOD" v="WRECKS"/><tag k="OBJNAM" v="Persier"/><tag k="INFORM" v=" "/><tag k="DUNITS" v="1"/>
            
            
            
            
        
            
            
            
        
            
            
            
        
            
            
            
            
        </node>
</modify><create><node lat="6463038" lon="-441818" timestamp="2015-07-24T08:29:21Z" username="The Chumpy One"><tag k="OBJCOD" v="WRECKS"/><tag k="OBJNAM" v="The Persier Correct Location"/><tag k="INFORM" v="The Wreck supports a variety of life. &#10;Species caught:&#10;Pollack 5.5lb, Whiting, Cuckoo Wrasse, Mackerel. &#10;The wreck lies with its bow/stern pointing towards Burgh Island, so on a drift, tackle can be lost easily if you don't monitor the depth."/><tag k="DUNITS" v="1"/><tag k="CATWRK" v="1"/></node>
</create></bound>