<?xml version="1.0" encoding="UTF-8"?><bound box="6151556,-293529,6171067,-273961"><create><node lat="6153288" lon="-279583" timestamp="2015-07-13T10:18:57Z" username="Lopez "><tag k="OBJCOD" v="MORFAC"/><tag k="OBJNAM" v="casier n1"/><tag k="INFORM" v=" "/></node>
</create><create><node lat="6153288" lon="-279583" timestamp="2015-07-13T10:20:09Z" username="Lopez "><tag k="OBJCOD" v="hotspt"/><tag k="catspt" v="1"/><tag k="VALSOU" v=" "/><tag k="OBJNAM" v="casier n1"/><tag k="INFORM" v=" "/><tag k="DUNITS" v="1"/></node>
</create><create><node lat="6155076" lon="-292262" timestamp="2015-06-12T16:19:44Z" username="scalaire"><tag k="OBJCOD" v="SMACRA"/><tag k="trnbth" v=" "/><tag k="ofsety" v="0"/><tag k="ofsetx" v="0"/><tag k="numvhf" v=" "/><tag k="maxlen" v=" "/><tag k="dckdph" v=" "/><tag k="ZIPCDE" v=" "/><tag k="WEBSIT" v=" "/><tag k="TELNUM" v=" "/><tag k="STRNAM" v=" "/><tag k="OBJNAM" v="p1"/><tag k="INFORM" v=" "/><tag k="CITYNM" v=" "/><tag k="CATSMC" v="1"/></node>
</create><create><node lat="6166188" lon="-289238" timestamp="2012-08-01T07:43:39Z" username="Fix"><tag k="OBJCOD" v="BOYLAT"/><tag k="OBJNAM" v="Test"/><tag k="INFORM" v="Test"/><tag k="COLOUR" v="4"/><tag k="BOYSHP" v="2"/>
            
            
            
            
            
        </node>
</create><create><node lat="6168027" lon="-283156" timestamp="2013-04-26T19:05:58Z" username="camillehudelot"><tag k="OBJCOD" v="FSHFAC"/><tag k="OBJNAM" v="traine bars"/><tag k="INFORM" v=" "/>
            
            
            
        </node>
</create></bound>