<?xml version="1.0" encoding="UTF-8"?><bound box="6171067,-430510,6190578,-410941"><create><node lat="6172142" lon="-428360" timestamp="2011-07-29T09:24:08Z" username="unknown"><tag k="OBJCOD" v="SBDARE"/><tag k="NATSUR" v="17"/>
            
            
        </node>
</create><create><node lat="6172266" lon="-423966" timestamp="2015-04-26T19:30:54Z" username="lozach noel" average_rating="5" reviews_count="1" rating_count="1"><tag k="OBJCOD" v="ACHBRT"/><tag k="OBJNAM" v="Roch glas"/></node>
</create><create><node lat="6172668" lon="-426898" timestamp="2010-12-29T08:44:48Z"><tag k="OBJCOD" v="SMACRA"/><tag k="trnbth" v="30"/><tag k="open_1" v="Year Round"/><tag k="ofsety" v="0"/><tag k="ofsetx" v="0"/><tag k="numvhf" v="16"/><tag k="monvhf" v="9"/><tag k="dckdph" v="1.83 m"/><tag k="TELNUM" v="+353 2 98 62 13 14"/><tag k="SRVLST" v="71;28;29;168;122;167;174;139"/><tag k="OBJNAM" v="Morlaix"/><tag k="CATSMC" v="1"/>
            
            
            
            
            
            
            
            
            
            
            
            
        </node>
</create><delete><node lat="6172836" lon="-427038" timestamp="2015-07-21T16:02:25Z" username="Petetrin"><tag k="OBJCOD" v="SMACRA"/><tag k="ofsety" v="0"/><tag k="ofsetx" v="0"/><tag k="CATSMC" v="1"/></node>
</delete><create><node lat="6172916" lon="-427111" timestamp="2012-12-18T10:12:42Z" username="Cig"><tag k="OBJCOD" v="psgiio"/><tag k="catser" v="21"/><tag k="OBJNAM" v="Morlaix - Marina"/>
            
            
            
        </node>
</create><create><node lat="6173077" lon="-427155" timestamp="2015-07-23T00:00:00Z" username="ADAC"><tag k="OBJCOD" v="SMACRA"/><tag k="OBJNAM" v="Port de Plaisance de Roscoff"/><tag k="ofsety" v="10"/><tag k="ofsetx" v="10"/><tag k="CATSMC" v="1"/><tag k="WEBSIT" v="http://www.marinafuehrer.adac.de/haefen/port-de-plaisance-de-roscoff/"/></node>
</create><create><node lat="6180135" lon="-428378" timestamp="2014-03-14T19:09:37Z" username="Panambreizh"><tag k="OBJCOD" v="gennav"/><tag k="OBJNAM" v="Cale de mise à l'eau"/><tag k="INFORM" v=" "/>
            
            
            
        </node>
</create><create><node lat="6181640" lon="-424795" timestamp="2012-03-13T19:35:15Z" username="unknown"><tag k="OBJCOD" v="ACHBRT"/>
            
        </node>
</create><modify><node lat="6187844" lon="-429143" timestamp="2011-04-22T17:27:39Z" username="unknown"><tag k="OBJCOD" v="SMACRA"/><tag k="ofsety" v="328"/><tag k="ofsetx" v="503"/><tag k="CATSMC" v="1"/>
            
            
            
            
        </node>
</modify></bound>