<?xml version="1.0" encoding="UTF-8"?><bound box="7225014,-430510,7244538,-410941"><modify><node lat="7225989" lon="-419825" timestamp="2013-06-24T21:06:50Z" username="Serena"><tag k="OBJCOD" v="WRECKS"/><tag k="OBJNAM" v="Lily Oak"/><tag k="INFORM" v="Type - MFV&#10;Length - 42.21ft&#10;Date Sunk - 06/09/1977"/><tag k="DUNITS" v="3"/>
            
            
            
            
        </node>
</modify><modify><node lat="7235284" lon="-416995" timestamp="2013-06-24T21:03:38Z" username="Serena"><tag k="OBJCOD" v="WRECKS"/><tag k="OBJNAM" v="Castle Dawn"/><tag k="INFORM" v="Type - MFV&#10;Length - 68.90ft&#10;Date Sunk - 17:10:1967"/><tag k="DUNITS" v="3"/>
            
            
            
            
        </node>
</modify><modify><node lat="7239303" lon="-412497" timestamp="2013-06-24T20:42:27Z" username="Serena"><tag k="OBJCOD" v="WRECKS"/><tag k="OBJNAM" v="Coeur De Leon"/><tag k="INFORM" v="Type - MFV&#10;Length - 42.65ft&#10;Date Sunk - 31:07:1993"/><tag k="DUNITS" v="3"/>
            
            
            
            
        </node>
</modify></bound>