<?xml version="1.0" encoding="UTF-8"?><bound box="6288136,-430510,6307648,-410941"><create><node lat="6301105" lon="-422390" timestamp="2012-09-25T11:45:28Z" username="Gen"><tag k="OBJCOD" v="WRECKS"/><tag k="DUNITS" v="1"/><tag k="CATWRK" v="1"/>
            
            
            
        </node>
</create><create><node lat="6306929" lon="-425492" timestamp="2012-09-25T11:47:14Z" username="Gen"><tag k="OBJCOD" v="WRECKS"/><tag k="DUNITS" v="1"/><tag k="CATWRK" v="1"/>
            
            
            
        </node>
</create></bound>