<?xml version="1.0" encoding="UTF-8"?><bound box="6014989,-450078,6034498,-430510"><create><node lat="6019821" lon="-436831" timestamp="2014-06-09T08:39:40Z" username="dom70"><tag k="OBJCOD" v="ACHBRT"/><tag k="OBJNAM" v=" "/><tag k="INFORM" v=" "/>
            
            
            
        </node>
</create><create><node lat="6021276" lon="-446157" timestamp="2014-06-13T06:06:05Z" username="barre didier"><tag k="OBJCOD" v="hotspt"/><tag k="catspt" v="2"/><tag k="OBJNAM" v="la queue de menliou"/><tag k="INFORM" v="vers épave inconnue"/><tag k="DUNITS" v="1"/>
            
            
            
            
            
        </node>
</create><create><node lat="6023956" lon="-441393" timestamp="2014-05-12T10:55:47Z" username="unknown"><tag k="OBJCOD" v="hotspt"/><tag k="catspt" v="1"/><tag k="OBJNAM" v="fish&#10;"/><tag k="DUNITS" v="1"/>
            
            
            
            
        </node>
</create><create><node lat="6024993" lon="-439673" timestamp="2011-08-24T15:23:40Z" username="kevbod"><tag k="OBJCOD" v="gennav"/><tag k="INFORM" v="Pioche"/>
            
            
        </node>
</create><modify><node lat="6026142" lon="-431113" timestamp="2012-04-22T20:20:27Z" username="Piraban"><tag k="OBJCOD" v="BOYISD"/>
            
            <slave>
                <tag k="OBJCOD" v="FOGSIG"/>
            </slave>
            <slave>
                <tag k="OBJCOD" v="LIGHTS"/>
                <tag k="COLOUR" v="12"/>
            </slave>
        </node>
</modify><create><node lat="6026532" lon="-445752" timestamp="2011-04-19T09:51:28Z" username="unknown"><tag k="OBJCOD" v="ACHBRT"/><tag k="OBJNAM" v="COIN GROS BAR - LEURRE SURFACE - MER HAUTE"/>
            
            
        </node>
</create><create><node lat="6026823" lon="-446527" timestamp="2011-04-19T09:50:16Z" username="unknown"><tag k="OBJCOD" v="ACHBRT"/><tag k="OBJNAM" v="COIN BAR - MONTANTE"/>
            
            
        </node>
</create><create><node lat="6026832" lon="-446672" timestamp="2011-04-19T09:50:32Z" username="unknown"><tag k="OBJCOD" v="ACHBRT"/><tag k="OBJNAM" v="COIN BAR - MONTANTE"/>
            
            
        </node>
</create><create><node lat="6026879" lon="-448494" timestamp="2014-07-12T11:33:39Z" username="tflora"><tag k="OBJCOD" v="WRECKS"/><tag k="VALSOU" v="10"/><tag k="OBJNAM" v="Adour"/><tag k="INFORM" v="Caboteur à vapeur coulé en 1939"/><tag k="DUNITS" v="1"/><tag k="CATWRK" v="2"/>
            
            
            
            
            
            
        </node>
</create><create><node lat="6027013" lon="-446155" timestamp="2011-04-19T09:49:16Z" username="unknown"><tag k="OBJCOD" v="ACHBRT"/><tag k="OBJNAM" v="POINT BAR - MONTANTE"/>
            
            
        </node>
</create><create><node lat="6027054" lon="-446140" timestamp="2012-02-19T01:54:16Z" username="bomatt"><tag k="OBJCOD" v="hotspt"/><tag k="catspt" v="1"/><tag k="VALSOU" v=" "/><tag k="OBJNAM" v="spot à bar"/><tag k="INFORM" v=" "/><tag k="DUNITS" v="1"/>
            
            
            
            
            
            
        </node>
</create><create><node lat="6027250" lon="-446663" timestamp="2011-04-19T09:49:50Z" username="unknown"><tag k="OBJCOD" v="ACHBRT"/><tag k="OBJNAM" v="COIN BAR - MONTANTE"/>
            
            
        </node>
</create><create><node lat="6027451" lon="-440580" timestamp="2011-04-19T10:00:43Z" username="unknown"><tag k="OBJCOD" v="ACHBRT"/><tag k="OBJNAM" v="COIN BAR - DESCENDANTE"/>
            
            
        </node>
</create><create><node lat="6027671" lon="-446552" timestamp="2011-04-19T09:56:00Z" username="unknown"><tag k="OBJCOD" v="ACHBRT"/><tag k="OBJNAM" v="COIN BAR - MONTANTE LS"/>
            
            
        </node>
</create><create><node lat="6027979" lon="-444697" timestamp="2013-07-13T14:54:42Z" username="unknown"><tag k="OBJCOD" v="ACHBRT"/><tag k="OBJNAM" v="Débit de l'eau le 13/07/2013 à 16h50"/>
            
            
        </node>
</create><create><node lat="6028227" lon="-444378" timestamp="2011-04-19T09:57:31Z" username="unknown"><tag k="OBJCOD" v="ACHBRT"/><tag k="OBJNAM" v="COIN BAR - MONTANTE"/>
            
            
        </node>
</create><create><node lat="6028241" lon="-444767" timestamp="2013-08-17T09:20:59Z" username="glenan29"><tag k="OBJCOD" v="hotspt"/><tag k="catspt" v="1"/><tag k="OBJNAM" v="zone à bars"/><tag k="INFORM" v="montante"/><tag k="DUNITS" v="1"/>
            
            
            
            
            
        </node>
</create><create><node lat="6028244" lon="-446008" timestamp="2011-04-19T09:56:58Z" username="unknown"><tag k="OBJCOD" v="ACHBRT"/><tag k="OBJNAM" v="COIN BAR - HAUTE - SPOOK"/>
            
            
        </node>
</create><create><node lat="6028744" lon="-447338" timestamp="2011-04-19T09:52:58Z" username="unknown"><tag k="OBJCOD" v="ACHBRT"/><tag k="OBJNAM" v="COIN BAR - MONTANTE"/>
            
            
        </node>
</create><create><node lat="6028795" lon="-443610" timestamp="2013-08-08T08:35:14Z" username="krigdill"><tag k="OBJCOD" v="SOUNDG"/><tag k="VALSOU" v="1"/><tag k="DUNITS" v="1"/>
            
            
            
        </node>
</create><create><node lat="6028848" lon="-446728" timestamp="2012-02-17T20:50:11Z" username="bomatt"><tag k="OBJCOD" v="hotspt"/><tag k="catspt" v="1"/><tag k="VALSOU" v=" "/><tag k="OBJNAM" v="zone à bar"/><tag k="INFORM" v=" "/><tag k="DUNITS" v="1"/>
            
            
            
            
            
            
        </node>
</create><create><node lat="6028939" lon="-444089" timestamp="2013-08-08T08:32:47Z" username="krigdill"><tag k="OBJCOD" v="SOUNDG"/><tag k="VALSOU" v="1.2"/><tag k="DUNITS" v="1"/>
            
            
            
        
            
            
            
        </node>
</create><create><node lat="6028988" lon="-443718" timestamp="2013-08-08T08:35:40Z" username="krigdill"><tag k="OBJCOD" v="SOUNDG"/><tag k="VALSOU" v="1.50"/><tag k="DUNITS" v="1"/>
            
            
            
        </node>
</create><create><node lat="6029151" lon="-445337" timestamp="2012-05-11T19:10:15Z" username="nevenoe7"><tag k="OBJCOD" v="MORFAC"/><tag k="OBJNAM" v="10046"/><tag k="INFORM" v="2 m"/>
            
            
            
        </node>
</create><create><node lat="6029211" lon="-449065" timestamp="2012-07-09T19:20:43Z" username="bomatt"><tag k="OBJCOD" v="hotspt"/><tag k="catspt" v="1"/><tag k="VALSOU" v=" "/><tag k="OBJNAM" v="bomatt"/><tag k="INFORM" v=" "/><tag k="DUNITS" v="1"/>
            
            
            
            
            
            
        </node>
</create><create><node lat="6029337" lon="-443726" timestamp="2013-08-08T08:36:13Z" username="krigdill"><tag k="OBJCOD" v="SOUNDG"/><tag k="VALSOU" v="1.4"/><tag k="DUNITS" v="1"/>
            
            
            
        
            
            
            
        </node>
</create><create><node lat="6029340" lon="-445631" timestamp="2014-12-27T13:23:45Z" username="ju"><tag k="OBJCOD" v="SMACRA"/><tag k="ofsety" v="0"/><tag k="ofsetx" v="0"/><tag k="OBJNAM" v="La boucane terrible"/><tag k="CATSMC" v="1"/>
            
            
            
            
            
        </node>
</create><delete><node lat="6029356" lon="-449139" timestamp="2012-07-09T19:20:05Z" username="bomatt"><tag k="OBJCOD" v="hotspt"/><tag k="catspt" v="1"/><tag k="VALSOU" v=" "/><tag k="OBJNAM" v="bomatt"/><tag k="INFORM" v=" "/><tag k="DUNITS" v="1"/>
            
            
            
            
            
            
        </node>
</delete><create><node lat="6029523" lon="-444720" timestamp="2015-07-11T10:20:55Z" username="shearwater of mumbles"><tag k="OBJCOD" v="UWTROC"/><tag k="WATLEV" v="4"/><tag k="VALSOU" v=" "/><tag k="OBJNAM" v="Shearwater Mumbles"/><tag k="INFORM" v="Sand Spit dries between the two islands"/><tag k="DUNITS" v="1"/></node>
</create><create><node lat="6029524" lon="-447471" timestamp="2011-04-19T09:54:25Z" username="unknown"><tag k="OBJCOD" v="ACHBRT"/><tag k="OBJNAM" v="COIN BAR - MONTANTE - BONNIE 128 BLANC  SUR SABLE"/>
            
            
        
            
            
        </node>
</create><create><node lat="6029545" lon="-444696" timestamp="2015-11-18T15:01:51Z" username="dom060459"><tag k="OBJCOD" v="hotspt"/><tag k="catspt" v="1"/><tag k="DUNITS" v="1"/></node>
</create><create><node lat="6029630" lon="-448924" timestamp="2011-07-14T21:41:45Z" username="kevbod"><tag k="OBJCOD" v="hotspt"/><tag k="catspt" v="2"/><tag k="INFORM" v="Sar"/><tag k="DUNITS" v="1"/>
            
            
            
            
        </node>
</create><create><node lat="6029763" lon="-440398" timestamp="2014-07-26T11:56:34Z" username="eric.marie.fr"><tag k="OBJCOD" v="hotspt"/><tag k="catspt" v="1"/><tag k="VALSOU" v=" "/><tag k="OBJNAM" v="bars, maquereaux"/><tag k="INFORM" v=" "/><tag k="DUNITS" v="1"/>
            
            
            
            
            
            
        </node>
</create><modify><node lat="6029820" lon="-443666" timestamp="2014-10-02T23:42:28Z" username="yann IV"><tag k="OBJCOD" v="SOUNDG"/>
            
        </node>
</modify><create><node lat="6029851" lon="-441082" timestamp="2013-08-17T09:22:58Z" username="glenan29"><tag k="OBJCOD" v="hotspt"/><tag k="catspt" v="1"/><tag k="OBJNAM" v="seiches et calamars"/><tag k="DUNITS" v="1"/>
            
            
            
            
        </node>
</create><create><node lat="6030190" lon="-443013" timestamp="2012-07-18T19:15:00Z" username="aguirre"><tag k="OBJCOD" v="hotspt"/><tag k="catspt" v="1"/><tag k="OBJNAM" v="Bars"/><tag k="DUNITS" v="1"/>
            
            
            
            
        </node>
</create><create><node lat="6030280" lon="-445422" timestamp="2011-04-19T09:59:25Z" username="unknown"><tag k="OBJCOD" v="ACHBRT"/><tag k="OBJNAM" v="COIN BAR - MONTANTE"/>
            
            
        </node>
</create><create><node lat="6030455" lon="-448513" timestamp="2013-08-17T09:25:06Z" username="glenan29"><tag k="OBJCOD" v="hotspt"/><tag k="catspt" v="1"/><tag k="OBJNAM" v="zone à bao"/><tag k="INFORM" v="dorades et bars"/><tag k="DUNITS" v="1"/>
            
            
            
            
            
        </node>
</create><create><node lat="6030634" lon="-443662" timestamp="2013-06-25T17:27:59Z" username="krigdill"><tag k="OBJCOD" v="SOUNDG"/><tag k="VALSOU" v="2"/><tag k="DUNITS" v="1"/>
            
            
            
        </node>
</create><create><node lat="6031071" lon="-441213" timestamp="2015-06-18T21:42:16Z" username="harlekin"><tag k="OBJCOD" v="MORFAC"/><tag k="OBJNAM" v="Bouée de Guiriden"/></node>
</create><create><node lat="6031346" lon="-448635" timestamp="2015-06-18T21:35:22Z" username="harlekin"><tag k="OBJCOD" v="MORFAC"/><tag k="OBJNAM" v="Bouée du Run"/></node>
</create><modify><node lat="6031675" lon="-439446" timestamp="2013-12-03T12:07:25Z" username="KOTO"><tag k="OBJCOD" v="WRECKS"/><tag k="VALSOU" v="14"/><tag k="OBJNAM" v="Pietro"/><tag k="INFORM" v=" "/><tag k="DUNITS" v="1"/>
            
            
            
            
            
        </node>
</modify><modify><node lat="6032123" lon="-438888" timestamp="2014-08-19T12:08:31Z" username="Frankyallright"><tag k="OBJCOD" v="WRECKS"/><tag k="VALSOU" v="30"/><tag k="OBJNAM" v="pietro orseolo"/><tag k="INFORM" v=" "/><tag k="DUNITS" v="1"/>
            
            
            
            
            
        
            
            
            
            
            
        </node>
</modify><modify><node lat="6034348" lon="-446385" timestamp="2015-03-09T21:00:20Z" username="tomsawyer"><tag k="OBJCOD" v="WRECKS"/><tag k="VALSOU" v=" "/><tag k="OBJNAM" v="pourceau"/><tag k="INFORM" v=" "/><tag k="DUNITS" v="1"/></node>
</modify><create><node lat="6034495" lon="-446928" timestamp="2011-08-20T10:24:55Z" username="nanard.raoul"><tag k="OBJCOD" v="hotspt"/><tag k="catspt" v="1"/><tag k="DUNITS" v="1"/>
            
            
            
        </node>
</create></bound>