<?xml version="1.0" encoding="UTF-8"?><bound box="4513675,-430510,4533161,-410941"><create><node lat="4520397" lon="-424843" timestamp="2011-06-17T15:36:12Z" username="unknown"><tag k="OBJCOD" v="LIGHTS"/><tag k="COLOUR" v="3"/>
            
            
        </node>
</create><create><node lat="4522290" lon="-424690" timestamp="2013-07-07T20:20:48Z" username="unknown"><tag k="OBJCOD" v="hotspt"/><tag k="catspt" v="1"/><tag k="VALSOU" v="1"/><tag k="OBJNAM" v="819"/><tag k="INFORM" v="p"/><tag k="DUNITS" v="1"/>
            
            
            
            
            
            
        </node>
</create></bound>