<?xml version="1.0" encoding="UTF-8"?><bound box="6697951,-293529,6717469,-273961"><modify><node lat="6712026" lon="-278100" timestamp="2013-12-07T12:35:00Z" username="Skipper Clive"><tag k="OBJCOD" v="LIGHTS"/><tag k="COLOUR" v="1"/>
            
            
        </node>
</modify><create><node lat="6712984" lon="-288689" timestamp="2013-11-14T19:36:06Z" username="petesailpete"><tag k="OBJCOD" v="LIGHTS"/><tag k="COLOUR" v="1"/><tag k="abrchr" v="FL 3S 8M"/><tag k="VALNMR" v="8"/><tag k="SIGPER" v="3"/><tag k="LITCHR" v="2"/><tag k="HEIGHT" v="6"/>
            
            
            
            
            
            
            
        </node>
</create><create><node lat="6714524" lon="-278915" timestamp="2013-09-23T22:04:09Z" username="petesailpete"><tag k="OBJCOD" v="CRANES"/><tag k="OBJNAM" v=" "/><tag k="INFORM" v=" "/><tag k="CATCRN" v="4"/>
            
            
            
            
        </node>
</create><create><node lat="6714537" lon="-278903" timestamp="2013-09-23T22:06:26Z" username="petesailpete"><tag k="OBJCOD" v="ACHBRT"/><tag k="OBJNAM" v="lydney docks"/><tag k="INFORM" v=" "/>
            
            
            
        </node>
</create></bound>