<?xml version="1.0" encoding="UTF-8"?><bound box="5312859,-352235,5332358,-332667"><create><node lat="5328517" lon="-332873" timestamp="2013-05-13T18:21:00Z" username="copy"><tag k="OBJCOD" v="psgiio"/><tag k="catser" v="128"/><tag k="OBJNAM" v="kaiku"/><tag k="INFORM" v=" "/>
            
            
            
            
        </node>
</create><create><node lat="5331508" lon="-335574" timestamp="2014-12-18T21:46:46Z" username="vikingo III"><tag k="OBJCOD" v="psgiio"/><tag k="catser" v="11"/><tag k="zipcde" v=" "/><tag k="websit" v=" "/><tag k="telnum" v=" "/><tag k="strnam" v="Manuel calvo"/><tag k="numvhf" v="12-6"/><tag k="citynm" v="portugale"/><tag k="OBJNAM" v="REMOLCADORES IBAIZABAL TUG BOAT SERVICES"/><tag k="INFORM" v=" "/>
            
            
            
            
            
            
            
            
            
            
        </node>
</create><create><node lat="5331807" lon="-335843" timestamp="2013-04-22T21:15:18Z" username="copy"><tag k="OBJCOD" v="psgiio"/><tag k="catser" v="13"/>
            
            
        </node>
</create><create><node lat="5332056" lon="-335894" timestamp="2015-08-23T20:23:34Z" username="RicTel "><tag k="OBJCOD" v="gennav"/><tag k="OBJNAM" v="Puente Vizcaya"/><tag k="INFORM" v="Canal 14 VHF"/></node>
</create><create><node lat="5332321" lon="-336200" timestamp="2014-11-30T22:15:09Z" username="vikingo III"><tag k="OBJCOD" v="hotspt"/><tag k="catspt" v="1"/><tag k="VALSOU" v=" "/><tag k="OBJNAM" v="portu"/><tag k="INFORM" v="el mejor sitio pesca n esa zona"/><tag k="DUNITS" v="1"/>
            
            
            
            
            
            
        
            
            
            
            
            
        </node>
</create></bound>