<?xml version="1.0" encoding="UTF-8"?><bound box="6190578,-391372,6210089,-371804"><create><node lat="6196358" lon="-382597" timestamp="2015-06-21T20:16:44Z" username="alain22300"><tag k="OBJCOD" v="hotspt"/><tag k="catspt" v="1"/><tag k="VALSOU" v=" "/><tag k="OBJNAM" v=" "/><tag k="INFORM" v=" "/><tag k="DUNITS" v="1"/></node>
</create><create><node lat="6197014" lon="-385448" timestamp="2014-09-14T11:18:11Z" username="phmenard"><tag k="OBJCOD" v="BOYLAT"/><tag k="OBJNAM" v="Ma bouee"/><tag k="COLOUR" v="3"/><tag k="BOYSHP" v="1"/>
            
            
            
            
        </node>
</create><delete><node lat="6197872" lon="-386147" timestamp="2015-03-28T04:22:09Z" username="Gregory Guillossou"><tag k="OBJCOD" v="SMACRA"/><tag k="ofsety" v="22"/><tag k="ofsetx" v="98"/><tag k="CATSMC" v="1"/></node>
</delete><create><node lat="6197872" lon="-386146" timestamp="2015-03-28T04:22:09Z" username="Gregory Guillossou"><tag k="OBJCOD" v="SMACRA"/><tag k="ofsety" v="0"/><tag k="ofsetx" v="0"/><tag k="OBJNAM" v="Lannion"/><tag k="CATSMC" v="1"/></node>
</create><delete><node lat="6198534" lon="-386440" timestamp="2015-04-27T10:04:55Z" username="goulwen"><tag k="OBJCOD" v="WRECKS"/></node>
</delete><create><node lat="6199601" lon="-387452" timestamp="2011-11-05T13:08:56Z" username="Yann22"><tag k="OBJCOD" v="ACHBRT"/><tag k="OBJNAM" v="Beg-Hent"/><tag k="INFORM" v=" "/>
            
            
            
        </node>
</create><create><node lat="6203700" lon="-388316" timestamp="2012-02-03T22:14:18Z" username="unknown"><tag k="OBJCOD" v="hotspt"/><tag k="catspt" v="2"/><tag k="VALSOU" v="7"/><tag k="OBJNAM" v="spot a courant (bars)"/><tag k="INFORM" v="attention aux bateaux qui circulent sur cette zone (privilegiez la chasse en derive) artmada987"/><tag k="DUNITS" v="1"/>
            
            
            
            
            
            
        </node>
</create><delete><node lat="6208285" lon="-381342" timestamp="2010-12-11T17:36:35Z"><tag k="OBJCOD" v="psgiio"/><tag k="catser" v="22"/>
            
            
        </node>
</delete><create><node lat="6209124" lon="-377781" timestamp="2012-08-30T13:22:44Z" username="philippe22"><tag k="OBJCOD" v="hotspt"/><tag k="catspt" v="1"/><tag k="OBJNAM" v="bar"/><tag k="INFORM" v="descendante fin&#10;coef70"/><tag k="DUNITS" v="1"/>
            
            
            
            
            
        </node>
</create><create><node lat="6209251" lon="-378311" timestamp="2011-05-22T23:02:55Z" username="stig"><tag k="OBJCOD" v="ACHBRT"/>
            
        </node>
</create><create><node lat="6209317" lon="-382782" timestamp="2015-07-23T00:00:00Z" username="ADAC"><tag k="OBJCOD" v="SMACRA"/><tag k="OBJNAM" v="Port de Plaisance"/><tag k="ofsety" v="10"/><tag k="ofsetx" v="10"/><tag k="CATSMC" v="1"/><tag k="WEBSIT" v="http://www.marinafuehrer.adac.de/haefen/port-de-plaisance-37/"/></node>
</create><create><node lat="6209330" lon="-383211" timestamp="2015-06-17T20:54:29Z" username="utopia"><tag k="OBJCOD" v="psgiio"/><tag k="catser" v="135"/><tag k="OBJNAM" v="cale Perros Guirec"/><tag k="INFORM" v="acces quai de la douane payant par CB . Car&#xE9;nage interdit"/></node>
</create><create><node lat="6209365" lon="-381558" timestamp="2013-08-24T14:08:05Z" username="campion paul andre"><tag k="OBJCOD" v="UWTROC"/><tag k="WATLEV" v="3"/><tag k="OBJNAM" v="PAC"/><tag k="INFORM" v="D&#xE9;couvre &#xE0; mar&#xE9;e basse"/><tag k="DUNITS" v="1"/>
            
            
            
        
            
            
            
            
        </node>
</create><delete><node lat="6209394" lon="-383331" timestamp="2013-08-09T20:20:19Z" username="Piot Denis"><tag k="OBJCOD" v="psgiio"/><tag k="catser" v="23"/>
            
            
        </node>
</delete><modify><node lat="6209459" lon="-383321" timestamp="2013-02-07T17:35:13Z" username="proot01"><tag k="OBJCOD" v="psgiio"/><tag k="catser" v="23"/><tag k="zipcde" v="22700"/><tag k="websit" v=" "/><tag k="telnum" v="+33 2 96 23 20 15"/><tag k="strnam" v="91 Rue Ernest Renan"/><tag k="citynm" v="Perros-Guirec"/><tag k="OBJNAM" v="Hôtel Restaurant Le Levant"/><tag k="INFORM" v="le restaurant est definitivement ferme fin 2012"/>
            
            
            
            
            
            
            
            
            
        </node>
</modify><create><node lat="6209534" lon="-383330" timestamp="2011-01-10T16:52:05Z"><tag k="OBJCOD" v="psgiio"/><tag k="catser" v="25"/>
            
            
        </node>
</create><create><node lat="6209727" lon="-382795" timestamp="2011-01-10T16:28:20Z"><tag k="OBJCOD" v="CRANES"/><tag k="CATCRN" v="4"/>
            
            
        </node>
</create><create><node lat="6209731" lon="-382790" timestamp="2011-01-10T16:29:08Z"><tag k="OBJCOD" v="CRANES"/><tag k="CATCRN" v="4"/>
            
            
        </node>
</create><modify><node lat="6209770" lon="-382881" timestamp="2011-03-11T11:45:58Z" username="unknown"><tag k="OBJCOD" v="SMACRA"/><tag k="ofsety" v="106"/><tag k="ofsetx" v="-559"/><tag k="CATSMC" v="1"/>
            
            
            
            
        </node>
</modify><modify><node lat="6209875" lon="-383184" timestamp="2013-07-25T09:33:12Z" average_rating="4.0" rating_count="1" reviews_count="1" username="Idlewild"><tag k="OBJCOD" v="psgiio"/><tag k="catser" v="23"/>
            
            
        
            
            
        </node>
</modify><create><node lat="6209890" lon="-383224" timestamp="2011-01-10T16:26:08Z"><tag k="OBJCOD" v="psgiio"/><tag k="catser" v="53"/>
            
            
        </node>
</create><modify><node lat="6209910" lon="-383189" timestamp="2013-07-25T09:33:37Z" username="Idlewild"><tag k="OBJCOD" v="psgiio"/><tag k="catser" v="23"/>
            
            
        </node>
</modify><modify><node lat="6209919" lon="-383052" timestamp="2015-06-17T20:52:49Z" username="utopia"><tag k="OBJCOD" v="BOYSPP"/></node>
</modify><create><node lat="6209921" lon="-382819" timestamp="2012-12-18T10:10:42Z" username="Cig"><tag k="OBJCOD" v="psgiio"/><tag k="catser" v="21"/><tag k="OBJNAM" v="Perros-Guirec Marina"/>
            
            
        
            
            
            
        
            
            
            
        </node>
</create><create><node lat="6209922" lon="-382786" timestamp="2011-01-10T16:27:02Z"><tag k="OBJCOD" v="psgiio"/><tag k="catser" v="81"/>
            
            
        </node>
</create><delete><node lat="6209925" lon="-382939" timestamp="2013-08-04T19:47:26Z" username="kalik"><tag k="OBJCOD" v="BOYSPP"/>
            
        </node>
</delete><delete><node lat="6209953" lon="-383093" timestamp="2013-08-04T19:46:49Z" username="kalik"><tag k="OBJCOD" v="BOYSPP"/>
            
        </node>
</delete><delete><node lat="6209960" lon="-383031" timestamp="2013-08-04T19:46:33Z" username="kalik"><tag k="OBJCOD" v="BOYSPP"/>
            
        </node>
</delete><delete><node lat="6209968" lon="-382965" timestamp="2013-08-04T19:46:25Z" username="kalik"><tag k="OBJCOD" v="BOYSPP"/>
            
        </node>
</delete><delete><node lat="6209974" lon="-382906" timestamp="2013-08-04T19:46:12Z" username="kalik"><tag k="OBJCOD" v="BOYSPP"/>
            
        </node>
</delete><create><node lat="6210033" lon="-379445" timestamp="2011-01-09T09:59:08Z"><tag k="OBJCOD" v="UWTROC"/><tag k="WATLEV" v="3"/><tag k="DUNITS" v="1"/>
            
            
            
        </node>
</create></bound>