<?xml version="1.0" encoding="UTF-8"?><bound box="8006141,-352235,8025674,-332667"><create><node lat="8022956" lon="-343138" timestamp="2013-12-26T23:13:49Z" username="orion lk67"><tag k="OBJCOD" v="hotspt"/><tag k="catspt" v="1"/><tag k="DUNITS" v="1"/>
            
            
            
        </node>
</create><modify><node lat="8023762" lon="-342921" timestamp="2013-08-15T17:46:54Z" username="Orage" average_rating="5.0" rating_count="1" reviews_count="1"><tag k="OBJCOD" v="SMACRA"/><tag k="ofsety" v="-470"/><tag k="ofsetx" v="-497"/><tag k="CATSMC" v="1"/>
            
            
            
            
        
            
            
            
            
        
            
            
            
            
        
            
            
            
            
        </node>
</modify></bound>