<?xml version="1.0" encoding="UTF-8"?><bound box="7517898,-352235,7537425,-332667"><create><node lat="7523161" lon="-351638" timestamp="2015-07-06T15:10:40Z" username="Cookie"><tag k="OBJCOD" v="ACHBRT"/><tag k="OBJNAM" v="SE"/><tag k="INFORM" v="Cruise Ship Berth"/></node>
</create><create><node lat="7525419" lon="-351593" timestamp="2015-07-06T15:09:51Z" username="Cookie"><tag k="OBJCOD" v="ACHBRT"/><tag k="OBJNAM" v="NE"/><tag k="INFORM" v="Cruise Ship Berth"/></node>
</create><create><node lat="7536496" lon="-343031" timestamp="2013-05-27T11:48:27Z" username="silvestra"><tag k="OBJCOD" v="hotspt"/><tag k="catspt" v="1"/><tag k="OBJNAM" v="sylvestra"/><tag k="DUNITS" v="3"/>
            
            
            
            
        </node>
</create><create><node lat="7536528" lon="-343015" timestamp="2013-05-27T11:47:58Z" username="silvestra"><tag k="OBJCOD" v="hotspt"/><tag k="catspt" v="1"/><tag k="OBJNAM" v="sylvestra"/><tag k="DUNITS" v="3"/>
            
            
            
            
        </node>
</create></bound>