<?xml version="1.0" encoding="UTF-8"?><bound box="5975972,-391372,5995481,-371804"><modify><node lat="5986695" lon="-372347" timestamp="2013-12-13T23:28:34Z" username="tambouille"><tag k="OBJCOD" v="WRECKS"/><tag k="OBJNAM" v="Setesdal"/><tag k="INFORM" v="80L &#10;12l"/><tag k="DUNITS" v="1"/>
            
            
            
            
        </node>
</modify><create><node lat="5988558" lon="-383515" timestamp="2013-08-15T10:26:07Z" username="unknown"><tag k="OBJCOD" v="hotspt"/><tag k="catspt" v="1"/><tag k="OBJNAM" v="bon songe entitÃ© 754&#10;&#10;"/><tag k="DUNITS" v="1"/>
            
            
            
            
        </node>
</create><create><node lat="5988561" lon="-383527" timestamp="2013-08-10T12:10:52Z" username="unknown"><tag k="OBJCOD" v="hotspt"/><tag k="catspt" v="1"/><tag k="OBJNAM" v="bon songe"/><tag k="DUNITS" v="1"/>
            
            
            
            
        </node>
</create><create><node lat="5989924" lon="-380355" timestamp="2013-12-13T22:54:30Z" username="tambouille"><tag k="OBJCOD" v="WRECKS"/><tag k="OBJNAM" v="Bourbaki"/><tag k="DUNITS" v="1"/><tag k="CATWRK" v="1"/>
            
            
            
            
        </node>
</create></bound>