<?xml version="1.0" encoding="UTF-8"?><bound box="4338313,-332667,4357796,-313098"><create><node lat="4346735" lon="-317671" timestamp="2015-05-29T16:18:20Z" username="blue moon 54"><tag k="OBJCOD" v="FSHFAC"/><tag k="OBJNAM" v="Big blue drum-buoy fisheries no light"/><tag k="INFORM" v="Big blue drum-buoy fisheries no light"/></node>
</create><create><node lat="4347158" lon="-313756" timestamp="2015-05-29T16:17:49Z" username="blue moon 54"><tag k="OBJCOD" v="FSHFAC"/><tag k="OBJNAM" v="Big blue drum-buoy fisheries no light"/><tag k="INFORM" v="Big blue drum-buoy fisheries no light"/></node>
</create></bound>