<?xml version="1.0" encoding="UTF-8"?><bound box="4357796,-313098,4377280,-293529"><create><node lat="4364765" lon="-311994" timestamp="2013-06-28T06:34:16Z" username="unknown"><tag k="OBJCOD" v="BCNLAT"/><tag k="OBJNAM" v="P&#10;"/><tag k="COLOUR" v="3;4"/><tag k="BCNSHP" v="5"/>
            
            
            
            
        </node>
</create><create><node lat="4364791" lon="-311527" timestamp="2013-08-05T05:58:54Z" username="unknown"><tag k="OBJCOD" v="BCNLAT"/><tag k="COLOUR" v="4"/><tag k="BCNSHP" v="5"/>
            
            
            
        </node>
</create><create><node lat="4364920" lon="-312210" timestamp="2013-08-26T06:48:29Z" username="unknown"><tag k="OBJCOD" v="BCNLAT"/><tag k="OBJNAM" v="L"/><tag k="COLOUR" v="3;4"/><tag k="BCNSHP" v="5"/>
            
            
            
            
        </node>
</create><create><node lat="4364968" lon="-310971" timestamp="2013-07-12T07:00:54Z" username="unknown"><tag k="OBJCOD" v="BCNCAR"/><tag k="OBJNAM" v="GA&lt;L0 L"/><tag k="COLOUR" v="2;6;2"/><tag k="CATCAM" v="2"/><tag k="BCNSHP" v="5"/>
            
            
            
            
            
            <slave>
                <tag k="OBJCOD" v="TOPMAR"/>
                <tag k="TOPSHP" v="11"/>
            </slave>
        </node>
</create><create><node lat="4365267" lon="-310884" timestamp="2013-07-19T07:01:53Z" username="unknown"><tag k="OBJCOD" v="WRECKS"/><tag k="OBJNAM" v="i."/><tag k="DUNITS" v="1"/><tag k="CATWRK" v="1"/>
            
            
            
            
        </node>
</create><create><node lat="4365456" lon="-310454" timestamp="2013-04-08T05:50:18Z" username="unknown"><tag k="OBJCOD" v="BCNLAT"/><tag k="OBJNAM" v="gallo levante&#10;"/><tag k="COLOUR" v="4"/><tag k="BCNSHP" v="5"/>
            
            
            
            
        </node>
</create><create><node lat="4365496" lon="-310652" timestamp="2013-06-05T07:15:19Z" username="unknown"><tag k="OBJCOD" v="BCNLAT"/><tag k="OBJNAM" v="L&#10;"/><tag k="COLOUR" v="3"/><tag k="BCNSHP" v="5"/>
            
            
            
            
        </node>
</create><create><node lat="4365510" lon="-309605" timestamp="2013-07-08T07:19:32Z" username="unknown"><tag k="OBJCOD" v="BCNCAR"/><tag k="COLOUR" v="2;6"/><tag k="CATCAM" v="1"/><tag k="BCNSHP" v="5"/>
            
            
            
            
            <slave>
                <tag k="OBJCOD" v="TOPMAR"/>
                <tag k="TOPSHP" v="13"/>
            </slave>
        </node>
</create><create><node lat="4365773" lon="-311502" timestamp="2013-06-05T07:56:15Z" username="unknown"><tag k="OBJCOD" v="BCNLAT"/><tag k="OBJNAM" v="p"/><tag k="COLOUR" v="3"/><tag k="BCNSHP" v="5"/>
            
            
            
            
        </node>
</create><create><node lat="4366260" lon="-301780" timestamp="2015-01-15T17:49:39Z" username="jalili"><tag k="OBJCOD" v="hotspt"/><tag k="catspt" v="1"/><tag k="OBJNAM" v="MAG"/><tag k="DUNITS" v="3"/></node>
</create><create><node lat="4366737" lon="-309357" timestamp="2013-06-05T08:19:49Z" username="unknown"><tag k="OBJCOD" v="BCNLAT"/><tag k="OBJNAM" v="L"/><tag k="COLOUR" v="4;3;4"/><tag k="BCNSHP" v="5"/>
            
            
            
            
        </node>
</create><create><node lat="4367230" lon="-310266" timestamp="2013-07-22T08:55:17Z" username="unknown"><tag k="OBJCOD" v="BCNLAT"/><tag k="OBJNAM" v="P"/><tag k="COLOUR" v="4;3;4"/><tag k="BCNSHP" v="5"/>
            
            
            
            
        </node>
</create><create><node lat="4367232" lon="-296952" timestamp="2013-10-31T19:29:20Z" username="juanluisfiscosur"><tag k="OBJCOD" v="hotspt"/><tag k="catspt" v="1"/><tag k="VALSOU" v=" "/><tag k="OBJNAM" v="faro 40 metros"/><tag k="INFORM" v=" "/><tag k="DUNITS" v="1"/>
            
            
            
            
            
            
        </node>
</create><create><node lat="4367246" lon="-311664" timestamp="2013-07-19T07:16:46Z" username="unknown"><tag k="OBJCOD" v="WRECKS"/><tag k="OBJNAM" v="P"/><tag k="DUNITS" v="1"/><tag k="CATWRK" v="1"/>
            
            
            
            
        </node>
</create><create><node lat="4367354" lon="-310691" timestamp="2013-07-12T08:31:35Z" username="unknown"><tag k="OBJCOD" v="BCNLAT"/><tag k="OBJNAM" v="L"/><tag k="COLOUR" v="3;4"/><tag k="BCNSHP" v="5"/>
            
            
            
            
        </node>
</create><modify><node lat="4367680" lon="-306759" timestamp="2014-07-23T16:28:08Z" username="DG007"><tag k="OBJCOD" v="WRECKS"/><tag k="VALSOU" v=" "/><tag k="OBJNAM" v="S TERESA"/><tag k="INFORM" v="Gedoken op 23 juli geen wrak gevonden"/><tag k="DUNITS" v="1"/>
            
            
            
            
            
        
            
            
            
        </node>
</modify><create><node lat="4368058" lon="-308399" timestamp="2015-10-22T02:28:34Z" username="JackSparrow001"><tag k="OBJCOD" v="BOYCAR"/><tag k="abrchr" v="YB Q(6)+LFL 15S"/><tag k="OBJNAM" v="S&#xFC;d Quadrant Hauptboje"/><tag k="INFORM" v="[YB Q(6)+1LFL 10s] S&#xFC;d KardinalBoje mit weissem Funkelfeuer 6 und Blinkfeuer 1 alle 10 Sekunden"/><tag k="COLPAT" v="1"/><tag k="COLOUR" v="6;2"/><tag k="CATCAM" v="3"/><tag k="BOYSHP" v="4"/><slave><tag k="OBJCOD" v="LIGHTS"/><tag k="SIGGRP" v="(6)"/><tag k="SIGPER" v="15"/><tag k="abrchr" v="YB Q(6)+LFL 15S"/><tag k="COLOUR" v="1"/><tag k="LITCHR" v="25"/></slave><slave><tag k="OBJCOD" v="TOPMAR"/><tag k="abrchr" v="YB Q(6)+LFL 15S"/><tag k="COLOUR" v="2"/><tag k="TOPSHP" v="14"/></slave></node>
</create><modify><node lat="4368353" lon="-306802" timestamp="2014-07-23T16:27:13Z" username="DG007"><tag k="OBJCOD" v="WRECKS"/><tag k="VALSOU" v=" "/><tag k="OBJNAM" v=" "/><tag k="INFORM" v="WRECK(1917) gedoken op 23 juli 2014 geen wrak gevonden"/><tag k="DUNITS" v="1"/>
            
            
            
            
            
        </node>
</modify><delete><node lat="4368428" lon="-308388" timestamp="2014-06-07T10:59:10Z" username="matira"><tag k="OBJCOD" v="BOYCAR"/></node>
</delete><delete><node lat="4368429" lon="-308388" timestamp="2015-10-22T02:30:24Z" username="JackSparrow001"><tag k="OBJCOD" v="BOYCAR"/><tag k="OBJNAM" v="S&#xFC;d Quadrant Hauptboje"/><tag k="INFORM" v="[YB Q(6)+1LFL 10s] S&#xFC;d KardinalBoje mit weissem Funkelfeuer 6 und Blinkfeuer 1 alle 10 Sekunden"/></node>
</delete><modify><node lat="4369349" lon="-308537" timestamp="2014-07-26T16:16:19Z" username="Soneya"><tag k="OBJCOD" v="UWTROC"/><tag k="VALSOU" v="2"/><tag k="OBJNAM" v="Rocas Entinas"/><tag k="INFORM" v="Peligrosas. Cota superior -2 metros de profundidad"/><tag k="DUNITS" v="1"/>
            
            
            
            
            
        </node>
</modify><create><node lat="4369557" lon="-294716" timestamp="2015-08-07T18:44:27Z" username="asirio"><tag k="OBJCOD" v="gennav"/><tag k="OBJNAM" v="pargos?"/><tag k="INFORM" v="es la zona de pargos?"/></node>
</create><modify><node lat="4371061" lon="-310721" timestamp="2015-10-22T02:15:55Z" username="JackSparrow001"><tag k="OBJCOD" v="LIGHTS"/><tag k="COLOUR" v="1"/></node>
</modify><create><node lat="4371061" lon="-310705" timestamp="2014-02-10T17:56:42Z" username="josemialmenara"><tag k="OBJCOD" v="SMACRA"/><tag k="trnbth" v=" "/><tag k="ofsety" v="0"/><tag k="ofsetx" v="0"/><tag k="numvhf" v=" "/><tag k="maxlen" v=" "/><tag k="dckdph" v=" "/><tag k="ZIPCDE" v=" "/><tag k="WEBSIT" v=" "/><tag k="TELNUM" v=" "/><tag k="STRNAM" v=" "/><tag k="SRVLST" v="28;49;122;47"/><tag k="OBJNAM" v="almerimar"/><tag k="INFORM" v="8 euros +luz temporada baja velero 10.32"/><tag k="CITYNM" v=" "/><tag k="CATSMC" v="1"/>
            
            
            
            
            
            
            
            
            
            
            
            
            
            
            
            
        </node>
</create><create><node lat="4371081" lon="-310706" timestamp="2011-09-28T18:57:59Z" username="dioni200369"><tag k="OBJCOD" v="psgiio"/><tag k="catser" v="133"/><tag k="OBJNAM" v="CN ALMERIMAR"/><tag k="INFORM" v="Club náutico Almerimar. Clases de vela todos los niveles. InfNtiles desde 8 años. Regatas periódicas. Flota propia First Class 8."/>
            
            
            
            
        </node>
</create><create><node lat="4371085" lon="-310614" timestamp="2013-10-07T15:57:58Z" username="pozicas"><tag k="OBJCOD" v="SMACRA"/><tag k="trnbth" v=" "/><tag k="ofsety" v="0"/><tag k="ofsetx" v="0"/><tag k="numvhf" v=" "/><tag k="maxlen" v=" "/><tag k="dckdph" v=" "/><tag k="ZIPCDE" v=" "/><tag k="WEBSIT" v=" "/><tag k="TELNUM" v=" "/><tag k="STRNAM" v=" "/><tag k="OBJNAM" v="almerimar"/><tag k="INFORM" v=" "/><tag k="CITYNM" v=" "/><tag k="CATSMC" v="12"/>
            
            
            
            
            
            
            
            
            
            
            
            
            
            
            
        </node>
</create><create><node lat="4371232" lon="-310473" timestamp="2013-10-18T08:10:56Z" average_rating="5" rating_count="1" reviews_count="1" username="captain col"><tag k="OBJCOD" v="psgiio"/><tag k="catser" v="2"/><tag k="zipcde" v="04711"/><tag k="websit" v="Www.almerimarmarine.com"/><tag k="telnum" v="0034 617236563.   0034619992520"/><tag k="strnam" v="Varadero puerto almerimar"/><tag k="citynm" v="El ejido ( almeria)"/><tag k="OBJNAM" v="Almerimar marine services"/><tag k="INFORM" v="Yacht repairs and maintainence rigging , complete professional marine service . English ,Spanish and German spoken. Chandlery and rigging supplies. Refrigeration engineering fibreglass repairs antifoul."/>
            
            
            
            
            
            
            
            
            
        </node>
</create><create><node lat="4371263" lon="-310276" timestamp="2012-08-18T20:25:24Z" username="SpeeBea"><tag k="OBJCOD" v="psgiio"/><tag k="catser" v="3"/><tag k="zipcde" v="04711"/><tag k="websit" v="http://www.alamar-marine.com"/><tag k="telnum" v="950 497 947"/><tag k="strnam" v="Calle Varadero, 4"/><tag k="citynm" v="Almerimar"/><tag k="OBJNAM" v="Alamar Centro Nautico"/><tag k="INFORM" v="Open Monday -Friday 10:00 - 20:00&#10;Saturday 10:00 - 14:00&#10;Sunday Closed"/>
            
            
            
            
            
            
            
            
            
        </node>
</create><create><node lat="4371322" lon="-311024" timestamp="2012-05-27T08:44:25Z" username="TUZ"><tag k="OBJCOD" v="psgiio"/><tag k="catser" v="21"/>
            
            
        </node>
</create><create><node lat="4371331" lon="-310528" timestamp="2013-10-18T04:12:38Z" username="captain col" average_rating="4.0" rating_count="1" reviews_count="1"><tag k="OBJCOD" v="psgiio"/><tag k="catser" v="2"/><tag k="zipcde" v=" "/><tag k="websit" v=" "/><tag k="telnum" v=" "/><tag k="strnam" v=" "/><tag k="citynm" v=" "/><tag k="OBJNAM" v="Almerimar Shipyard"/><tag k="INFORM" v="Just completed haulout antifoul rig check etc highly recommended ,very cheap very helpful people great service chandleries close by great town best place in Spain for wintering repairs etc and great weather it doesn't rain here end of oct still 28 degress"/>
            
            
            
            
            
            
            
            
            
        
            
            
        
            
            
        
            
            
            
        </node>
</create><create><node lat="4371351" lon="-310376" timestamp="2012-07-28T09:42:27Z" username="Wild Goose"><tag k="OBJCOD" v="psgiio"/><tag k="catser" v="3"/><tag k="citynm" v="Almerimar"/><tag k="OBJNAM" v="Alamar Marine"/><tag k="INFORM" v="Wonderful shop with very helpful English speaking staff. They will order almost anything and can be a big resource. Ask for Spence4"/>
            
            
            
            
            
        </node>
</create><create><node lat="4371359" lon="-311043" timestamp="2014-11-27T23:20:07Z" username="Mikon"><tag k="OBJCOD" v="psgiio"/><tag k="catser" v="53"/><tag k="zipcde" v=" "/><tag k="websit" v=" "/><tag k="telnum" v=" "/><tag k="strnam" v=" "/><tag k="numvhf" v="9"/><tag k="citynm" v=" "/><tag k="OBJNAM" v="Port office"/><tag k="INFORM" v=" "/>
            
            
            
            
            
            
            
            
            
            
        </node>
</create><create><node lat="4371390" lon="-310288" timestamp="2011-06-27T17:08:22Z" username="Navigator99"><tag k="OBJCOD" v="gennav"/><tag k="OBJNAM" v="Medical Centre"/>
            
            
        </node>
</create><create><node lat="4371451" lon="-310503" timestamp="2012-08-18T20:24:35Z" username="SpeeBea"><tag k="OBJCOD" v="psgiio"/><tag k="catser" v="3"/><tag k="zipcde" v="04711"/><tag k="websit" v="http://www.alamar-marine.com"/><tag k="telnum" v="950 497 947"/><tag k="strnam" v="Calle Varadero, 4"/><tag k="citynm" v="Almerimar"/><tag k="OBJNAM" v="Alamar Centro Nautico"/><tag k="INFORM" v="Open Monday -Friday 10:00 - 20:00&#10;Saturday 10:00 - 14:00&#10;Sunday Closed"/>
            
            
            
            
            
            
            
            
            
        </node>
</create><create><node lat="4371452" lon="-310505" timestamp="2011-06-27T17:11:08Z" username="Navigator99"><tag k="OBJCOD" v="psgiio"/><tag k="catser" v="134"/>
            
            
        </node>
</create><create><node lat="4371476" lon="-310416" timestamp="2013-10-15T08:23:14Z" username="eriste"><tag k="OBJCOD" v="gennav"/><tag k="OBJNAM" v="Millemnium bar"/><tag k="INFORM" v="Great and cheap tapas!"/>
            
            
            
        </node>
</create><create><node lat="4371537" lon="-311555" timestamp="2015-07-23T00:00:00Z" username="ADAC"><tag k="OBJCOD" v="SMACRA"/><tag k="OBJNAM" v="Puerto Deportivo Almerimar"/><tag k="ofsety" v="10"/><tag k="ofsetx" v="10"/><tag k="CATSMC" v="1"/><tag k="WEBSIT" v="http://www.marinafuehrer.adac.de/haefen/puerto-deportivo-almerimar/"/></node>
</create><create><node lat="4371623" lon="-310864" timestamp="2014-11-27T23:16:21Z" username="Mikon"><tag k="OBJCOD" v="psgiio"/><tag k="catser" v="41"/><tag k="zipcde" v=" "/><tag k="websit" v=" "/><tag k="telnum" v=" "/><tag k="strnam" v=" "/><tag k="citynm" v=" "/><tag k="OBJNAM" v="Laundry"/><tag k="INFORM" v="Self service"/>
            
            
            
            
            
            
            
            
            
        </node>
</create><modify><node lat="4371625" lon="-311562" timestamp="2014-03-15T10:08:41Z" username="SkipperKen" average_rating="4.0" rating_count="2" reviews_count="2"><tag k="OBJCOD" v="SMACRA"/><tag k="trnbth" v="2"/><tag k="ofsety" v="180"/><tag k="ofsetx" v="360"/><tag k="numvhf" v="9"/><tag k="maxlen" v=" "/><tag k="dckdph" v=" "/><tag k="ZIPCDE" v=" "/><tag k="WEBSIT" v="http://bit.ly/1a4weeH"/><tag k="TELNUM" v="+34 950320890"/><tag k="STRNAM" v=" "/><tag k="SRVLST" v="28;29;168;36;39;167;122;127;125;130;49;126;47"/><tag k="OBJNAM" v="Almerimar - Odyssea Network"/><tag k="INFORM" v="E-mail: infomarina@almerimarpuerto.com"/><tag k="CITYNM" v=" "/><tag k="CATSMC" v="1"/>
            
            
            
            
        
            
            
            
            
            
            
            
        
            
            
            
            
            
            
            
            
            
            
            
            
        
            
            
            
            
            
            
            
            
            
            
            
            
        
            
            
            
            
            
            
            
            
        
            
            
            
            
            
            
            
            
        
            
            
            
            
            
            
            
            
            
            
            
            
            
            
            
            
        </node>
</modify><create><node lat="4371628" lon="-310729" timestamp="2014-11-27T23:15:37Z" username="Mikon"><tag k="OBJCOD" v="psgiio"/><tag k="catser" v="41"/><tag k="zipcde" v=" "/><tag k="websit" v=" "/><tag k="telnum" v=" "/><tag k="strnam" v=" "/><tag k="citynm" v=" "/><tag k="OBJNAM" v="Laundry"/><tag k="INFORM" v="No self service"/>
            
            
            
            
            
            
            
            
            
        </node>
</create><create><node lat="4371800" lon="-310389" timestamp="2014-11-27T23:12:24Z" username="Mikon"><tag k="OBJCOD" v="psgiio"/><tag k="catser" v="20"/><tag k="zipcde" v=" "/><tag k="websit" v=" "/><tag k="telnum" v=" "/><tag k="strnam" v=" "/><tag k="citynm" v=" "/><tag k="OBJNAM" v="Mercadona"/><tag k="INFORM" v="Open 09:00 - 21:30 except on sundays"/>
            
            
            
            
            
            
            
            
            
        </node>
</create><delete><node lat="4371812" lon="-311596" timestamp="2015-11-16T18:00:52Z" username="frankv"><tag k="OBJCOD" v="LIGHTS"/><tag k="COLOUR" v="3"/></node>
</delete><delete><node lat="4371822" lon="-311621" timestamp="2013-02-19T21:12:20Z" username="unknown"><tag k="OBJCOD" v="LIGHTS"/><tag k="COLOUR" v="3"/>
            
            
        </node>
</delete></bound>