<?xml version="1.0" encoding="UTF-8"?><bound box="6014989,-371804,6034498,-352235"><create><node lat="6016611" lon="-357629" timestamp="2010-12-10T06:54:06Z"><tag k="OBJCOD" v="WATTUR"/><tag k="OBJNAM" v="Ban de sable"/>
            
            
        </node>
</create><modify><node lat="6018837" lon="-357093" timestamp="2013-12-31T10:53:17Z" username="3rdEncounter" average_rating="5.0" rating_count="1" reviews_count="1"><tag k="OBJCOD" v="SMACRA"/><tag k="trnbth" v="15"/><tag k="ofsety" v="64"/><tag k="ofsetx" v="204"/><tag k="numvhf" v="9"/><tag k="ZIPCDE" v="56410"/><tag k="TELNUM" v="+33 297554662"/><tag k="SRVLST" v="71;28;29;168;36;39;126;167"/><tag k="OBJNAM" v="Etel"/><tag k="CITYNM" v="Etel"/><tag k="CATSMC" v="1"/>
            
            
            
            
        
            
            
            
            
            
            
            
        
            
            
            
            
            
            
            
            
            
            
            
        
            
            
            
            
            
            
            
            
            
            
            
        
            
            
            
            
            
            
            
            
            
            
            
        
            
            
            
            
            
            
            
            
            
            
            
        
            
            
            
            
        
            
            
            
            
        </node>
</modify><create><node lat="6018910" lon="-357249" timestamp="2015-07-23T00:00:00Z" username="ADAC"><tag k="OBJCOD" v="SMACRA"/><tag k="OBJNAM" v="Port de Plaisance"/><tag k="ofsety" v="10"/><tag k="ofsetx" v="10"/><tag k="CATSMC" v="1"/><tag k="WEBSIT" v="http://www.marinafuehrer.adac.de/haefen/port-de-plaisance-41/"/></node>
</create><create><node lat="6020681" lon="-358458" timestamp="2013-01-20T16:42:53Z" username="unknown"><tag k="OBJCOD" v="ACHBRT"/><tag k="OBJNAM" v="ancrage"/>
            
            
        </node>
</create><create><node lat="6020701" lon="-358458" timestamp="2012-12-27T19:53:26Z" username="unknown"><tag k="OBJCOD" v="hotspt"/><tag k="catspt" v="1"/><tag k="OBJNAM" v="Bar"/><tag k="DUNITS" v="1"/>
            
            
            
            
        </node>
</create><create><node lat="6022912" lon="-353014" timestamp="2012-08-26T16:26:32Z" username="baleine"><tag k="OBJCOD" v="SLCONS"/><tag k="OBJNAM" v="Belz"/><tag k="INFORM" v="Accès marée +/-3h"/><tag k="CATSLC" v="12"/>
            
            
            
            
        </node>
</create><modify><node lat="6023372" lon="-368264" timestamp="2013-07-21T20:08:38Z" username="Guede"><tag k="OBJCOD" v="WRECKS"/><tag k="VALSOU" v="-2.70"/><tag k="OBJNAM" v=" "/><tag k="INFORM" v="Épave visible juste à marée basse avec coefficient supérieur à 70"/><tag k="DUNITS" v="1"/>
            
            
            
            
            
        </node>
</modify><create><node lat="6023528" lon="-368105" timestamp="2014-10-24T22:49:48Z" username="fred22800"><tag k="OBJCOD" v="WRECKS"/><tag k="VALSOU" v="10"/><tag k="OBJNAM" v="Thuringen"/><tag k="INFORM" v="cuirassé allemand&#10;longueur 167 m"/><tag k="DUNITS" v="1"/><tag k="CATWRK" v="2"/>
            
            
            
            
            
            
        </node>
</create><create><node lat="6023575" lon="-370508" timestamp="2013-05-02T19:23:09Z" username="unknown"><tag k="OBJCOD" v="UWTROC"/><tag k="WATLEV" v="2"/><tag k="OBJNAM" v="plateau"/><tag k="DUNITS" v="1"/>
            
            
            
            
        </node>
</create><create><node lat="6025397" lon="-370836" timestamp="2015-04-16T08:29:03Z" username="Explorateur"><tag k="OBJCOD" v="SMACRA"/><tag k="trnbth" v=" "/><tag k="ofsety" v="0"/><tag k="ofsetx" v="0"/><tag k="numvhf" v=" "/><tag k="maxlen" v=" "/><tag k="dckdph" v=" "/><tag k="ZIPCDE" v=" "/><tag k="WEBSIT" v=" "/><tag k="TELNUM" v=" "/><tag k="STRNAM" v=" "/><tag k="OBJNAM" v="Port louis"/><tag k="INFORM" v=" "/><tag k="CITYNM" v=" "/><tag k="CATSMC" v="1"/></node>
</create><create><node lat="6034192" lon="-365757" timestamp="2011-03-11T15:33:04Z" username="unknown"><tag k="OBJCOD" v="BCNLAT"/><tag k="abrchr" v="R OC R 4S 6M"/><tag k="COLOUR" v="3"/><tag k="CATLAM" v="1"/><tag k="BCNSHP" v="3"/>
            
            
            
            
            
            <slave>
                <tag k="OBJCOD" v="LIGHTS"/>
                <tag k="SECTR1" v="182.00"/>
                <tag k="SECTR2" v="24.00"/>
                <tag k="SIGPER" v="4.00"/>
                <tag k="VALNMR" v="6.00"/>
                <tag k="abrchr" v="R OC R 4S 6M"/>
                <tag k="COLOUR" v="3"/>
                <tag k="LITCHR" v="8"/>
                <tag k="VERDAT" v="3"/>
            </slave>
            <slave>
                <tag k="OBJCOD" v="LIGHTS"/>
                <tag k="SECTR1" v="24.00"/>
                <tag k="SECTR2" v="182.00"/>
                <tag k="abrchr" v="R OC R 4S 6M"/>
                <tag k="LITCHR" v="8"/>
                <tag k="LITVIS" v="7"/>
                <tag k="VERDAT" v="3"/>
            </slave>
        </node>
</create></bound>