<?xml version="1.0" encoding="UTF-8"?><bound box="5332358,-313098,5351857,-293529"><create><node lat="5337261" lon="-298230" timestamp="2014-08-03T19:37:04Z" username="BalinRR"><tag k="OBJCOD" v="SBDARE"/><tag k="NATSUR" v="1"/><tag k="INFORM" v=" "/>
            
            
            
        </node>
</create><create><node lat="5338334" lon="-298917" timestamp="2014-11-02T18:37:31Z" username="Narmer"><tag k="OBJCOD" v="psgiio"/><tag k="catser" v="2"/><tag k="zipcde" v=" "/><tag k="websit" v=" "/><tag k="telnum" v=" "/><tag k="strnam" v=" "/><tag k="citynm" v=" "/><tag k="OBJNAM" v="Astillero Murueta"/><tag k="INFORM" v=" "/>
            
            
            
            
            
            
            
            
            
        </node>
</create><create><node lat="5338530" lon="-298531" timestamp="2014-08-03T19:34:14Z" username="BalinRR"><tag k="OBJCOD" v="SBDARE"/><tag k="NATSUR" v="1"/><tag k="INFORM" v=" "/>
            
            
            
        </node>
</create><create><node lat="5338624" lon="-298382" timestamp="2014-08-15T17:30:30Z" username="BalinRR"><tag k="OBJCOD" v="hotspt"/><tag k="catspt" v="1"/><tag k="VALSOU" v=" "/><tag k="OBJNAM" v="1&#10;,"/><tag k="INFORM" v=" "/><tag k="DUNITS" v="1"/>
            
            
            
            
            
            
        </node>
</create><create><node lat="5341239" lon="-304811" timestamp="2012-07-15T16:43:00Z" username="Leblaek"><tag k="OBJCOD" v="gennav"/><tag k="OBJNAM" v="Lurdeia"/><tag k="INFORM" v="Guesthouse"/>
            
            
            
        </node>
</create><create><node lat="5341685" lon="-299042" timestamp="2014-08-03T19:35:54Z" username="BalinRR"><tag k="OBJCOD" v="SBDARE"/><tag k="NATSUR" v="4"/><tag k="INFORM" v=" "/>
            
            
            
        </node>
</create><create><node lat="5342786" lon="-298663" timestamp="2014-08-29T11:47:08Z" username="Narmer"><tag k="OBJCOD" v="BCNISD"/><tag k="OBJNAM" v="Espeque"/><tag k="INFORM" v=" "/><tag k="COLOUR" v="2;3;2"/><tag k="BCNSHP" v="5"/>
            
            
            
            
            
            <slave>
                <tag k="OBJCOD" v="TOPMAR"/>
                <tag k="TOPSHP" v="4"/>
            </slave>
        </node>
</create><delete><node lat="5344177" lon="-293618" timestamp="2015-06-21T20:22:11Z" username="Josan"><tag k="OBJCOD" v="MORFAC"/></node>
</delete><delete><node lat="5344182" lon="-293630" timestamp="2015-06-21T20:22:26Z" username="Josan"><tag k="OBJCOD" v="MORFAC"/></node>
</delete><delete><node lat="5344199" lon="-293609" timestamp="2015-06-21T20:22:45Z" username="Josan"><tag k="OBJCOD" v="MORFAC"/></node>
</delete><delete><node lat="5344200" lon="-293629" timestamp="2015-06-21T20:22:36Z" username="Josan"><tag k="OBJCOD" v="MORFAC"/></node>
</delete><delete><node lat="5344225" lon="-293603" timestamp="2015-06-21T20:22:58Z" username="Josan"><tag k="OBJCOD" v="MORFAC"/></node>
</delete><delete><node lat="5344235" lon="-293644" timestamp="2015-06-21T20:21:36Z" username="Josan"><tag k="OBJCOD" v="MORFAC"/></node>
</delete><delete><node lat="5344241" lon="-293640" timestamp="2015-06-21T20:21:56Z" username="Josan"><tag k="OBJCOD" v="SOUNDG"/></node>
</delete><modify><node lat="5344383" lon="-293553" timestamp="2012-07-26T05:52:20Z" username="unknown"><tag k="OBJCOD" v="SMACRA"/><tag k="ofsety" v="159"/><tag k="ofsetx" v="-337"/><tag k="CATSMC" v="1"/>
            
            
            
            
        </node>
</modify><create><node lat="5344383" lon="-293552" timestamp="2011-03-29T20:12:36Z" username="unknown"><tag k="OBJCOD" v="SMACRA"/><tag k="open_1" v="YEARROUND"/><tag k="ofsety" v="0"/><tag k="ofsetx" v="0"/><tag k="TELNUM" v="+34 944031323"/><tag k="SRVLST" v="168;36;31;39;77"/><tag k="OBJNAM" v="Elanchove (Elantxobe)"/><tag k="CATSMC" v="1"/>
            
            
            
            
            
            
            
            
        </node>
</create><create><node lat="5344608" lon="-300159" timestamp="2011-02-21T17:44:42Z" username="unknown"><tag k="OBJCOD" v="ACHBRT"/><tag k="OBJNAM" v="Herrera"/><tag k="INFORM" v="Amarres y muelle"/>
            
            
            
        </node>
</create><create><node lat="5344871" lon="-300271" timestamp="2014-04-17T10:48:23Z" username="timanfaya 2"><tag k="OBJCOD" v="MORFAC"/></node>
</create><create><node lat="5345050" lon="-300448" timestamp="2015-06-29T09:47:00Z" username="Julen"><tag k="OBJCOD" v="BOYSAW"/><tag k="OBJNAM" v="Boya de recalada"/><tag k="INFORM" v=" "/><tag k="COLOUR" v="3;1"/><tag k="BOYSHP" v="4"/><slave><tag k="OBJCOD" v="LIGHTS"/><tag k="COLOUR" v="12"/></slave></node>
</create><modify><node lat="5345199" lon="-300258" timestamp="2014-10-01T11:44:41Z" username="Balthazar64"><tag k="OBJCOD" v="SMACRA"/><tag k="trnbth" v=" "/><tag k="ofsety" v="40"/><tag k="ofsetx" v="-477"/><tag k="numvhf" v=" "/><tag k="maxlen" v=" "/><tag k="dckdph" v=" "/><tag k="ZIPCDE" v=" "/><tag k="WEBSIT" v=" "/><tag k="TELNUM" v="00 34 946 87 60 00"/><tag k="STRNAM" v=" "/><tag k="SRVLST" v=""/><tag k="OBJNAM" v="Mundaca"/><tag k="INFORM" v=" "/><tag k="CITYNM" v=" "/><tag k="CATSMC" v="1"/>
            
            
            
            
        
            
            
            
            
            
            
            
            
            
            
            
            
            
            
            
            
        </node>
</modify><create><node lat="5345208" lon="-299203" timestamp="2014-08-29T12:20:11Z" username="Narmer"><tag k="OBJCOD" v="SBDARE"/><tag k="NATSUR" v="4"/><tag k="INFORM" v=" "/>
            
            
            
        </node>
</create><create><node lat="5345657" lon="-298308" timestamp="2013-09-17T19:02:36Z" username="luiscarlozz"><tag k="OBJCOD" v="hotspt"/><tag k="catspt" v="1"/><tag k="VALSOU" v=" "/><tag k="OBJNAM" v="pescalui"/><tag k="INFORM" v=" "/><tag k="DUNITS" v="1"/>
            
            
            
            
            
            
        </node>
</create><modify><node lat="5345922" lon="-298016" timestamp="2014-11-02T18:08:06Z" username="Narmer"><tag k="OBJCOD" v="UWTROC"/><tag k="VALSOU" v="0"/><tag k="OBJNAM" v="Otzarri"/><tag k="INFORM" v="Descubre en bajamar. Cubre en pleamar, poca profundidad."/><tag k="DUNITS" v="1"/>
            
            
            
            
            
        
            
            
            
            
            
        </node>
</modify><create><node lat="5346107" lon="-298271" timestamp="2014-05-10T08:36:52Z" username="unknown"><tag k="OBJCOD" v="UWTROC"/><tag k="WATLEV" v="3"/><tag k="OBJNAM" v="Bajo detrÃ¡s de OTZARRI"/><tag k="DUNITS" v="1"/>
            
            
            
            
        </node>
</create><create><node lat="5346210" lon="-298097" timestamp="2013-09-17T19:01:00Z" username="luiscarlozz"><tag k="OBJCOD" v="UWTROC"/><tag k="WATLEV" v="4"/><tag k="VALSOU" v=" "/><tag k="OBJNAM" v="lui"/><tag k="INFORM" v=" "/><tag k="DUNITS" v="1"/>
            
            
            
            
            
            
        </node>
</create><create><node lat="5346281" lon="-303093" timestamp="2014-04-08T19:58:51Z" username="luiscarlozz"><tag k="OBJCOD" v="gennav"/><tag k="OBJNAM" v="casa"/><tag k="INFORM" v=" "/>
            
            
            
        </node>
</create><create><node lat="5346325" lon="-297972" timestamp="2013-09-24T08:54:23Z" username="luiscarlozz"><tag k="OBJCOD" v="psgiio"/><tag k="catser" v="135"/><tag k="OBJNAM" v="lui"/><tag k="INFORM" v=" "/>
            
            
            
            
        </node>
</create><create><node lat="5346691" lon="-302840" timestamp="2010-10-03T00:16:42Z"><tag k="OBJCOD" v="psgiio"/><tag k="catser" v="23"/><tag k="zipcde" v="48370"/><tag k="telnum" v="+34 946 88 56 85"/><tag k="strnam" v="C/ Eupeme Deuna 14"/><tag k="stanam" v="PaÃ­s Vasco"/><tag k="county" v="Vizcaya"/><tag k="citynm" v="Bermeo"/><tag k="OBJNAM" v="Artxanda Asador"/><tag k="NATION" v="ES"/>
            
            
            
            
            
            
            
            
            
            
        </node>
</create><create><node lat="5346758" lon="-302825" timestamp="2010-10-03T00:20:51Z"><tag k="OBJCOD" v="psgiio"/><tag k="catser" v="23"/><tag k="zipcde" v="48370"/><tag k="telnum" v="+34 946 88 40 89"/><tag k="strnam" v="C/ Eupeme Deuna 13"/><tag k="stanam" v="PaÃ­s Vasco"/><tag k="county" v="Vizcaya"/><tag k="citynm" v="Bermeo"/><tag k="OBJNAM" v="Jokin"/><tag k="NATION" v="ES"/>
            
            
            
            
            
            
            
            
            
            
        </node>
</create><modify><node lat="5346807" lon="-302808" timestamp="2010-10-03T00:16:42Z" username="unknown"><tag k="OBJCOD" v="psgiio"/><tag k="catser" v="23"/>
            
            
        </node>
</modify><modify><node lat="5346847" lon="-302820" timestamp="2010-10-03T00:20:51Z"><tag k="OBJCOD" v="psgiio"/><tag k="catser" v="23"/>
            
            
        </node>
</modify><create><node lat="5346969" lon="-299518" timestamp="2015-10-27T09:11:45Z" username="mikelibar"><tag k="OBJCOD" v="UWTROC"/><tag k="WATLEV" v="3"/><tag k="VALSOU" v="13"/><tag k="OBJNAM" v="piedra"/><tag k="INFORM" v=" "/><tag k="DUNITS" v="1"/></node>
</create><modify><node lat="5347126" lon="-302010" timestamp="2015-10-05T21:00:13Z" username="Skadi" reviews_count="1" rating_count="1" average_rating="1"><tag k="OBJCOD" v="SMACRA"/><tag k="trnbth" v="None"/><tag k="ofsety" v="-856"/><tag k="ofsetx" v="139"/><tag k="numvhf" v="9"/><tag k="maxlen" v="8 m en pantalan / 16 m en fondo"/><tag k="dckdph" v="3 m"/><tag k="ZIPCDE" v="01008"/><tag k="WEBSIT" v="www.ekpsa.com"/><tag k="TELNUM" v="00 34 945 22 69 34"/><tag k="STRNAM" v="Adriano VI, 20 1&#xB0;"/><tag k="SRVLST" v="25;168;36;31;73;39;122;48;127;49;74;167"/><tag k="OBJNAM" v="Bermeo"/><tag k="INFORM" v="Terrible and dangerous pontoon in wind above 4 bft with no facilities at all outside The marina because you are not welcome in The marina itself allthough there was plenty space on &#xE0; hammerhead in The marina. I advice NOT to visit this place"/><tag k="CITYNM" v="Victoria-Gasteiz"/><tag k="CATSMC" v="1"/></node>
</modify><create><node lat="5347182" lon="-301627" timestamp="2013-09-17T19:03:39Z" username="luiscarlozz"><tag k="OBJCOD" v="hotspt"/><tag k="catspt" v="1"/><tag k="VALSOU" v=" "/><tag k="OBJNAM" v="corvas"/><tag k="INFORM" v=" "/><tag k="DUNITS" v="1"/>
            
            
            
            
            
            
        </node>
</create><create><node lat="5347505" lon="-300040" timestamp="2015-10-27T09:11:14Z" username="mikelibar"><tag k="OBJCOD" v="UWTROC"/><tag k="WATLEV" v="3"/><tag k="VALSOU" v="18"/><tag k="OBJNAM" v="piedra"/><tag k="INFORM" v=" "/><tag k="DUNITS" v="1"/></node>
</create><create><node lat="5347857" lon="-303921" timestamp="2015-02-21T09:37:12Z" username="unknown"><tag k="OBJCOD" v="ACHBRT"/><tag k="OBJNAM" v="Aritxatxu"/><tag k="INFORM" v="Aingura botatzeko&#10;"/></node>
</create><modify><node lat="5347984" lon="-298459" timestamp="2014-08-29T13:21:21Z" username="Narmer"><tag k="OBJCOD" v="UWTROC"/><tag k="VALSOU" v=" "/><tag k="OBJNAM" v="Potorro harri"/><tag k="INFORM" v=" "/><tag k="DUNITS" v="1"/>
            
            
            
            
            
        </node>
</modify><create><node lat="5347985" lon="-298463" timestamp="2015-10-27T09:13:04Z" username="mikelibar"><tag k="OBJCOD" v="UWTROC"/><tag k="WATLEV" v="3"/><tag k="VALSOU" v="16"/><tag k="OBJNAM" v="piedra"/><tag k="INFORM" v=" "/><tag k="DUNITS" v="1"/></node>
</create><create><node lat="5347985" lon="-298457" timestamp="2014-08-29T13:20:44Z" username="Narmer"><tag k="OBJCOD" v="UWTROC"/><tag k="WATLEV" v="2"/><tag k="VALSOU" v=" "/><tag k="OBJNAM" v="Potorro harri"/><tag k="INFORM" v="Roca que vela"/><tag k="DUNITS" v="1"/>
            
            
            
            
            
            
        </node>
</create><delete><node lat="5348514" lon="-312764" timestamp="2013-07-07T12:11:33Z" username="ainzoni"><tag k="OBJCOD" v="SMACRA"/><tag k="ofsety" v="-199"/><tag k="ofsetx" v="-557"/><tag k="CATSMC" v="1"/>
            
            
            
            
        </node>
</delete><create><node lat="5348546" lon="-304716" timestamp="2013-09-17T06:27:05Z" username="luiscarlozz"><tag k="OBJCOD" v="hotspt"/><tag k="catspt" v="1"/><tag k="VALSOU" v=" "/><tag k="OBJNAM" v="lui congrio salmonetes"/><tag k="INFORM" v=" "/><tag k="DUNITS" v="1"/>
            
            
            
            
            
            
        </node>
</create><create><node lat="5350691" lon="-309932" timestamp="2015-01-02T12:43:00Z" username="tremuzo"><tag k="OBJCOD" v="gennav"/><tag k="OBJNAM" v="Plataforma de extracción de gas"/><tag k="INFORM" v="A 8 mn aprox. Dirección NE"/>
            
            
            
        </node>
</create><create><node lat="5351766" lon="-304084" timestamp="2014-09-19T08:14:44Z" username="unknown"><tag k="OBJCOD" v="hotspt"/><tag k="catspt" v="2"/><tag k="VALSOU" v="30"/><tag k="OBJNAM" v="barco mina mari"/><tag k="INFORM" v="barco hundido, Bertin"/><tag k="DUNITS" v="1"/>
            
            
            
            
            
            
        </node>
</create></bound>