<?xml version="1.0" encoding="UTF-8"?><bound box="6190578,-352235,6210089,-332667"><create><node lat="6192570" lon="-351864" timestamp="2012-07-08T06:20:17Z" username="loguivic"><tag k="OBJCOD" v="psgiio"/><tag k="catser" v="81"/><tag k="websit" v=" "/><tag k="telnum" v=" "/><tag k="strnam" v=" "/><tag k="numvhf" v=" "/><tag k="citynm" v=" "/><tag k="OBJNAM" v="club nautique  pontrieux"/><tag k="INFORM" v=" "/>
            
            
            
            
            
            
            
            
            
        
            
            
            
        </node>
</create><modify><node lat="6192739" lon="-351815" timestamp="2012-07-08T06:22:25Z" username="loguivic"><tag k="OBJCOD" v="CRANES"/><tag k="OBJNAM" v="Grue &quot;dÃ©saffectÃ©e&quot;"/><tag k="INFORM" v="Sortie des bateaux interdite, peut seulement servir pour mater ou pour de petits bateaux sur remorques"/>
            
            
            
        </node>
</modify><create><node lat="6193249" lon="-351434" timestamp="2014-07-21T07:57:11Z" average_rating="3" rating_count="1" reviews_count="1" username="ejsk"><tag k="OBJCOD" v="ACHBRT"/><tag k="OBJNAM" v="Pontrieux"/><tag k="INFORM" v="Kleiner Hafen mit historischem Bahnanschluss nach Paimpol.&#10;Ca 1,5 Stunden von Leshardrieux."/>
            
            
            
        </node>
</create><create><node lat="6193857" lon="-349764" timestamp="2012-03-03T13:20:13Z" average_rating="0" rating_count="0" reviews_count="0" username="Kim "><tag k="OBJCOD" v="SMACRA"/><tag k="trnbth" v="4"/><tag k="open_1" v="YEARROUND"/><tag k="ofsety" v="0"/><tag k="ofsetx" v="0"/><tag k="monvhf" v="12"/><tag k="TELNUM" v="+33 29 695 34 87"/><tag k="SRVLST" v="28;25;168;36;31;39;126;54;78;38"/><tag k="OBJNAM" v="Pontrieux"/><tag k="CATSMC" v="1"/>
            
            
            
            
            
            
            
            
            
            
        </node>
</create><modify><node lat="6194963" lon="-348892" timestamp="2015-07-03T08:25:19Z" average_rating="0" rating_count="0" reviews_count="0" username="Petetrin"><tag k="OBJCOD" v="SMACRA"/><tag k="ofsety" v="-175"/><tag k="ofsetx" v="350"/><tag k="CATSMC" v="1"/></node>
</modify><modify><node lat="6197809" lon="-350590" timestamp="2014-08-02T11:16:04Z" username="Manhasset"><tag k="OBJCOD" v="BOYSPP"/><tag k="OBJNAM" v="Manhasset"/><tag k="INFORM" v="Bou&#xE8;e de mouillage priv&#xE9;e&#10;Plus&#10;Balise conique verte au bout de la jet&#xE9;e immersible de La roche Jagu"/>
            
            
            
        
            
            
        </node>
</modify><delete><node lat="6202537" lon="-335834" timestamp="2012-02-03T20:21:28Z" username="ernould"><tag k="OBJCOD" v="psgiio"/><tag k="catser" v="41"/>
            
            
        </node>
</delete><create><node lat="6202894" lon="-332845" timestamp="2013-08-28T11:56:51Z" username="nanou"><tag k="OBJCOD" v="ACHBRT"/><tag k="OBJNAM" v="Nanou"/>
            
            
        </node>
</create><create><node lat="6204441" lon="-338379" timestamp="2012-11-27T16:49:07Z" username="Cig"><tag k="OBJCOD" v="psgiio"/><tag k="catser" v="21"/><tag k="telnum" v="0296204663"/><tag k="OBJNAM" v="BP"/>
            
            
            
            
        </node>
</create><create><node lat="6205569" lon="-338801" timestamp="2013-08-02T22:37:25Z" username="gibbd001"><tag k="OBJCOD" v="gennav"/><tag k="OBJNAM" v="Contessa meet"/>
            
            
        </node>
</create><create><node lat="6205805" lon="-338854" timestamp="2012-12-18T10:07:56Z" username="Cig"><tag k="OBJCOD" v="psgiio"/><tag k="catser" v="21"/><tag k="OBJNAM" v="Paimpol - Marina"/>
            
            
            
        </node>
</create><modify><node lat="6205922" lon="-338580" timestamp="2015-04-08T15:00:26Z" username="Tamata 22 "><tag k="OBJCOD" v="psgiio"/><tag k="catser" v="23"/></node>
</modify><modify><node lat="6205941" lon="-338526" timestamp="2015-04-08T15:01:44Z" username="Tamata 22 "><tag k="OBJCOD" v="psgiio"/><tag k="catser" v="23"/></node>
</modify><modify><node lat="6206203" lon="-338715" timestamp="2012-02-27T23:52:55Z" username="Colinworth_F10"><tag k="OBJCOD" v="SMACRA"/><tag k="ofsety" v="219"/><tag k="ofsetx" v="-746"/><tag k="CATSMC" v="1"/>
            
            
            
            
        </node>
</modify><modify><node lat="6206835" lon="-344892" timestamp="2013-07-18T21:06:57Z" average_rating="0" rating_count="0" reviews_count="0" username="Andyp"><tag k="OBJCOD" v="MORFAC"/>
            
        </node>
</modify><modify><node lat="6206872" lon="-345437" timestamp="2012-07-08T06:29:43Z" username="loguivic"><tag k="OBJCOD" v="psgiio"/><tag k="catser" v="3"/><tag k="citynm" v="Lezardrieux"/><tag k="OBJNAM" v="Accastillage Diffusion, Trieux Marine"/><tag k="INFORM" v="Magasin, chantier, grutage"/>
            
            
            
            
        
            
            
            
        </node>
</modify><modify><node lat="6206956" lon="-345566" timestamp="2012-07-08T06:29:05Z" username="loguivic"><tag k="OBJCOD" v="psgiio"/><tag k="catser" v="3"/><tag k="citynm" v="Lezardrieux"/><tag k="INFORM" v="Chantier, grutage, fournitures techniques"/>
            
            
            
            
        </node>
</modify><modify><node lat="6206968" lon="-344900" timestamp="2015-06-15T19:24:35Z" username="ALAIN" average_rating="3.5" rating_count="2" reviews_count="2"><tag k="OBJCOD" v="SMACRA"/><tag k="ofsety" v="132"/><tag k="ofsetx" v="-526"/><tag k="numvhf" v=" "/><tag k="maxlen" v=" "/><tag k="dckdph" v=" "/><tag k="ZIPCDE" v=" "/><tag k="WEBSIT" v=" "/><tag k="STRNAM" v=" "/><tag k="SRVLST" v=""/><tag k="INFORM" v=" "/><tag k="CITYNM" v=" "/><tag k="CATSMC" v="1"/></node>
</modify><create><node lat="6207050" lon="-344809" timestamp="2015-07-18T13:23:06Z" username="de la forest"><tag k="OBJCOD" v="SOUNDG"/><tag k="VALSOU" v="3"/><tag k="DUNITS" v="1"/></node>
</create><delete><node lat="6207082" lon="-344874" timestamp="2015-07-18T13:23:06Z" username="de la forest"><tag k="OBJCOD" v="SOUNDG"/></node>
</delete><create><node lat="6207163" lon="-345084" timestamp="2012-12-18T10:08:56Z" username="Cig"><tag k="OBJCOD" v="psgiio"/><tag k="catser" v="21"/><tag k="OBJNAM" v="Lezardrieux - Marina"/>
            
            
            
        </node>
</create><create><node lat="6207226" lon="-344911" timestamp="2015-07-23T00:00:00Z" username="ADAC"><tag k="OBJCOD" v="SMACRA"/><tag k="OBJNAM" v="Port de Plaisance"/><tag k="ofsety" v="10"/><tag k="ofsetx" v="10"/><tag k="CATSMC" v="1"/><tag k="WEBSIT" v="http://www.marinafuehrer.adac.de/haefen/port-de-plaisance-35/"/></node>
</create><create><node lat="6207255" lon="-344388" timestamp="2011-04-22T17:13:23Z" username="unknown"><tag k="OBJCOD" v="SMACRA"/><tag k="trnbth" v="11"/><tag k="ofsety" v="0"/><tag k="ofsetx" v="0"/><tag k="monvhf" v="9"/><tag k="TELNUM" v="+33 2 96 20 14 22"/><tag k="SRVLST" v="28;25;168;36;31;39;126;174;54;139;38"/><tag k="OBJNAM" v="Lezardrieux"/><tag k="CATSMC" v="1"/>
            
            
            
            
            
            
            
            
            
        </node>
</create><create><node lat="6207331" lon="-344451" timestamp="2012-01-26T10:38:45Z" username="pavo"><tag k="OBJCOD" v="SOUNDG"/><tag k="VALSOU" v=" "/><tag k="DUNITS" v="1"/>
            
            
            
        </node>
</create></bound>