<?xml version="1.0" encoding="UTF-8"?><bound box="5995481,-332667,6014989,-313098"><create><node lat="5995865" lon="-318015" timestamp="2014-05-28T22:26:14Z" username="Jaguar"><tag k="OBJCOD" v="psgiio"/><tag k="catser" v="133"/><tag k="zipcde" v=" "/><tag k="websit" v=" "/><tag k="telnum" v=" "/><tag k="strnam" v=" "/><tag k="citynm" v=" "/><tag k="OBJNAM" v="École de voile du Rohu"/><tag k="INFORM" v=" "/>
            
            
            
            
            
            
            
            
            
        </node>
</create><create><node lat="5996790" lon="-322067" timestamp="2015-03-25T14:02:17Z" username="bigral "><tag k="OBJCOD" v="BOYLAT"/><tag k="OBJNAM" v="ggh"/><tag k="INFORM" v=" "/><tag k="COLOUR" v="3"/><tag k="BOYSHP" v="1"/></node>
</create><modify><node lat="5997192" lon="-331183" timestamp="2011-06-12T12:56:49Z" username="unknown"><tag k="OBJCOD" v="BOYCAR"/>
            
        </node>
</modify><create><node lat="5997392" lon="-317153" timestamp="2015-05-23T19:26:49Z" username="vita44"><tag k="OBJCOD" v="gennav"/><tag k="OBJNAM" v="Elisabethzen"/><tag k="INFORM" v="Epave"/></node>
</create><create><node lat="5997392" lon="-317152" timestamp="2015-05-23T19:30:17Z" username="vita44"><tag k="OBJCOD" v="gennav"/><tag k="OBJNAM" v="Epave Elisabeth"/><tag k="INFORM" v=" "/></node>
</create><modify><node lat="5997426" lon="-329672" timestamp="2012-02-19T18:04:11Z" username="toubab"><tag k="OBJCOD" v="WRECKS"/><tag k="OBJNAM" v="KORRIGAN"/><tag k="INFORM" v="PA&#10;Voilier 1993"/><tag k="DUNITS" v="1"/>
            
            
            
            
        </node>
</modify><create><node lat="5997612" lon="-319893" timestamp="2012-06-08T05:49:23Z" username="unknown"><tag k="OBJCOD" v="BOYSPP"/><tag k="OBJNAM" v="iris"/><tag k="COLOUR" v="6"/><tag k="BOYSHP" v="5"/>
            
            
            
            
        </node>
</create><modify><node lat="5997778" lon="-328222" timestamp="2014-04-24T06:56:23Z" username="Max.thib"><tag k="OBJCOD" v="UWTROC"/>
            
        </node>
</modify><create><node lat="5997849" lon="-319955" timestamp="2014-05-28T22:25:18Z" username="Jaguar"><tag k="OBJCOD" v="SBDARE"/><tag k="NATSUR" v="4"/><tag k="INFORM" v=" "/>
            
            
            
        </node>
</create><modify><node lat="5998884" lon="-326988" timestamp="2013-01-07T08:09:49Z" username="chtibreton"><tag k="OBJCOD" v="SOUNDG"/>
            
        </node>
</modify><modify><node lat="5999016" lon="-326369" timestamp="2013-01-07T08:03:08Z" username="chtibreton"><tag k="OBJCOD" v="SOUNDG"/>
            
        </node>
</modify><create><node lat="5999226" lon="-323423" timestamp="2014-05-28T21:42:02Z" username="Jaguar"><tag k="OBJCOD" v="UWTROC"/><tag k="WATLEV" v="4"/><tag k="VALSOU" v="0.9"/><tag k="OBJNAM" v="plateau rocheux"/><tag k="INFORM" v="plateau rocheux découvrant à marée basse. moins de 1m d eau a marée haute"/><tag k="DUNITS" v="1"/>
            
            
            
            
            
            
        </node>
</create><create><node lat="5999366" lon="-322139" timestamp="2014-05-28T22:13:43Z" username="Jaguar"><tag k="OBJCOD" v="psgiio"/><tag k="catser" v="20"/><tag k="zipcde" v=" "/><tag k="websit" v=" "/><tag k="telnum" v=" "/><tag k="strnam" v=" "/><tag k="citynm" v=" "/><tag k="OBJNAM" v="Épicerie de pierre et vacances"/><tag k="INFORM" v="ouvert en été"/>
            
            
            
            
            
            
            
            
            
        </node>
</create><create><node lat="5999412" lon="-323047" timestamp="2015-07-23T00:00:00Z" username="ADAC"><tag k="OBJCOD" v="SMACRA"/><tag k="OBJNAM" v="Port du Crouesty"/><tag k="ofsety" v="10"/><tag k="ofsetx" v="10"/><tag k="CATSMC" v="1"/><tag k="WEBSIT" v="http://www.marinafuehrer.adac.de/haefen/port-du-crouesty/"/></node>
</create><modify><node lat="5999438" lon="-322963" timestamp="2015-10-11T22:00:37Z" username="pierre.pavot"><tag k="OBJCOD" v="SMACRA"/><tag k="trnbth" v="11"/><tag k="ofsety" v="342"/><tag k="ofsetx" v="-343"/><tag k="numvhf" v="9"/><tag k="maxlen" v=" "/><tag k="dckdph" v=" "/><tag k="ZIPCDE" v="56640"/><tag k="WEBSIT" v="WWW.SAGEMOR.FR"/><tag k="TELNUM" v="+33 297537333"/><tag k="STRNAM" v=" "/><tag k="SRVLST" v="28;29;168;36;39;126;167;127;49;122;125;47"/><tag k="OBJNAM" v="Le Crouesty"/><tag k="INFORM" v=" "/><tag k="CITYNM" v="ARZON"/><tag k="CATSMC" v="1"/></node>
</modify><create><node lat="5999470" lon="-322276" timestamp="2014-05-28T22:06:52Z" username="Jaguar"><tag k="OBJCOD" v="psgiio"/><tag k="catser" v="3"/><tag k="zipcde" v="56640"/><tag k="telnum" v="+33 2 97 53 75 32"/><tag k="strnam" v="18 Quai Des Cabestans Port Du Crouesty"/><tag k="stanam" v="Bretagne"/><tag k="e_mail" v="elecgolfe@wanadoo.fr"/><tag k="county" v="Morbihan"/><tag k="citynm" v="Arzon"/><tag k="brands" v="Navionics, Raymarine"/><tag k="OBJNAM" v="Electronique Du Golfe"/><tag k="NATION" v="FR"/>
            
            
            
            
            
            
            
            
            
            
            
            
        </node>
</create><create><node lat="5999481" lon="-322250" timestamp="2014-05-28T22:15:43Z" username="Jaguar"><tag k="OBJCOD" v="psgiio"/><tag k="catser" v="3"/><tag k="zipcde" v="56640"/><tag k="telnum" v="+33 2 97 53 80 04"/><tag k="strnam" v="17 Quai Des Cabestans - Port Du Crouesty"/><tag k="stanam" v="Bretagne"/><tag k="county" v="Morbihan"/><tag k="citynm" v="Arzon"/><tag k="brands" v="Navionics"/><tag k="OBJNAM" v="Uship Arzon-Le Crouesty, Atlantique Ship"/><tag k="NATION" v="FR"/>
            
            
            
            
            
            
            
            
            
            
            
        </node>
</create><delete><node lat="5999628" lon="-322075" timestamp="2014-05-28T22:15:43Z" username="Jaguar"><tag k="OBJCOD" v="psgiio"/><tag k="catser" v="3"/>
            
            
        </node>
</delete><delete><node lat="5999629" lon="-322078" timestamp="2014-05-28T22:06:52Z" username="Jaguar"><tag k="OBJCOD" v="psgiio"/><tag k="catser" v="3"/>
            
            
        </node>
</delete><create><node lat="5999641" lon="-320602" timestamp="2014-05-28T22:19:07Z" username="Jaguar"><tag k="OBJCOD" v="psgiio"/><tag k="catser" v="20"/><tag k="zipcde" v=" "/><tag k="websit" v=" "/><tag k="telnum" v=" "/><tag k="strnam" v=" "/><tag k="citynm" v=" "/><tag k="OBJNAM" v="SUPER U"/><tag k="INFORM" v=" "/>
            
            
            
            
            
            
            
            
            
        </node>
</create><create><node lat="5999698" lon="-322262" timestamp="2014-05-28T22:09:59Z" username="Jaguar"><tag k="OBJCOD" v="psgiio"/><tag k="catser" v="81"/><tag k="zipcde" v="56640"/><tag k="websit" v="www.ycca.net"/><tag k="telnum" v="0297537807"/><tag k="strnam" v=" "/><tag k="numvhf" v=" "/><tag k="citynm" v="arzon"/><tag k="OBJNAM" v="Yacht Club du Crouesty Arzon"/><tag k="INFORM" v=" "/>
            
            
            
            
            
            
            
            
            
            
        </node>
</create><create><node lat="5999779" lon="-322304" timestamp="2015-08-18T14:32:02Z" username="ovni" average_rating="3" reviews_count="1" rating_count="1"><tag k="OBJCOD" v="psgiio"/><tag k="catser" v="21"/><tag k="zipcde" v=" "/><tag k="telnum" v=" "/><tag k="strnam" v=" "/><tag k="prclst" v="DIESEL: 1.200 on 2015-08-18"/><tag k="numvhf" v=" "/><tag k="citynm" v="Arzon"/><tag k="catsub" v="3"/><tag k="OBJNAM" v="Port du crouesty"/><tag k="INFORM" v="A la date du 17.04.2014 : prix essence E 1,63/litre.&#10;Maximum autoris&#xE9; 120 litres."/></node>
</create><create><node lat="5999805" lon="-321892" timestamp="2014-05-28T22:16:58Z" username="Jaguar"><tag k="OBJCOD" v="psgiio"/><tag k="catser" v="3"/><tag k="zipcde" v=" "/><tag k="websit" v=" "/><tag k="telnum" v=" "/><tag k="strnam" v=" "/><tag k="citynm" v=" "/><tag k="OBJNAM" v="nautiloc location et accastillage"/><tag k="INFORM" v=" "/>
            
            
            
            
            
            
            
            
            
        </node>
</create><modify><node lat="5999816" lon="-321945" timestamp="2011-09-12T16:52:32Z" username="unknown"><tag k="OBJCOD" v="OBSTRN"/>
            
        </node>
</modify><create><node lat="5999833" lon="-320961" timestamp="2015-02-10T09:51:09Z" username="lm"><tag k="OBJCOD" v="psgiio"/><tag k="catser" v="2"/><tag k="zipcde" v="56640"/><tag k="websit" v="www.chantiermaritimeducrouesty.fr"/><tag k="telnum" v="0297534541"/><tag k="strnam" v="ZA du Redo"/><tag k="citynm" v="Arzon"/><tag k="OBJNAM" v="CMC"/></node>
</create><create><node lat="5999889" lon="-321013" timestamp="2014-05-28T22:14:19Z" username="Jaguar"><tag k="OBJCOD" v="psgiio"/><tag k="catser" v="3"/><tag k="zipcde" v="56640"/><tag k="telnum" v="+33 2 97 49 46 72"/><tag k="strnam" v="Espace Atlantica Zone Du Redo"/><tag k="stanam" v="Bretagne"/><tag k="county" v="Morbihan"/><tag k="citynm" v="Arzon"/><tag k="brands" v="Navionics"/><tag k="OBJNAM" v="Yatching Equipment"/><tag k="NATION" v="FR"/>
            
            
            
            
            
            
            
            
            
            
            
        </node>
</create><delete><node lat="5999909" lon="-321051" timestamp="2014-05-28T22:14:19Z" username="Jaguar"><tag k="OBJCOD" v="psgiio"/><tag k="catser" v="3"/>
            
            
        </node>
</delete><create><node lat="5999919" lon="-321060" timestamp="2014-05-28T22:18:22Z" username="Jaguar"><tag k="OBJCOD" v="psgiio"/><tag k="catser" v="22"/><tag k="zipcde" v=" "/><tag k="websit" v=" "/><tag k="telnum" v=" "/><tag k="strnam" v=" "/><tag k="citynm" v=" "/><tag k="OBJNAM" v="Voilerie All Purpose"/><tag k="INFORM" v=" "/>
            
            
            
            
            
            
            
            
            
        </node>
</create><create><node lat="6000213" lon="-322343" timestamp="2014-05-28T22:12:32Z" username="Jaguar"><tag k="OBJCOD" v="psgiio"/><tag k="catser" v="20"/><tag k="zipcde" v=" "/><tag k="websit" v=" "/><tag k="telnum" v=" "/><tag k="strnam" v=" "/><tag k="citynm" v=" "/><tag k="OBJNAM" v="INTERMARCHE"/><tag k="INFORM" v=" "/>
            
            
            
            
            
            
            
            
            
        </node>
</create><create><node lat="6000412" lon="-315049" timestamp="2015-07-28T19:12:27Z" username="LLS"><tag k="OBJCOD" v="gennav"/><tag k="OBJNAM" v="accès k"/><tag k="INFORM" v=" "/></node>
</create><create><node lat="6000416" lon="-315053" timestamp="2015-07-28T19:10:03Z" username="LLS"><tag k="OBJCOD" v="gennav"/><tag k="OBJNAM" v=" "/><tag k="INFORM" v=" "/></node>
</create><delete><node lat="6000519" lon="-327025" timestamp="2015-07-16T13:55:17Z" username="Gautier Jacques"><tag k="OBJCOD" v="UWTROC"/></node>
</delete><modify><node lat="6000532" lon="-324863" timestamp="2015-09-19T09:05:07Z" username="unknown"><tag k="OBJCOD" v="LIGHTS"/><tag k="COLOUR" v="1"/><tag k="OBJNAM" v="Port Navalo"/><tag k="INFORM" v="Feu&#10;mooi uitzicht vanaf dit punt"/></node>
</modify><create><node lat="6000558" lon="-324007" timestamp="2014-05-28T22:20:53Z" username="Jaguar"><tag k="OBJCOD" v="psgiio"/><tag k="catser" v="24"/><tag k="zipcde" v=" "/><tag k="websit" v=" "/><tag k="telnum" v=" "/><tag k="strnam" v=" "/><tag k="citynm" v=" "/><tag k="OBJNAM" v="Le vieux puits bar tabac presse"/><tag k="INFORM" v=" "/>
            
            
            
            
            
            
            
            
            
        </node>
</create><create><node lat="6000559" lon="-323978" timestamp="2014-05-28T22:19:56Z" username="Jaguar"><tag k="OBJCOD" v="psgiio"/><tag k="catser" v="24"/><tag k="zipcde" v=" "/><tag k="websit" v=" "/><tag k="telnum" v=" "/><tag k="strnam" v=" "/><tag k="citynm" v=" "/><tag k="OBJNAM" v="Nausicaa"/><tag k="INFORM" v=" "/>
            
            
            
            
            
            
            
            
            
        </node>
</create><modify><node lat="6000692" lon="-330787" timestamp="2011-03-12T11:18:49Z" username="unknown"><tag k="OBJCOD" v="BCNCAR"/><tag k="OBJNAM" v="An Arvored"/>
            
            
        </node>
</modify><modify><node lat="6000730" lon="-324520" timestamp="2015-05-05T03:29:42Z" username="duprez"><tag k="OBJCOD" v="SMACRA"/><tag k="trnbth" v="5"/><tag k="ofsety" v="-685"/><tag k="ofsetx" v="300"/><tag k="numvhf" v="9"/><tag k="maxlen" v=" "/><tag k="dckdph" v=" "/><tag k="ZIPCDE" v="56640"/><tag k="WEBSIT" v=" "/><tag k="TELNUM" v="+33 297538212"/><tag k="STRNAM" v=" "/><tag k="SRVLST" v=""/><tag k="OBJNAM" v="Port Navalo"/><tag k="INFORM" v=" "/><tag k="CITYNM" v="ARZON"/><tag k="CATSMC" v="1"/></node>
</modify><create><node lat="6000730" lon="-324519" timestamp="2014-08-25T07:40:37Z" username="greezoon" average_rating="4" reviews_count="1" rating_count="1"><tag k="OBJCOD" v="SMACRA"/><tag k="trnbth" v="5"/><tag k="open_1" v="YEARROUND"/><tag k="ofsety" v="0"/><tag k="ofsetx" v="0"/><tag k="numvhf" v="9"/><tag k="monvhf" v="9"/><tag k="TELNUM" v="+33 297538212"/><tag k="SRVLST" v="168;36;74;167"/><tag k="OBJNAM" v="Port Navalo"/><tag k="CATSMC" v="1"/></node>
</create><modify><node lat="6000790" lon="-323649" timestamp="2012-08-28T07:40:56Z" username="unknown"><tag k="OBJCOD" v="psgiio"/><tag k="catser" v="23"/><tag k="zipcde" v="56640"/><tag k="telnum" v="+33 2 97 53 87 25"/><tag k="strnam" v="59 Rue Fontaines"/><tag k="citynm" v="Arzon"/><tag k="OBJNAM" v="Creperie La Sorciere"/>
            
            
            
            
            
            
            
        
            
            
            
            
            
            
            
        </node>
</modify><delete><node lat="6001028" lon="-324394" timestamp="2013-07-31T14:16:34Z" username="Madeloeiz "><tag k="OBJCOD" v="UWTROC"/>
            
        </node>
</delete><create><node lat="6001240" lon="-324235" timestamp="2013-07-31T14:16:34Z" username="Madeloeiz "><tag k="OBJCOD" v="UWTROC"/><tag k="WATLEV" v="5"/>
            
            
        </node>
</create><modify><node lat="6001413" lon="-324630" timestamp="2013-08-29T07:40:29Z" username="r666"><tag k="OBJCOD" v="BCNCAR"/><tag k="INFORM" v=" "/>
            
            
            <slave>
                <tag k="OBJCOD" v="FOGSIG"/>
            </slave>
            <slave>
                <tag k="OBJCOD" v="LIGHTS"/>
                <tag k="COLOUR" v="12"/>
            </slave>
        </node>
</modify><create><node lat="6002013" lon="-332645" timestamp="2013-01-07T07:54:58Z" username="chtibreton"><tag k="OBJCOD" v="SBDARE"/><tag k="NATSUR" v="9"/><tag k="INFORM" v="Rocky seabed - Fonds rocheux"/>
            
            
            
        </node>
</create><create><node lat="6002016" lon="-330382" timestamp="2015-07-22T19:58:11Z" username="patenco56"><tag k="OBJCOD" v="gennav"/><tag k="OBJNAM" v="Plage   de Saint Pierre"/><tag k="INFORM" v=" "/></node>
</create><create><node lat="6002251" lon="-316791" timestamp="2012-12-02T16:58:40Z" username="unknown"><tag k="OBJCOD" v="WRECKS"/><tag k="WATLEV" v="3"/><tag k="VERDAT" v="5"/><tag k="VALSOU" v="28.00"/><tag k="QUASOU" v="7"/><tag k="INFORM" v="PD"/><tag k="CATWRK" v="1"/>
            
            
            
            
            
            
            
        </node>
</create><create><node lat="6002332" lon="-325524" timestamp="2015-08-11T15:22:25Z" username="ngetti"><tag k="OBJCOD" v="BOYLAT"/><tag k="OBJNAM" v="Goemorent"/><tag k="INFORM" v="Tourelle lat&#xE9;rale rouge"/><tag k="COLOUR" v="3"/><tag k="BOYSHP" v="1"/></node>
</create><create><node lat="6002597" lon="-320227" timestamp="2012-08-25T21:25:46Z" username="creposuke"><tag k="OBJCOD" v="psgiio"/><tag k="catser" v="24"/><tag k="zipcde" v="56640"/><tag k="websit" v="www.campingdebilouris.com"/><tag k="telnum" v="0297537055"/><tag k="strnam" v="pointe de Kerners"/><tag k="citynm" v="arzon"/><tag k="OBJNAM" v="la p'tite cale"/><tag k="INFORM" v=" "/>
            
            
            
            
            
            
            
            
            
        
            
            
            
            
            
            
            
            
            
        </node>
</create><modify><node lat="6002837" lon="-324369" timestamp="2013-08-22T11:16:19Z" username="mouzig"><tag k="OBJCOD" v="BCNLAT"/>
            
        </node>
</modify><create><node lat="6002957" lon="-317958" timestamp="2013-07-16T18:42:07Z" username="unknown"><tag k="OBJCOD" v="ACHBRT"/><tag k="OBJNAM" v="Débit de l'eau le 17/07/2013"/>
            
            
        </node>
</create><create><node lat="6003171" lon="-324997" timestamp="2014-05-28T19:35:06Z" username="Seb Seb Seb"><tag k="OBJCOD" v="SOUNDG"/><tag k="VALSOU" v="22.50"/><tag k="DUNITS" v="1"/>
            
            
            
        </node>
</create><delete><node lat="6003284" lon="-325016" timestamp="2014-05-28T19:35:06Z" username="Seb Seb Seb"><tag k="OBJCOD" v="SOUNDG"/>
            
        </node>
</delete><create><node lat="6003451" lon="-328093" timestamp="2010-11-30T21:31:30Z"><tag k="OBJCOD" v="SOUNDG"/><tag k="DUNITS" v="1"/>
            
            
        </node>
</create><create><node lat="6003736" lon="-324022" timestamp="2014-08-22T08:26:13Z" username="ventjonque"><tag k="OBJCOD" v="hotspt"/><tag k="catspt" v="2"/><tag k="VALSOU" v="Sublime plong&#xE9;e au coucher du soleil"/><tag k="OBJNAM" v="ile longue, site de plong&#xE9;e des Gorets"/><tag k="INFORM" v="Tombant de 6 a 25 m. Attention au sens de la mar&#xE9;e"/><tag k="DUNITS" v="1"/>
            
            
            
            
            
            
        
            
            
            
        
            
            
            
        </node>
</create><create><node lat="6003982" lon="-323548" timestamp="2013-04-28T12:31:54Z" username="Sabelle"><tag k="OBJCOD" v="hotspt"/><tag k="catspt" v="2"/><tag k="VALSOU" v="20"/><tag k="OBJNAM" v="La Cale"/><tag k="INFORM" v="Plongée sur le tombant de 0 à 20 m. Attention au sens de la marée."/><tag k="DUNITS" v="1"/>
            
            
            
            
            
            
        </node>
</create><modify><node lat="6004007" lon="-316405" timestamp="2012-05-26T14:54:24Z" username="juklm"><tag k="OBJCOD" v="BCNLAT"/><tag k="OBJNAM" v="L'OEUF"/><tag k="INFORM" v=" "/>
            
            
        
            
        
            
            
            
        </node>
</modify><create><node lat="6004077" lon="-327622" timestamp="2014-08-07T19:47:49Z" username="oxia"><tag k="OBJCOD" v="SMACRA"/><tag k="trnbth" v=" "/><tag k="ofsety" v="0"/><tag k="ofsetx" v="0"/><tag k="numvhf" v=" "/><tag k="maxlen" v=" "/><tag k="dckdph" v=" "/><tag k="ZIPCDE" v=" "/><tag k="WEBSIT" v=" "/><tag k="TELNUM" v="0297574635"/><tag k="STRNAM" v=" "/><tag k="OBJNAM" v="Locmariaquer"/><tag k="INFORM" v="Port à échouage avec ponton en alu. Uniquement WC publiques et un lavabo publique."/><tag k="CITYNM" v=" "/><tag k="CATSMC" v="1"/>
            
            
            
            
            
            
            
            
            
            
            
            
            
            
            
        </node>
</create><modify><node lat="6004108" lon="-323407" timestamp="2013-01-07T08:33:04Z" username="chtibreton"><tag k="OBJCOD" v="SBDARE"/>
            
        </node>
</modify><create><node lat="6004544" lon="-318479" timestamp="2014-09-14T10:39:15Z" username="Danglaz"><tag k="OBJCOD" v="ACHBRT"/><tag k="OBJNAM" v="Penhap"/><tag k="INFORM" v="Abris vent Est"/>
            
            
            
        </node>
</create><create><node lat="6004794" lon="-325374" timestamp="2015-08-11T15:30:26Z" username="ngetti"><tag k="OBJCOD" v="gennav"/><tag k="OBJNAM" v="Ile de Grand Veisit"/><tag k="INFORM" v=" "/></node>
</create><create><node lat="6005809" lon="-318228" timestamp="2014-08-03T11:16:40Z" username="ggpublic"><tag k="OBJCOD" v="gennav"/><tag k="OBJNAM" v="Mouillage du Rudel"/><tag k="INFORM" v="18 corps-morts priv&#xE9;s"/>
            
            
            
        
            
            
        </node>
</create><modify><node lat="6006318" lon="-319480" timestamp="2015-05-05T15:01:32Z" username="arcance"><tag k="OBJCOD" v="BOYCAR"/><tag k="OBJNAM" v="CREIZIC NORD"/><tag k="INFORM" v="difficile &#xE0; voir de loin."/></node>
</modify><create><node lat="6006664" lon="-324363" timestamp="2011-09-23T17:58:09Z" username="unknown"><tag k="OBJCOD" v="hotspt"/><tag k="catspt" v="1"/><tag k="OBJNAM" v="Daurade royale"/><tag k="DUNITS" v="1"/>
            
            
            
            
        </node>
</create><create><node lat="6007579" lon="-317176" timestamp="2011-07-13T22:05:33Z" username="unknown"><tag k="OBJCOD" v="gennav"/><tag k="OBJNAM" v="île aux moines"/>
            
            
        </node>
</create><create><node lat="6007988" lon="-317803" timestamp="2015-09-02T12:35:42Z" username="alverneuil"><tag k="OBJCOD" v="gennav"/><tag k="OBJNAM" v="Ti Haleguen"/><tag k="INFORM" v=" "/></node>
</create><create><node lat="6009107" lon="-313890" timestamp="2011-09-27T19:24:31Z" username="unknown"><tag k="OBJCOD" v="hotspt"/><tag k="catspt" v="1"/><tag k="OBJNAM" v="Daurade"/><tag k="DUNITS" v="1"/>
            
            
            
            
        </node>
</create><modify><node lat="6009378" lon="-317629" timestamp="2014-06-10T09:01:57Z" username="Gilus"><tag k="OBJCOD" v="SMACRA"/><tag k="ofsety" v="0"/><tag k="ofsetx" v="0"/><tag k="numvhf" v="9"/><tag k="INFORM" v="Deux pontons visiteur sur mouillage"/><tag k="CATSMC" v="1"/>
            
            
            
            
            
        
            
            
            
            
            
        </node>
</modify><create><node lat="6009389" lon="-318656" timestamp="2011-07-31T22:22:55Z" username="lienty"><tag k="OBJCOD" v="psgiio"/><tag k="catser" v="23"/><tag k="OBJNAM" v="Er lannic"/><tag k="INFORM" v="CrÃªperie pizzeria trÃ¨s bonne"/>
            
            
            
            
        </node>
</create><create><node lat="6009496" lon="-318422" timestamp="2011-07-31T22:29:01Z" username="lienty"><tag k="OBJCOD" v="psgiio"/><tag k="catser" v="23"/><tag k="OBJNAM" v="La vigie"/><tag k="INFORM" v="Superbe point de vue sur le passage de port blanc"/>
            
            
            
            
        </node>
</create><modify><node lat="6009526" lon="-317590" timestamp="2015-08-08T14:50:21Z" username="jysene"><tag k="OBJCOD" v="BOYLAT"/></node>
</modify><modify><node lat="6009613" lon="-318274" timestamp="2015-07-25T21:01:10Z" username="Somio"><tag k="OBJCOD" v="SMACRA"/><tag k="ofsety" v="-515"/><tag k="ofsetx" v="-557"/><tag k="numvhf" v="9"/><tag k="SRVLST" v=""/><tag k="CATSMC" v="1"/></node>
</modify><modify><node lat="6009800" lon="-314931" timestamp="2015-08-08T14:49:25Z" username="jysene"><tag k="OBJCOD" v="BOYLAT"/></node>
</modify><modify><node lat="6010676" lon="-315878" timestamp="2012-08-19T18:41:28Z" username="MrGreg"><tag k="OBJCOD" v="BCNLAT"/><tag k="OBJNAM" v="La truie d'Arradon"/>
            
            
        </node>
</modify><delete><node lat="6010805" lon="-315761" timestamp="2012-05-24T17:22:23Z" username="Giani"><tag k="OBJCOD" v="BCNLAT"/><tag k="OBJNAM" v="Cardinale Nord"/>
            
            
        </node>
</delete><modify><node lat="6010994" lon="-315235" timestamp="2013-11-26T21:51:25Z" username="Fillault"><tag k="OBJCOD" v="BOYLAT"/>
            
        </node>
</modify><create><node lat="6011054" lon="-328267" timestamp="2015-07-04T15:12:20Z" username="mariejeane"><tag k="OBJCOD" v="psgiio"/><tag k="catser" v="22"/><tag k="zipcde" v="56870"/><tag k="websit" v="www.infinitynautique.com"/><tag k="telnum" v="0297570015"/><tag k="strnam" v="port du parun"/><tag k="citynm" v="Baden"/><tag k="OBJNAM" v="Chantier naval Leborgne"/><tag k="INFORM" v="Gardiennage. Entretien, sp&#xE9;cialiste des bateaux classiques en bois.&#10;Relais Uship."/></node>
</create><modify><node lat="6011278" lon="-314786" timestamp="2013-11-26T21:50:12Z" username="Fillault"><tag k="OBJCOD" v="BOYLAT"/>
            
        </node>
</modify><modify><node lat="6011305" lon="-314498" timestamp="2013-11-17T15:06:31Z" username="unknown"><tag k="OBJCOD" v="BOYLAT"/>
            
        </node>
</modify><delete><node lat="6011345" lon="-315150" timestamp="2015-06-27T21:00:51Z" username="jolie m&#xF4;me"><tag k="OBJCOD" v="MORFAC"/><tag k="OBJNAM" v="Mouillage"/><tag k="INFORM" v="&#10;&#10;"/></node>
</delete><create><node lat="6011467" lon="-315943" timestamp="2014-03-22T15:37:42Z" username="phidugreo"><tag k="OBJCOD" v="psgiio"/><tag k="catser" v="131"/><tag k="OBJNAM" v="Mouillage de Pen er men"/><tag k="INFORM" v="Mouillages sur coffres. Canal 9 Arradon"/>
            
            
            
            
        </node>
</create><create><node lat="6011754" lon="-314791" timestamp="2011-11-26T10:23:48Z" username="arcance"><tag k="OBJCOD" v="psgiio"/><tag k="catser" v="131"/><tag k="numvhf" v="Canal 9"/><tag k="OBJNAM" v="Arradon"/>
            
            
            
            
        </node>
</create><create><node lat="6011815" lon="-314759" timestamp="2012-08-19T18:49:36Z" username="MrGreg"><tag k="OBJCOD" v="psgiio"/><tag k="catser" v="3"/><tag k="zipcde" v="56610"/><tag k="telnum" v="02 97 44 01 16"/><tag k="strnam" v="Pratmer"/><tag k="citynm" v="Arradon"/><tag k="OBJNAM" v="Le Blan marine"/><tag k="INFORM" v="Vente bateaux, moteurs et accastillage. &#10;Location bateaux à moteur, dériveurs et catamarans, kayak."/>
            
            
            
            
            
            
            
            
        </node>
</create><modify><node lat="6014479" lon="-329608" timestamp="2015-06-22T18:14:00Z" username="calie"><tag k="OBJCOD" v="SOUNDG"/><tag k="VALSOU" v="1"/><tag k="DUNITS" v="1"/></node>
</modify><create><node lat="6014661" lon="-313769" timestamp="2014-09-07T06:46:55Z" username="pierrejohannel"><tag k="OBJCOD" v="SOUNDG"/><tag k="DUNITS" v="1"/>
            
            
        </node>
</create></bound>