<?xml version="1.0" encoding="UTF-8"?><bound box="4357796,-352235,4377280,-332667"><create><node lat="4367724" lon="-332726" timestamp="2012-02-04T14:23:56Z" average_rating="0" rating_count="0" reviews_count="0" username="jose luis capilla"><tag k="OBJCOD" v="hotspt"/><tag k="catspt" v="1"/><tag k="OBJNAM" v="Piedras de BolaÃ±os"/><tag k="INFORM" v="Piedras salpicadas"/><tag k="DUNITS" v="1"/>
            
            
            
            
            
        </node>
</create><create><node lat="4370177" lon="-335191" timestamp="2014-03-19T07:34:25Z" username="unknown"><tag k="OBJCOD" v="BCNLAT"/><tag k="OBJNAM" v="puntal&#10;"/><tag k="COLOUR" v="3"/><tag k="BCNSHP" v="5"/>
            
            
            
            
        </node>
</create><create><node lat="4372134" lon="-344929" timestamp="2013-07-24T06:40:40Z" username="unknown"><tag k="OBJCOD" v="hotspt"/><tag k="catspt" v="1"/><tag k="OBJNAM" v="2"/><tag k="DUNITS" v="1"/>
            
            
            
            
        </node>
</create></bound>