<?xml version="1.0" encoding="UTF-8"?><bound box="5917449,-352235,5936957,-332667"><create><node lat="5930935" lon="-332945" timestamp="2015-03-18T14:26:01Z" username="renato4954"><tag k="OBJCOD" v="WRECKS"/><tag k="VALSOU" v="42"/><tag k="OBJNAM" v="Dan"/><tag k="INFORM" v="10 m dehors , orientee sud/nord 120 m long"/><tag k="DUNITS" v="1"/><tag k="CATWRK" v="1"/></node>
</create><modify><node lat="5931789" lon="-333340" timestamp="2013-05-24T19:58:44Z" username="REGIS"><tag k="OBJCOD" v="WRECKS"/><tag k="OBJNAM" v="dan"/><tag k="DUNITS" v="4"/>
            
            
            
        
            
            
            
        </node>
</modify></bound>