<?xml version="1.0" encoding="UTF-8"?><bound box="6658917,-450078,6678434,-430510"><modify><node lat="6669363" lon="-441988" timestamp="2014-03-25T08:22:21Z" username="andiyates"><tag k="OBJCOD" v="WRECKS"/><tag k="OBJNAM" v="Wreck"/><tag k="INFORM" v=" "/><tag k="DUNITS" v="1"/>
            
            
            
            
        </node>
</modify><modify><node lat="6671119" lon="-440927" timestamp="2014-03-25T08:23:13Z" username="andiyates"><tag k="OBJCOD" v="WRECKS"/><tag k="OBJNAM" v="Wreck 2"/><tag k="INFORM" v="Side by side wrecks"/><tag k="DUNITS" v="1"/>
            
            
            
            
        </node>
</modify><modify><node lat="6676655" lon="-443012" timestamp="2014-06-18T10:57:19Z" username="rjropes"><tag k="OBJCOD" v="BOYCAR"/><tag k="OBJNAM" v="LEDGE"/><tag k="INFORM" v=" "/>
            
            
            
        </node>
</modify></bound>