<?xml version="1.0" encoding="UTF-8"?><bound box="4299347,-430510,4318830,-410941"><create><node lat="4300502" lon="-414735" timestamp="2011-03-28T13:44:05Z" username="unknown"><tag k="OBJCOD" v="UWTROC"/><tag k="WATLEV" v="3"/><tag k="DUNITS" v="1"/>
            
            
            
        </node>
</create><delete><node lat="4300564" lon="-419130" timestamp="2015-08-30T10:41:36Z" username="grimbejov"><tag k="OBJCOD" v="hotspt"/><tag k="catspt" v="1"/><tag k="VALSOU" v="272"/><tag k="OBJNAM" v="Seco motril"/><tag k="INFORM" v="Vorazos grandes"/><tag k="DUNITS" v="1"/></node>
</delete><create><node lat="4300617" lon="-415501" timestamp="2013-05-06T20:09:49Z" username="unknown"><tag k="OBJCOD" v="WRECKS"/><tag k="OBJNAM" v="seco de enmedio"/><tag k="INFORM" v="zona de pesca"/><tag k="DUNITS" v="1"/><tag k="CATWRK" v="1"/>
            
            
            
            
            
        </node>
</create></bound>