<?xml version="1.0" encoding="UTF-8"?><bound box="7049308,-391372,7068830,-371804"><create><node lat="7058992" lon="-382967" timestamp="2012-05-11T18:24:09Z" username="newreddragon"><tag k="OBJCOD" v="SOUNDG"/><tag k="DUNITS" v="1"/>
            
            
        </node>
</create><create><node lat="7065995" lon="-374475" timestamp="2011-01-08T19:36:32Z"><tag k="OBJCOD" v="WRECKS"/><tag k="OBJNAM" v="mv counsellor"/><tag k="DUNITS" v="1"/><tag k="CATWRK" v="1"/>
            
            
            
            
        </node>
</create><modify><node lat="7066287" lon="-374722" timestamp="2015-07-30T14:40:17Z" username="dave d"><tag k="OBJCOD" v="WRECKS"/><tag k="VALSOU" v="14.30"/><tag k="OBJNAM" v=" "/><tag k="INFORM" v=" "/><tag k="DUNITS" v="1"/></node>
</modify><create><node lat="7067980" lon="-373956" timestamp="2013-08-13T00:35:48Z" username="unknown"><tag k="OBJCOD" v="SMACRA"/><tag k="ofsety" v="0"/><tag k="ofsetx" v="0"/><tag k="SRVLST" v="28"/><tag k="OBJNAM" v="????????? ????"/><tag k="CATSMC" v="1"/>
            
            
            
            
            
            
        </node>
</create></bound>