<?xml version="1.0" encoding="UTF-8"?><bound box="5956464,-293529,5975972,-273961"><modify><node lat="5957772" lon="-292930" timestamp="2013-05-30T14:41:50Z" username="charbonnier"><tag k="OBJCOD" v="WRECKS"/>
            
        </node>
</modify><modify><node lat="5957865" lon="-278971" timestamp="2012-06-16T15:14:58Z" username="leclercchristophe"><tag k="OBJCOD" v="psgiio"/><tag k="catser" v="3"/><tag k="websit" v="http://Www.lemerle-bateaux.com"/><tag k="OBJNAM" v="Gérard lemerle"/><tag k="INFORM" v="Vente et réparation de bateaux et magasin de chasse sous marine"/>
            
            
            
            
            
        </node>
</modify><create><node lat="5958637" lon="-279295" timestamp="2012-06-16T15:09:41Z" username="leclercchristophe"><tag k="OBJCOD" v="psgiio"/><tag k="catser" v="23"/><tag k="zipcde" v="44490"/><tag k="telnum" v="02 40 23 58 40"/><tag k="strnam" v="3 quai Hervé rielle"/><tag k="citynm" v="Le Croisic"/><tag k="OBJNAM" v="Le saint alys"/><tag k="INFORM" v="Une très bonne table faite par un vrai chef"/>
            
            
            
            
            
            
            
            
        </node>
</create><modify><node lat="5958834" lon="-279190" timestamp="2012-01-20T11:16:57Z" username="mmacchia"><tag k="OBJCOD" v="SMACRA"/><tag k="ofsety" v="-426"/><tag k="ofsetx" v="-170"/><tag k="CATSMC" v="1"/>
            
            
            
            
        </node>
</modify><create><node lat="5959516" lon="-290851" timestamp="2013-08-02T14:43:31Z" username="Sabelle"><tag k="OBJCOD" v="hotspt"/><tag k="catspt" v="2"/><tag k="VALSOU" v=" "/><tag k="OBJNAM" v="L'Inconnu"/><tag k="INFORM" v=" "/><tag k="DUNITS" v="1"/>
            
            
            
            
            
            
        </node>
</create><delete><node lat="5959672" lon="-292651" timestamp="2015-08-19T21:05:32Z" username="pme990"><tag k="OBJCOD" v="BOYSPP"/></node>
</delete><create><node lat="5959702" lon="-292354" timestamp="2015-08-19T21:05:32Z" username="pme990"><tag k="OBJCOD" v="BOYSPP"/><tag k="abrchr" v="Y"/><tag k="MARSYS" v="1"/><tag k="COLOUR" v="6"/><tag k="CATSPM" v="27"/><tag k="BOYSHP" v="1"/></node>
</create><create><node lat="5959983" lon="-281453" timestamp="2015-05-09T21:24:52Z" username="mich44"><tag k="OBJCOD" v="gennav"/><tag k="OBJNAM" v="moule"/><tag k="INFORM" v=" "/></node>
</create><modify><node lat="5960013" lon="-280692" timestamp="2012-06-16T14:57:30Z" username="leclercchristophe"><tag k="OBJCOD" v="psgiio"/><tag k="catser" v="23"/><tag k="telnum" v="+33 2 51 75 71 71"/>
            
            
            
        </node>
</modify><modify><node lat="5960244" lon="-286393" timestamp="2014-09-15T17:02:08Z" username="rene44250"><tag k="OBJCOD" v="BOYCAR"/>
            
        </node>
</modify><modify><node lat="5961206" lon="-280813" timestamp="2014-07-12T22:43:04Z" username="Captain Carl"><tag k="OBJCOD" v="UWTROC"/>
            
        </node>
</modify><create><node lat="5967069" lon="-279626" timestamp="2014-06-15T07:31:43Z" username="cart-tanneur"><tag k="OBJCOD" v="gennav"/><tag k="OBJNAM" v="Cart Tanneur"/><tag k="INFORM" v="Cette balise latÃ©rale n existe plus"/>
            
            
            
        </node>
</create><delete><node lat="5967079" lon="-279658" timestamp="2011-01-24T22:17:32Z"><tag k="OBJCOD" v="BCNLAT"/>
            
        </node>
</delete><delete><node lat="5967097" lon="-279625" timestamp="2011-01-24T22:23:22Z"><tag k="OBJCOD" v="BCNLAT"/>
            
        </node>
</delete><delete><node lat="5967195" lon="-279880" timestamp="2015-04-30T06:24:22Z" username="kimou" average_rating="4.0" rating_count="1" reviews_count="1"><tag k="OBJCOD" v="SMACRA"/><tag k="trnbth" v="2"/><tag k="ofsety" v="596"/><tag k="ofsetx" v="-866"/><tag k="numvhf" v="9"/><tag k="maxlen" v=" "/><tag k="dckdph" v=" "/><tag k="ZIPCDE" v=" "/><tag k="WEBSIT" v="http://la-turballe-peche.peche-plaisance44.fr/"/><tag k="TELNUM" v="+33 240234165"/><tag k="STRNAM" v=" "/><tag k="SRVLST" v="71;28;36;39;126;74"/><tag k="OBJNAM" v="La Turballe"/><tag k="INFORM" v=" "/><tag k="CITYNM" v=" "/><tag k="CATSMC" v="1"/></node>
</delete><create><node lat="5967198" lon="-279957" timestamp="2015-07-23T00:00:00Z" username="ADAC"><tag k="OBJCOD" v="SMACRA"/><tag k="OBJNAM" v="Port de la Turballe"/><tag k="ofsety" v="10"/><tag k="ofsetx" v="10"/><tag k="CATSMC" v="1"/><tag k="WEBSIT" v="http://www.marinafuehrer.adac.de/haefen/port-de-la-turballe/"/></node>
</create><create><node lat="5967222" lon="-279678" timestamp="2012-08-10T16:18:14Z" username="manu45"><tag k="OBJCOD" v="psgiio"/><tag k="catser" v="130"/><tag k="zipcde" v="44420"/><tag k="websit" v="http://www.tourisme-laturballe.fr/club-de-plongee-3-32-38.html"/><tag k="telnum" v=" "/><tag k="strnam" v="Port de plaisance"/><tag k="citynm" v="LA TURBALLE"/><tag k="OBJNAM" v="CNT Plongee"/><tag k="INFORM" v="Club de plongee de la Turballe&#10;ambiance très sympathique et accueil chaleureux."/>
            
            
            
            
            
            
            
            
            
        </node>
</create><delete><node lat="5967238" lon="-279867" timestamp="2010-12-23T17:34:11Z"><tag k="OBJCOD" v="BCNLAT"/>
            
        </node>
</delete><delete><node lat="5967255" lon="-280018" timestamp="2015-03-26T21:25:47Z" username="gaborit jean maurice"><tag k="OBJCOD" v="LIGHTS"/><tag k="COLOUR" v="3"/></node>
</delete><delete><node lat="5967309" lon="-279899" timestamp="2010-12-23T17:33:15Z"><tag k="OBJCOD" v="BCNLAT"/>
            
        </node>
</delete><create><node lat="5967374" lon="-279678" timestamp="2014-08-28T11:19:05Z" username="Denisio"><tag k="OBJCOD" v="psgiio"/><tag k="catser" v="129"/><tag k="zipcde" v=" "/><tag k="websit" v=" "/><tag k="telnum" v=" "/><tag k="strnam" v=" "/><tag k="citynm" v=" "/><tag k="OBJNAM" v="Visiteurs"/><tag k="INFORM" v=" "/>
            
            
            
            
            
            
            
            
            
        
            
            
            
            
            
            
            
            
            
        </node>
</create><modify><node lat="5967422" lon="-279943" timestamp="2010-12-23T17:32:26Z"><tag k="OBJCOD" v="LIGHTS"/><tag k="COLOUR" v="4"/>
            
            
        </node>
</modify><modify><node lat="5967435" lon="-279439" timestamp="2011-06-18T16:46:34Z" username="unknown"><tag k="OBJCOD" v="psgiio"/><tag k="catser" v="23"/><tag k="zipcde" v="44420"/><tag k="telnum" v="+33 2 40 11 70 04"/><tag k="strnam" v="6 Quai St Jacques"/><tag k="citynm" v="Turballe"/><tag k="OBJNAM" v="Le Goéland"/>
            
            
            
            
            
            
            
        </node>
</modify><create><node lat="5967516" lon="-279485" timestamp="2011-06-18T16:48:29Z" username="unknown"><tag k="OBJCOD" v="psgiio"/><tag k="catser" v="3"/><tag k="zipcde" v="44420"/><tag k="citynm" v="La Turballe"/><tag k="OBJNAM" v="Comptoir du pêcheur"/>
            
            
            
            
            
        </node>
</create><delete><node lat="5967733" lon="-279574" timestamp="2010-12-21T17:41:10Z"><tag k="OBJCOD" v="psgiio"/><tag k="catser" v="23"/>
            
            
        </node>
</delete><create><node lat="5967765" lon="-279725" timestamp="2010-12-23T17:47:39Z"><tag k="OBJCOD" v="psgiio"/><tag k="catser" v="23"/><tag k="zipcde" v="44420"/><tag k="telnum" v="+33 2 40 62 82 36"/><tag k="strnam" v="5 Rue Mar Leclerc"/><tag k="stanam" v="Pays-de-la-Loire"/><tag k="county" v="Loire-Atlantique"/><tag k="citynm" v="Turballe"/><tag k="OBJNAM" v="La GalÃÂ¨re"/><tag k="NATION" v="FR"/>
            
            
            
            
            
            
            
            
            
            
        </node>
</create><modify><node lat="5967787" lon="-279702" timestamp="2011-05-25T17:06:38Z" username="unknown"><tag k="OBJCOD" v="psgiio"/><tag k="catser" v="23"/><tag k="zipcde" v="44420"/><tag k="telnum" v="+33 2 40 23 30 29"/><tag k="strnam" v="18 Quai St Paul"/><tag k="citynm" v="Turballe"/><tag k="OBJNAM" v="Le Terminus"/>
            
            
            
            
            
            
            
        </node>
</modify><create><node lat="5968085" lon="-278942" timestamp="2015-03-26T21:25:47Z" username="gaborit jean maurice"><tag k="OBJCOD" v="LIGHTS"/><tag k="COLOUR" v="3"/><tag k="abrchr" v="FL(4) WR 12S 10-7M"/><tag k="VALNMR" v="7"/><tag k="SIGPER" v="12"/><tag k="SIGGRP" v="(4)"/><tag k="SECTR2" v="315"/><tag k="SECTR1" v="60"/><tag k="LITCHR" v="2"/><slave><tag k="OBJCOD" v="LIGHTS"/><tag k="SECTR1" v="315"/><tag k="SECTR2" v="60"/><tag k="SIGGRP" v="(4)"/><tag k="SIGPER" v="12"/><tag k="VALNMR" v="10"/><tag k="abrchr" v="FL(4) WR 12S 10-7M"/><tag k="COLOUR" v="1"/><tag k="LITCHR" v="2"/></slave></node>
</create><create><node lat="5970991" lon="-285190" timestamp="2012-01-05T23:11:15Z" username="Somio"><tag k="OBJCOD" v="hotspt"/><tag k="catspt" v="1"/><tag k="OBJNAM" v="Good Fishing Place"/><tag k="INFORM" v="In the near of Brocken Tower"/><tag k="DUNITS" v="1"/>
            
            
            
        
            
            
            
            
        
            
            
            
            
        </node>
</create><create><node lat="5973348" lon="-283295" timestamp="2015-06-17T21:20:35Z" username="ovni"><tag k="OBJCOD" v="SOUNDG"/><tag k="VALSOU" v="1.7"/><tag k="DUNITS" v="1"/></node>
</create><modify><node lat="5973574" lon="-283256" timestamp="2015-08-12T21:04:26Z" username="bleimor"><tag k="OBJCOD" v="SMACRA"/><tag k="ofsety" v="-853"/><tag k="ofsetx" v="-170"/><tag k="CATSMC" v="1"/></node>
</modify><create><node lat="5973601" lon="-283288" timestamp="2015-07-23T00:00:00Z" username="ADAC"><tag k="OBJCOD" v="SMACRA"/><tag k="OBJNAM" v="Port de Piriac sur Mer"/><tag k="ofsety" v="10"/><tag k="ofsetx" v="10"/><tag k="CATSMC" v="1"/><tag k="WEBSIT" v="http://www.marinafuehrer.adac.de/haefen/port-de-piriac-sur-mer/"/></node>
</create><delete><node lat="5973623" lon="-283829" timestamp="2015-06-16T22:02:58Z" username="philgrove"><tag k="OBJCOD" v="BCNSPP"/><tag k="OBJNAM" v="Rothres"/></node>
</delete><create><node lat="5973917" lon="-291705" timestamp="2012-04-29T19:22:21Z" username="le gars mickael"><tag k="OBJCOD" v="WRECKS"/><tag k="DUNITS" v="1"/><tag k="CATWRK" v="1"/>
            
            
            
        </node>
</create><modify><node lat="5975031" lon="-283675" timestamp="2013-11-21T16:34:47Z" username="saudubray"><tag k="OBJCOD" v="BCNCAR"/><tag k="OBJNAM" v="GRAND NORVEN"/><tag k="INFORM" v="nepas passer tr&#xE8;s pr&#xE8;s"/>
            
            
            
        
            
            
            
        </node>
</modify><create><node lat="5975890" lon="-282329" timestamp="2014-07-27T10:31:12Z" username="chonchon"><tag k="OBJCOD" v="gennav"/><tag k="OBJNAM" v="Morgate chon"/>
            
            
        </node>
</create></bound>