<?xml version="1.0" encoding="UTF-8"?><bound box="6463757,-430510,6483272,-410941"><create><node lat="6463900" lon="-419982" timestamp="2013-03-05T21:47:52Z" username="gazza10"><tag k="OBJCOD" v="WRECKS"/><tag k="WATLEV" v="3"/><tag k="VERDAT" v="10"/><tag k="VALSOU" v="50.01"/><tag k="QUASOU" v="6"/><tag k="CATWRK" v="1"/>
            
            
            
            
            
            
        </node>
</create><create><node lat="6465149" lon="-423649" timestamp="2011-08-11T10:29:03Z" username="Cookee"><tag k="OBJCOD" v="psgiio"/><tag k="catser" v="2"/><tag k="zipcde" v="TQ8 8EA"/><tag k="websit" v="http://Www.bananasharkracing.com"/><tag k="telnum" v="01548 856078"/><tag k="strnam" v="South Hams Business Park"/><tag k="citynm" v="Churchstow Devon"/><tag k="OBJNAM" v="BananaShark Ltd"/><tag k="INFORM" v="Builders of race and high performance boats"/>
            
            
            
            
            
            
            
            
            
        </node>
</create></bound>