<?xml version="1.0" encoding="UTF-8"?><bound box="6463757,-450078,6483272,-430510"><create><node lat="6467528" lon="-449822" timestamp="2013-09-04T08:16:22Z" username="chazwazzer" average_rating="5.0" rating_count="1" reviews_count="1"><tag k="OBJCOD" v="psgiio"/><tag k="catser" v="23"/><tag k="citynm" v="Noss Mayo"/><tag k="OBJNAM" v="Ship Inn"/><tag k="INFORM" v="Waterside pub.  Water only one hour either side of high.  Shallow."/>
            
            
            
            
            
        
            
            
            
        
            
            
        
            
            
        </node>
</create><modify><node lat="6467553" lon="-439073" timestamp="2013-10-06T08:36:25Z" username="Ovni"><tag k="OBJCOD" v="SMACRA"/><tag k="ofsety" v="-272"/><tag k="ofsetx" v="408"/><tag k="CATSMC" v="1"/>
            
            
            
            
        </node>
</modify><create><node lat="6467561" lon="-449725" timestamp="2013-01-05T18:47:25Z" username="unknown"><tag k="OBJCOD" v="psgiio"/><tag k="catser" v="23"/><tag k="telnum" v="01752 872392"/><tag k="citynm" v="Noss Mayo"/><tag k="OBJNAM" v="Swan Inn"/><tag k="INFORM" v="Waterside pub.  Can tie up on Popes Quay right in front of pub.  Dries out."/>
            
            
            
            
            
        
            
            
            
        </node>
</create><create><node lat="6474500" lon="-449304" timestamp="2011-05-30T19:06:26Z" username="unknown"><tag k="OBJCOD" v="gennav"/><tag k="OBJNAM" v="Spencers home"/><tag k="INFORM" v="Kayamandi&#10;Brixton&#10;Plymouth&#10;PL8 2AH"/>
            
            
            
        </node>
</create></bound>