<?xml version="1.0" encoding="UTF-8"?><bound box="7029786,-313098,7049308,-293529"><create><node lat="7034592" lon="-306468" timestamp="2014-10-18T11:08:19Z" username="tterryted"><tag k="OBJCOD" v="SMACRA"/><tag k="ofsety" v="0"/><tag k="ofsetx" v="0"/><tag k="TELNUM" v="+44 1548 84 28 72 / +44 84 25 93"/><tag k="SRVLST" v="36;74"/><tag k="OBJNAM" v="Salcombe"/><tag k="CATSMC" v="1"/>
            
            
            
            
            
            
            
        </node>
</create></bound>