<?xml version="1.0" encoding="UTF-8"?><bound box="5332358,-371804,5351857,-352235"><modify><node lat="5340505" lon="-357627" timestamp="2012-09-12T19:36:36Z" username="unknown"><tag k="OBJCOD" v="SMACRA"/><tag k="ofsety" v="-39"/><tag k="ofsetx" v="239"/><tag k="CATSMC" v="1"/>
            
            
            
            
        </node>
</modify><modify><node lat="5340664" lon="-357338" timestamp="2012-09-12T19:39:35Z" username="unknown"><tag k="OBJCOD" v="SMACRA"/><tag k="ofsety" v="-119"/><tag k="ofsetx" v="125"/><tag k="CATSMC" v="1"/>
            
            
            
            
        </node>
</modify><create><node lat="5341270" lon="-358683" timestamp="2014-11-02T10:57:46Z" username="unknown"><tag k="OBJCOD" v="SMACRA"/><tag k="ofsety" v="0"/><tag k="ofsetx" v="0"/><tag k="OBJNAM" v="castro urdiales"/><tag k="CATSMC" v="1"/>
            
            
            
            
            
        </node>
</create><delete><node lat="5341654" lon="-358873" timestamp="2014-01-15T21:04:02Z" username="magila"><tag k="OBJCOD" v="OBSTRN"/><tag k="WATLEV" v="4"/>
            
            
        </node>
</delete><modify><node lat="5343241" lon="-369399" timestamp="2013-09-01T18:08:29Z" username="acrux"><tag k="OBJCOD" v="SMACRA"/><tag k="ofsety" v="-159"/><tag k="ofsetx" v="-437"/><tag k="SRVLST" v=""/><tag k="OBJNAM" v="R&#xC3;&#xAD;a De Orinon"/><tag k="CATSMC" v="1"/>
            
            
            
            
        
            
            
            
            
            
            
        </node>
</modify><delete><node lat="5343837" lon="-359151" timestamp="2013-07-15T23:07:00Z" username="lubineitor"><tag k="OBJCOD" v="hotspt"/><tag k="catspt" v="1"/><tag k="VALSOU" v=" "/><tag k="OBJNAM" v="P3m durdo"/><tag k="INFORM" v="roca, zona x explorar"/><tag k="DUNITS" v="1"/>
            
            
            
            
            
            
        </node>
</delete><create><node lat="5343879" lon="-359131" timestamp="2014-05-19T16:28:59Z" username="unknown"><tag k="OBJCOD" v="hotspt"/><tag k="catspt" v="1"/><tag k="OBJNAM" v="emisario"/><tag k="INFORM" v="pesca de fondo&#10;"/><tag k="DUNITS" v="1"/>
            
            
            
            
            
        </node>
</create><create><node lat="5343888" lon="-359104" timestamp="2014-05-19T16:29:49Z" username="unknown"><tag k="OBJCOD" v="SOUNDG"/><tag k="DUNITS" v="4"/>
            
            
        </node>
</create><create><node lat="5344908" lon="-366604" timestamp="2015-10-27T09:23:17Z" username="mikelibar"><tag k="OBJCOD" v="UWTROC"/><tag k="WATLEV" v="4"/><tag k="VALSOU" v="10"/><tag k="OBJNAM" v="el najo"/><tag k="INFORM" v=" "/><tag k="DUNITS" v="1"/></node>
</create><create><node lat="5345256" lon="-362746" timestamp="2015-10-27T09:20:21Z" username="mikelibar"><tag k="OBJCOD" v="UWTROC"/><tag k="WATLEV" v="3"/><tag k="VALSOU" v="17"/><tag k="OBJNAM" v="piedra"/><tag k="INFORM" v=" "/><tag k="DUNITS" v="1"/></node>
</create><create><node lat="5345276" lon="-365436" timestamp="2015-10-27T09:24:15Z" username="mikelibar"><tag k="OBJCOD" v="UWTROC"/><tag k="WATLEV" v="3"/><tag k="VALSOU" v="13"/><tag k="OBJNAM" v="colina"/><tag k="INFORM" v=" "/><tag k="DUNITS" v="1"/></node>
</create><create><node lat="5345307" lon="-363124" timestamp="2015-10-27T09:19:58Z" username="mikelibar"><tag k="OBJCOD" v="UWTROC"/><tag k="WATLEV" v="3"/><tag k="VALSOU" v="17"/><tag k="OBJNAM" v="piedra"/><tag k="INFORM" v=" "/><tag k="DUNITS" v="1"/></node>
</create><create><node lat="5351283" lon="-368611" timestamp="2012-10-14T12:01:09Z" username="phulpo"><tag k="OBJCOD" v="WRECKS"/><tag k="OBJNAM" v="vapor candina"/><tag k="INFORM" v="PECIO"/><tag k="DUNITS" v="1"/><tag k="CATWRK" v="1"/>
            
            
            
            
            
        </node>
</create></bound>