<?xml version="1.0" encoding="UTF-8"?><bound box="7146920,-371804,7166443,-352235"><create><node lat="7147629" lon="-352556" timestamp="2013-08-29T19:45:03Z" username="jpm209"><tag k="OBJCOD" v="ACHBRT"/><tag k="OBJNAM" v="FHYC BUOY"/><tag k="INFORM" v="Fleetwood Harbour YC's buoy at Piel Island"/>
            
            
            
        </node>
</create><create><node lat="7147781" lon="-353091" timestamp="2013-12-14T13:46:29Z" username="Carl_riley"><tag k="OBJCOD" v="ACHBRT"/><tag k="OBJNAM" v="piel island"/><tag k="INFORM" v="several visitor moorings some dry out some deep water"/>
            
            
            
        </node>
</create><create><node lat="7147823" lon="-353197" timestamp="2012-03-16T13:30:05Z" username="larus-uk"><tag k="OBJCOD" v="psgiio"/><tag k="catser" v="24"/><tag k="websit" v="http://www.pielisland.co.uk"/><tag k="telnum" v="07516 453784"/><tag k="OBJNAM" v="Ship Inn"/><tag k="INFORM" v="Bar, meals, accommodation, camping, events."/>
            
            
            
            
            
            
        </node>
</create><delete><node lat="7149622" lon="-354250" timestamp="2015-03-24T16:19:15Z" username="tj121"><tag k="OBJCOD" v="SOUNDG"/></node>
</delete><delete><node lat="7153195" lon="-355729" timestamp="2012-06-16T04:18:17Z" username="rendy"><tag k="OBJCOD" v="SMACRA"/><tag k="ofsety" v="887"/><tag k="ofsetx" v="1454"/><tag k="CATSMC" v="1"/>
            
            
            
            
        </node>
</delete><modify><node lat="7154585" lon="-360047" timestamp="2012-11-04T13:47:34Z" username="doctorfresh"><tag k="OBJCOD" v="SMACRA"/><tag k="ofsety" v="-86"/><tag k="ofsetx" v="370"/><tag k="CATSMC" v="1"/>
            
            
            
            
        </node>
</modify><create><node lat="7162504" lon="-357753" timestamp="2012-03-27T08:09:45Z" average_rating="0" rating_count="0" reviews_count="0" username="cookie1951"><tag k="OBJCOD" v="hotspt"/><tag k="catspt" v="1"/><tag k="VALSOU" v=" "/><tag k="OBJNAM" v="peil"/><tag k="INFORM" v=" "/><tag k="DUNITS" v="3"/>
            
            
            
            
            
            
        </node>
</create></bound>