<?xml version="1.0" encoding="UTF-8"?><bound box="7010264,-313098,7029786,-293529"><modify><node lat="7010800" lon="-307261" timestamp="2014-09-23T09:49:38Z" username="Tchin Tchin"><tag k="OBJCOD" v="SMACRA"/><tag k="ofsety" v="-133"/><tag k="ofsetx" v="243"/><tag k="CATSMC" v="1"/>
            
            
            
            
        </node>
</modify><create><node lat="7013997" lon="-301860" timestamp="2012-05-12T20:51:44Z" username="theman"><tag k="OBJCOD" v="OFSPLF"/><tag k="OBJNAM" v=" "/><tag k="INFORM" v="drilling platform"/>
            
            
            
        </node>
</create><create><node lat="7014269" lon="-302318" timestamp="2012-05-12T20:50:40Z" username="theman"><tag k="OBJCOD" v="OFSPLF"/><tag k="OBJNAM" v=" "/><tag k="INFORM" v="floating drilling platform"/>
            
            
            
        </node>
</create><create><node lat="7014418" lon="-302552" timestamp="2014-05-11T20:34:20Z" username="MagicPelagic"><tag k="OBJCOD" v="gennav"/><tag k="OBJNAM" v="Mersey Gateway Crossing Temporary Works"/><tag k="INFORM" v="Refer to Notice to Mariners no. 10 - 2014 Port of Liverpool construction of a temporary trestle bridge"/>
            
            
            
        </node>
</create><create><node lat="7014598" lon="-302861" timestamp="2012-05-12T20:48:23Z" username="theman"><tag k="OBJCOD" v="OFSPLF"/><tag k="OBJNAM" v=" "/><tag k="INFORM" v="site investigation platform"/>
            
            
            
        </node>
</create><create><node lat="7014876" lon="-301413" timestamp="2012-05-12T20:52:40Z" username="theman"><tag k="OBJCOD" v="OFSPLF"/><tag k="OBJNAM" v=" "/><tag k="INFORM" v="floating drilling platform"/>
            
            
            
        </node>
</create></bound>