<?xml version="1.0" encoding="UTF-8"?><bound box="6502787,-273961,6522303,-254392"><modify><node lat="6502914" lon="-273457" timestamp="2014-10-24T15:01:11Z" username="adam reeda"><tag k="OBJCOD" v="LIGHTS"/><tag k="COLOUR" v="3"/><tag k="OBJNAM" v="Portland Bill"/><tag k="INFORM" v=" "/>
            
            
            
            
        </node>
</modify><create><node lat="6503403" lon="-265637" timestamp="2014-08-26T11:23:14Z" username="op44"><tag k="OBJCOD" v="hotspt"/><tag k="catspt" v="1"/><tag k="OBJNAM" v="Plaice"/><tag k="DUNITS" v="1"/>
            
            
            
            
        </node>
</create><modify><node lat="6503883" lon="-273232" timestamp="2015-02-22T13:45:19Z" username="saildorset"><tag k="OBJCOD" v="gennav"/><tag k="OBJNAM" v="NCI Portland Bill"/><tag k="INFORM" v="National Coastwatch Institution Portland Bill&#10;T: 01305 860178&#10;VHF: 65"/></node>
</modify><modify><node lat="6504110" lon="-259904" timestamp="2014-09-24T15:42:55Z" username="jandaco"><tag k="OBJCOD" v="BOYCAR"/>
            
        </node>
</modify><create><node lat="6504215" lon="-273570" timestamp="2015-03-13T10:09:31Z" username="saildorset"><tag k="OBJCOD" v="gennav"/><tag k="OBJNAM" v="NCI Portland Bill"/><tag k="INFORM" v="National Coastwatch Institution Portland Bill&#10;T: 01305 860178&#10;VHF: 65"/></node>
</create><create><node lat="6506613" lon="-259755" timestamp="2013-06-04T14:25:29Z" username="alextbsac0456"><tag k="OBJCOD" v="WRECKS"/><tag k="OBJNAM" v="Binnendijk"/><tag k="INFORM" v="19-27m&#10;&#10;-2..3 HW Portland +3&#10;&#10;50°32.120'N 02°20.000'W&#10;&#10;Dutch steamer, 7KT, 120m, sunk 1939"/><tag k="DUNITS" v="1"/><tag k="CATWRK" v="1"/>
            
            
            
            
            
        </node>
</create><modify><node lat="6506634" lon="-259898" timestamp="2013-06-24T19:12:34Z" username="markfishing5465"><tag k="OBJCOD" v="WRECKS"/><tag k="OBJNAM" v="Binnendijk"/><tag k="INFORM" v="Dutch SS"/><tag k="DUNITS" v="1"/>
            
            
            
            
        
            
            
            
            
        </node>
</modify><create><node lat="6506684" lon="-259958" timestamp="2012-08-22T12:52:23Z" username="neil283"><tag k="OBJCOD" v="gennav"/><tag k="OBJNAM" v="Binnedijk"/><tag k="INFORM" v="Slack water 2-3 before hw 4-5 after hw Portland"/>
            
            
            
        </node>
</create><modify><node lat="6508536" lon="-273668" timestamp="2013-06-04T13:07:41Z" username="alextbsac0456"><tag k="OBJCOD" v="WRECKS"/><tag k="OBJNAM" v="Gertrude"/><tag k="INFORM" v="11m&#10;&#10;OK anytime&#10;&#10;50&#xB0;32.770'N 02&#xB0;26.950'W&#10;&#10;Sank 1894, plates boiler &amp; anchor, viz usually good, loads of fish, iron pyrite"/><tag k="DUNITS" v="1"/>
            
            
            
            
        
            
            
            
        
            
            
            
        </node>
</modify><create><node lat="6508935" lon="-269362" timestamp="2014-08-14T19:46:12Z" username="cdog"><tag k="OBJCOD" v="gennav"/><tag k="OBJNAM" v="Grove Point Ariel"/><tag k="INFORM" v="Portland Coastguard sub station"/>
            
            
            
        </node>
</create><create><node lat="6510194" lon="-263986" timestamp="2012-07-15T11:37:21Z" username="davidsmall666"><tag k="OBJCOD" v="BOYSAW"/><tag k="OBJNAM" v="Alpha"/><tag k="COLOUR" v="3;1"/><tag k="BOYSHP" v="4"/>
            
            
            
            
        </node>
</create><create><node lat="6510597" lon="-268562" timestamp="2015-06-18T07:17:05Z" username="Mattedwards7"><tag k="OBJCOD" v="hotspt"/><tag k="catspt" v="1"/><tag k="OBJNAM" v="No 1"/><tag k="DUNITS" v="1"/></node>
</create><create><node lat="6511005" lon="-272579" timestamp="2011-07-05T15:40:01Z" username="Cor"><tag k="OBJCOD" v="psgiio"/><tag k="catser" v="23"/><tag k="zipcde" v="DT5 1AW"/><tag k="websit" v="http://www.thecovehouseinn.co.uk"/><tag k="telnum" v="01305820895"/><tag k="strnam" v="Chiswell"/><tag k="citynm" v="Portland"/><tag k="OBJNAM" v="Cove House Inn"/>
            
            
            
            
            
            
            
            
        </node>
</create><modify><node lat="6512273" lon="-270053" timestamp="2012-02-04T09:24:56Z" username="BGH"><tag k="OBJCOD" v="WRECKS"/><tag k="VALSOU" v="5.50"/><tag k="OBJNAM" v="Sandbarges"/><tag k="INFORM" v=" "/><tag k="DUNITS" v="1"/>
            
            
            
            
            
        </node>
</modify><modify><node lat="6512302" lon="-270003" timestamp="2012-01-21T13:02:28Z" username="Ace1701"><tag k="OBJCOD" v="WRECKS"/><tag k="OBJNAM" v="Dredger"/><tag k="DUNITS" v="1"/>
            
            
            
        
            
            
            
        </node>
</modify><create><node lat="6512319" lon="-272412" timestamp="2010-12-04T10:30:32Z" username="unknown"><tag k="OBJCOD" v="psgiio"/><tag k="catser" v="130"/><tag k="OBJNAM" v="Underwater explorers"/><tag k="INFORM" v="DIR dive shop"/>
            
            
            
            
        </node>
</create><create><node lat="6512356" lon="-271294" timestamp="2011-07-06T19:20:02Z" username="Cor"><tag k="OBJCOD" v="SLCONS"/><tag k="CATSLC" v="12"/>
            
            
        </node>
</create><create><node lat="6512401" lon="-271791" timestamp="2011-07-06T19:19:29Z" username="Cor"><tag k="OBJCOD" v="CRANES"/><tag k="CATCRN" v="4"/>
            
            
        </node>
</create><create><node lat="6512401" lon="-271791" timestamp="2011-07-06T19:19:29Z" username="Cor"><tag k="OBJCOD" v="CRANES"/><tag k="CATCRN" v="4"/>
            
            
        </node>
</create><create><node lat="6512479" lon="-269329" timestamp="2015-06-18T07:09:39Z" username="Mattedwards7"><tag k="OBJCOD" v="hotspt"/><tag k="catspt" v="1"/><tag k="OBJNAM" v="No 2"/><tag k="DUNITS" v="1"/></node>
</create><create><node lat="6512515" lon="-269537" timestamp="2014-09-21T04:14:20Z" username="Dogwood"><tag k="OBJCOD" v="WRECKS"/><tag k="OBJNAM" v="The Hood"/><tag k="INFORM" v="Good fishing for Pollock but snaggy"/><tag k="DUNITS" v="1"/><tag k="CATWRK" v="2"/>
            
            
            
            
            
        </node>
</create><create><node lat="6512532" lon="-271963" timestamp="2015-06-02T15:29:39Z" username="saildorset"><tag k="OBJCOD" v="gennav"/><tag k="OBJNAM" v="Clarks Boatworks"/><tag k="INFORM" v=" "/></node>
</create><create><node lat="6512601" lon="-273475" timestamp="2014-12-07T10:37:42Z" username="cdog"><tag k="OBJCOD" v="gennav"/><tag k="OBJNAM" v="Area information."/><tag k="INFORM" v="The area shown has been developed and now has a marine engineering company 'Mechanical Services', also Moat Sails have moved to a site nearby.&#10;For divers there is O3 who make and supply diving suits and a full dive shop accross the roundabout."/>
            
            
            
        </node>
</create><create><node lat="6512615" lon="-272956" timestamp="2014-04-08T11:13:07Z" average_rating="5" rating_count="1" reviews_count="1" username="nuk"><tag k="OBJCOD" v="psgiio"/><tag k="catser" v="125"/><tag k="zipcde" v="DT5 1DX"/><tag k="websit" v="www.oceanelectrics.co.uk"/><tag k="telnum" v="07968139570"/><tag k="strnam" v="Osprey Quay"/><tag k="citynm" v="Weymouth"/><tag k="OBJNAM" v="Ocean Electric"/><tag k="INFORM" v="Raymarine sales and service, Navionics, and all major brands of electronics"/>
            
            
            
            
            
            
            
            
            
        </node>
</create><create><node lat="6512685" lon="-273627" timestamp="2015-06-02T15:34:10Z" username="saildorset"><tag k="OBJCOD" v="psgiio"/><tag k="catser" v="41"/><tag k="zipcde" v="DT4 9DN"/><tag k="telnum" v="+44 1305 77 93 79"/><tag k="strnam" v="60 Lynch lane"/><tag k="stanam" v="England"/><tag k="e_mail" v="service@mechanicalservices.co.uk"/><tag k="county" v="South West"/><tag k="citynm" v="Weymouth"/><tag k="brands" v="Volvo Penta"/><tag k="OBJNAM" v="Mechanical Services (Wessex)Llp"/><tag k="NATION" v="GB"/></node>
</create><create><node lat="6512697" lon="-273659" timestamp="2011-05-18T22:38:36Z" username="DWG"><tag k="OBJCOD" v="gennav"/><tag k="OBJNAM" v="Site of old Mere Tank Farm (removed)"/><tag k="INFORM" v="All large fuel tanks and associated equipment have been removed in preparation for the 2012 Olympic Games"/>
            
            
            
        </node>
</create><create><node lat="6512753" lon="-273418" timestamp="2011-05-18T22:46:09Z" username="DWG"><tag k="OBJCOD" v="psgiio"/><tag k="catser" v="133"/><tag k="zipcde" v="DT5 1SA"/><tag k="websit" v="http://reception@wpnsa.org.uk"/><tag k="telnum" v="01305866000"/><tag k="strnam" v="WPNSA, Osprey Quay, Portland, Dorset,"/><tag k="citynm" v="Portland"/><tag k="OBJNAM" v="WPNSA"/><tag k="INFORM" v="Host venue for the sailing events of the Games of the 30th Olympiad in 2012"/>
            
            
            
            
            
            
            
            
            
        </node>
</create><create><node lat="6512922" lon="-273521" timestamp="2011-07-06T19:17:22Z" username="Cor"><tag k="OBJCOD" v="SLCONS"/><tag k="CATSLC" v="12"/>
            
            
        </node>
</create><create><node lat="6512922" lon="-273521" timestamp="2011-07-06T19:17:22Z" username="Cor"><tag k="OBJCOD" v="SLCONS"/><tag k="CATSLC" v="12"/>
            
            
        </node>
</create><modify><node lat="6513216" lon="-273098" timestamp="2014-01-07T14:39:07Z" username="Rocketskydive" average_rating="3.0" rating_count="2" reviews_count="2"><tag k="OBJCOD" v="SMACRA"/><tag k="ofsety" v="-455"/><tag k="ofsetx" v="-74"/><tag k="numvhf" v="80"/><tag k="maxlen" v="44"/><tag k="WEBSIT" v="http://www.portlandmarina.co.uk"/><tag k="TELNUM" v="08454302012"/><tag k="SRVLST" v="28;122;127;125;130;49;47;29;126"/><tag k="CITYNM" v="Portland"/><tag k="CATSMC" v="1"/>
            
            
            
            
            
            
            
            
            
            
        
            
            
            
            
            
        
            
            
            
            
        
            
            
            
            
        
            
            
            
            
        
            
            
            
            
        </node>
</modify><modify><node lat="6513282" lon="-269008" timestamp="2012-05-13T16:15:15Z" username="cdog"><tag k="OBJCOD" v="WRECKS"/><tag k="VALSOU" v="11.30"/><tag k="OBJNAM" v="Bombardon unit"/><tag k="INFORM" v=" "/><tag k="DUNITS" v="1"/>
            
            
            
            
            
        </node>
</modify><create><node lat="6513295" lon="-273037" timestamp="2012-03-15T01:31:39Z" username="pve"><tag k="OBJCOD" v="BOYLAT"/><tag k="COLOUR" v="4"/><tag k="BOYSHP" v="2"/>
            
            
            
            <slave>
                <tag k="OBJCOD" v="FOGSIG"/>
            </slave>
            <slave>
                <tag k="OBJCOD" v="LIGHTS"/>
                <tag k="COLOUR" v="4"/>
            </slave>
        </node>
</create><create><node lat="6513303" lon="-273041" timestamp="2014-08-12T22:21:27Z" username="cdog"><tag k="OBJCOD" v="gennav"/><tag k="OBJNAM" v=" "/><tag k="INFORM" v="Fuel,Petrol and Diesel"/>
            
            
            
        </node>
</create><create><node lat="6513317" lon="-273077" timestamp="2014-07-16T13:37:40Z" username="NUK"><tag k="OBJCOD" v="gennav"/><tag k="OBJNAM" v="Blackwater pump out station"/><tag k="INFORM" v="Telephone: 08454 302012&#10;VHF: 80"/>
            
            
            
        </node>
</create><create><node lat="6513764" lon="-260503" timestamp="2012-03-17T15:26:43Z" username="mjos50"><tag k="OBJCOD" v="DISMAR"/><tag k="OBJNAM" v="East course"/>
            
            
        </node>
</create><modify><node lat="6514297" lon="-272798" timestamp="2012-05-21T18:05:08Z" username="cdog"><tag k="OBJCOD" v="WRECKS"/><tag k="VALSOU" v="7"/><tag k="OBJNAM" v="Sea Vixen"/><tag k="INFORM" v="fusilage of air plane. good novice dive. Watch out for sailors and&#10;windsurfers."/><tag k="DUNITS" v="1"/>
            
            
            
            
            
        </node>
</modify><create><node lat="6514997" lon="-269039" timestamp="2014-08-16T17:08:06Z" username="trinitystar"><tag k="OBJCOD" v="gennav"/><tag k="OBJNAM" v="Encuri"/><tag k="INFORM" v="Steamship 3000 tons sank 1900"/>
            
            
            
        </node>
</create><create><node lat="6515001" lon="-261611" timestamp="2011-07-03T18:02:10Z" username="unknown"><tag k="OBJCOD" v="LIGHTS"/><tag k="COLOUR" v="6"/><tag k="OBJNAM" v="Pilar"/><tag k="INFORM" v="Fl(5)y.20s (apr-oct)"/>
            
            
            
            
        </node>
</create><create><node lat="6515124" lon="-259732" timestamp="2012-03-17T15:24:36Z" username="mjos50"><tag k="OBJCOD" v="hotspt"/><tag k="catspt" v="1"/><tag k="OBJNAM" v="East"/><tag k="DUNITS" v="1"/>
            
            
            
            
        </node>
</create><create><node lat="6515216" lon="-268561" timestamp="2015-06-18T07:23:33Z" username="Mattedwards7"><tag k="OBJCOD" v="hotspt"/><tag k="catspt" v="1"/><tag k="OBJNAM" v="No 3"/><tag k="DUNITS" v="1"/></node>
</create><create><node lat="6515381" lon="-258993" timestamp="2012-03-17T15:22:33Z" username="mjos50"><tag k="OBJCOD" v="gennav"/><tag k="OBJNAM" v="East"/>
            
            
        </node>
</create><create><node lat="6515497" lon="-268853" timestamp="2015-07-23T00:00:00Z" username="ADAC"><tag k="OBJCOD" v="SMACRA"/><tag k="OBJNAM" v="Portland Marina"/><tag k="ofsety" v="10"/><tag k="ofsetx" v="10"/><tag k="CATSMC" v="1"/><tag k="WEBSIT" v="http://www.marinafuehrer.adac.de/haefen/portland-marina/"/></node>
</create><create><node lat="6515559" lon="-269349" timestamp="2014-08-16T17:01:11Z" username="trinitystar"><tag k="OBJCOD" v="gennav"/><tag k="OBJNAM" v="Countess of Erne"/><tag k="INFORM" v="Paddle steamer 900 tons sunk 1936"/>
            
            
            
        </node>
</create><modify><node lat="6515652" lon="-269525" timestamp="2014-08-12T22:34:13Z" username="cdog"><tag k="OBJCOD" v="WRECKS"/><tag k="VALSOU" v="11.80"/><tag k="OBJNAM" v="Countess of Erne"/><tag k="INFORM" v="Silty wreck thats sheltered from easterly winds.&#10;Deck 6-9m seabed 15m. don't drift of the site as you could end up in the east entrance. Usually bouyed."/><tag k="DUNITS" v="1"/>
            
            
            
        
            
            
            
            
            
        
            
            
            
            
            
        
            
            
            
            
            
        </node>
</modify><create><node lat="6516298" lon="-256888" timestamp="2014-07-28T22:39:01Z" username="Simon_1965"><tag k="OBJCOD" v="gennav"/><tag k="OBJNAM" v=""/><tag k="INFORM" v=" "/>
            
            
        
            
            
            
        </node>
</create><create><node lat="6516349" lon="-273758" timestamp="2011-06-02T16:40:17Z" username="Hawkeye"><tag k="OBJCOD" v="psgiio"/><tag k="catser" v="131"/><tag k="strnam" v="11 Custom House Quay"/><tag k="citynm" v="Weymouth"/><tag k="OBJNAM" v="Private mooring RDYC"/><tag k="INFORM" v="Private moorings not available for use by the public."/>
            
            
            
            
            
            
        </node>
</create><delete><node lat="6516460" lon="-263461" timestamp="2013-09-08T06:34:27Z" username="lassebert"><tag k="OBJCOD" v="BOYSPP"/>
            
        </node>
</delete><create><node lat="6516517" lon="-256935" timestamp="2013-06-04T12:56:28Z" username="alextbsac0456"><tag k="OBJCOD" v="WRECKS"/><tag k="OBJNAM" v="British Inventor"/><tag k="INFORM" v="2 HW Devonport +2&#10;&#10;50&#xB0;35.520'N 02&#xB0;18.480'W&#10;&#10;GB cargo, 7.1Kt, 129m, fuel &amp; diesel oil"/><tag k="DUNITS" v="1"/><tag k="CATWRK" v="1"/>
            
            
            
            
        
            
            
            
        </node>
</create><modify><node lat="6516973" lon="-260692" timestamp="2013-04-04T13:48:09Z" username="markfishing5465"><tag k="OBJCOD" v="WRECKS"/><tag k="OBJNAM" v="Landing Craft"/><tag k="INFORM" v="Sitting upright"/><tag k="DUNITS" v="1"/>
            
            
            
            
        </node>
</modify><create><node lat="6517011" lon="-267149" timestamp="2015-05-19T21:44:43Z" username="gsodriscoll"><tag k="OBJCOD" v="gennav"/><tag k="OBJNAM" v="Speed limit"/><tag k="INFORM" v="12 kt limit for all vessels over 10m"/></node>
</create><create><node lat="6517187" lon="-272799" timestamp="2011-07-17T18:37:14Z" username="trav"><tag k="OBJCOD" v="BCNLAT"/><tag k="OBJNAM" v="Race mark 4"/><tag k="INFORM" v="CCSC race mark red pillar buoy"/><tag k="COLOUR" v="3"/><tag k="BCNSHP" v="5"/>
            
            
            
            
            
        </node>
</create><create><node lat="6517335" lon="-268688" timestamp="2014-06-10T20:07:56Z" username="neil283"><tag k="OBJCOD" v="gennav"/><tag k="OBJNAM" v="Golf 3"/><tag k="INFORM" v=" "/>
            
            
            
        </node>
</create><create><node lat="6517555" lon="-273073" timestamp="2012-09-02T18:56:34Z" username="trav"><tag k="OBJCOD" v="MORFAC"/><tag k="OBJNAM" v="Home"/>
            
            
        </node>
</create><create><node lat="6518868" lon="-272774" timestamp="2014-02-03T09:54:01Z" username="frankcea"><tag k="OBJCOD" v="gennav"/><tag k="OBJNAM" v="SCTC Weymouth"/><tag k="INFORM" v="Sea Cadet Training Centre Weymouth"/>
            
            
            
        
            
        </node>
</create><create><node lat="6519031" lon="-273039" timestamp="2014-01-09T14:46:07Z" username="johnmat"><tag k="OBJCOD" v="gennav"/><tag k="OBJNAM" v="The Cove"/><tag k="INFORM" v="visitors berths under 10m&#10;&#10;&#10;visitors berths under 10m"/>
            
            
            
        </node>
</create><delete><node lat="6519101" lon="-273300" timestamp="2011-07-05T19:30:51Z" username="Cor"><tag k="OBJCOD" v="psgiio"/><tag k="catser" v="25"/>
            
            
        </node>
</delete><create><node lat="6519103" lon="-273290" timestamp="2011-07-05T19:30:51Z" username="Cor"><tag k="OBJCOD" v="psgiio"/><tag k="catser" v="25"/><tag k="zipcde" v="DT4 8TJ"/><tag k="telnum" v="+44 13 05 77 77 71"/><tag k="strnam" v="24 Trinity Road"/><tag k="stanam" v="England"/><tag k="county" v="South West"/><tag k="citynm" v="Weymouth"/><tag k="brands" v="Chub, Hardy, Greys"/><tag k="OBJNAM" v="Weymouth Angling Centre"/><tag k="NATION" v="GB"/>
            
            
            
            
            
            
            
            
            
            
            
        </node>
</create><create><node lat="6519157" lon="-273719" timestamp="2011-07-05T15:54:06Z" username="Cor"><tag k="OBJCOD" v="PYLONS"/>
            
        </node>
</create><create><node lat="6519157" lon="-273708" timestamp="2011-07-05T15:53:55Z" username="Cor"><tag k="OBJCOD" v="PYLONS"/>
            
        </node>
</create><create><node lat="6519161" lon="-273342" timestamp="2011-06-01T08:23:41Z" username="Hawkeye"><tag k="OBJCOD" v="BCNSPP"/><tag k="OBJNAM" v="Tide gauge"/><tag k="INFORM" v="Tide gauge indicating  clearance at centre of bridge."/><tag k="COLOUR" v="2"/><tag k="BCNSHP" v="5"/>
            
            
            
            
            
        </node>
</create><create><node lat="6519165" lon="-273361" timestamp="2011-07-05T16:06:45Z" username="Cor"><tag k="OBJCOD" v="LIGHTS"/><tag k="COLOUR" v="12"/><tag k="OBJNAM" v="Sign.Traffic"/>
            
            
            
        </node>
</create><create><node lat="6519165" lon="-273342" timestamp="2011-07-05T15:50:22Z" username="Cor"><tag k="OBJCOD" v="LIGHTS"/><tag k="COLOUR" v="12"/><tag k="OBJNAM" v="Sign.Traffic"/>
            
            
            
        </node>
</create><create><node lat="6519171" lon="-273721" timestamp="2011-07-05T15:54:17Z" username="Cor"><tag k="OBJCOD" v="PYLONS"/>
            
        </node>
</create><create><node lat="6519176" lon="-273759" timestamp="2011-07-05T15:53:46Z" username="Cor"><tag k="OBJCOD" v="MORFAC"/>
            
        </node>
</create><create><node lat="6519177" lon="-272890" timestamp="2013-06-07T15:26:01Z" username="phodger"><tag k="OBJCOD" v="psgiio"/><tag k="catser" v="21"/><tag k="catsub" v="4"/><tag k="OBJNAM" v="Weymouth Fuel Pontoon"/>
            
            
            
            
        </node>
</create><create><node lat="6519193" lon="-273771" timestamp="2011-07-06T09:08:00Z" username="Cor"><tag k="OBJCOD" v="MORFAC"/>
            
        </node>
</create><create><node lat="6519196" lon="-273339" timestamp="2011-07-05T15:49:54Z" username="Cor"><tag k="OBJCOD" v="LIGHTS"/><tag k="COLOUR" v="12"/><tag k="OBJNAM" v="Sign.Traffic"/>
            
            
            
        </node>
</create><create><node lat="6519200" lon="-273358" timestamp="2011-07-05T15:50:41Z" username="Cor"><tag k="OBJCOD" v="LIGHTS"/><tag k="COLOUR" v="12"/><tag k="OBJNAM" v="Sign.Traffic"/>
            
            
            
        </node>
</create><create><node lat="6519221" lon="-272780" timestamp="2012-08-22T12:27:42Z" username="neil283"><tag k="OBJCOD" v="gennav"/><tag k="OBJNAM" v="Weymouth Lifeboat Station"/>
            
            
        </node>
</create><create><node lat="6519225" lon="-273457" timestamp="2011-07-05T15:51:00Z" username="Cor"><tag k="OBJCOD" v="psgiio"/><tag k="catser" v="135"/>
            
            
        </node>
</create><create><node lat="6519239" lon="-272960" timestamp="2013-04-16T11:45:26Z" username="ianonchwan"><tag k="OBJCOD" v="CGUSTA"/><tag k="OBJNAM" v="HRMR Weymouth"/><tag k="INFORM" v="+44 1305 838423"/>
            
            
        
            
            
            
        </node>
</create><create><node lat="6519243" lon="-273492" timestamp="2011-07-05T16:06:11Z" username="Cor"><tag k="OBJCOD" v="OFSPLF"/>
            
        </node>
</create><modify><node lat="6519245" lon="-270629" timestamp="2014-08-12T22:05:28Z" username="cdog"><tag k="OBJCOD" v="WRECKS"/><tag k="VALSOU" v="9.10"/><tag k="OBJNAM" v="Hartlepool"/><tag k="INFORM" v="SS Brit.  426ft NE/SW"/><tag k="DUNITS" v="1"/>
            
            
            
            
        
            
            
            
            
        
            
            
            
            
            
        
            
            
            
            
            
        </node>
</modify><create><node lat="6519262" lon="-272860" timestamp="2013-06-07T15:32:46Z" username="phodger"><tag k="OBJCOD" v="SMACRA"/><tag k="trnbth" v="Yes"/><tag k="ofsety" v="0"/><tag k="ofsetx" v="0"/><tag k="numvhf" v="12"/><tag k="TELNUM" v="01305 838423"/><tag k="OBJNAM" v="Custom House Quay"/><tag k="CATSMC" v="1"/>
            
            
            
            
            
            
            
            
        </node>
</create><create><node lat="6519310" lon="-272668" timestamp="2015-02-14T18:19:50Z" username="bobbz"><tag k="OBJCOD" v="gennav"/><tag k="OBJNAM" v="Bobbs"/><tag k="INFORM" v="Rowing ferry , power vessels to give way."/></node>
</create><create><node lat="6519389" lon="-272563" timestamp="2014-07-16T13:52:25Z" username="NUK"><tag k="OBJCOD" v="gennav"/><tag k="OBJNAM" v="Blackwater pump out station"/><tag k="INFORM" v="Telephone: 01305 838423&#10;VHF: 12"/>
            
            
            
        </node>
</create><create><node lat="6519431" lon="-271857" timestamp="2015-06-02T15:42:30Z" username="saildorset"><tag k="OBJCOD" v="gennav"/><tag k="OBJNAM" v="Dangerous reef (THE MIXENS)"/><tag k="INFORM" v=" "/></node>
</create><create><node lat="6519432" lon="-271796" timestamp="2015-06-02T15:57:12Z" username="saildorset"><tag k="OBJCOD" v="gennav"/><tag k="OBJNAM" v="The Mixens"/><tag k="INFORM" v="Dangerous Reef"/></node>
</create><create><node lat="6519493" lon="-273688" timestamp="2012-05-21T17:51:43Z" username="cdog"><tag k="OBJCOD" v="ACHBRT"/><tag k="OBJNAM" v=" "/><tag k="INFORM" v=" "/>
            
            
            
        
            
            
            
        </node>
</create><create><node lat="6519572" lon="-273555" timestamp="2011-07-05T19:27:15Z" username="Cor"><tag k="OBJCOD" v="SLCONS"/><tag k="CATSLC" v="12"/>
            
            
        </node>
</create><create><node lat="6519607" lon="-259200" timestamp="2012-03-17T15:11:21Z" average_rating="0" rating_count="0" reviews_count="0" username="mjos50"><tag k="OBJCOD" v="gennav"/><tag k="OBJNAM" v="East course"/><tag k="INFORM" v="Centre Eastern race course"/>
            
            
            
        
            
            
        </node>
</create><create><node lat="6519677" lon="-271819" timestamp="2015-07-23T00:00:00Z" username="ADAC"><tag k="OBJCOD" v="SMACRA"/><tag k="OBJNAM" v="Weymouth Marina"/><tag k="ofsety" v="10"/><tag k="ofsetx" v="10"/><tag k="CATSMC" v="1"/><tag k="WEBSIT" v="http://www.marinafuehrer.adac.de/haefen/weymouth-marina/"/></node>
</create><create><node lat="6519698" lon="-271905" timestamp="2015-07-23T00:00:00Z" username="ADAC"><tag k="OBJCOD" v="SMACRA"/><tag k="OBJNAM" v="Weymouth Harbour"/><tag k="ofsety" v="10"/><tag k="ofsetx" v="10"/><tag k="CATSMC" v="1"/><tag k="WEBSIT" v="http://www.marinafuehrer.adac.de/haefen/weymouth-harbour/"/></node>
</create><create><node lat="6519774" lon="-273615" timestamp="2015-06-07T15:42:25Z" username="sheepboyharvey" average_rating="4.0" rating_count="1" reviews_count="1"><tag k="OBJCOD" v="SMACRA"/><tag k="trnbth" v="Yes"/><tag k="ofsety" v="0"/><tag k="ofsetx" v="0"/><tag k="numvhf" v="80"/><tag k="maxlen" v=" "/><tag k="dckdph" v=" "/><tag k="ZIPCDE" v=" "/><tag k="WEBSIT" v="http://www.deanreddyhoff.co.uk/weymouth-marina"/><tag k="TELNUM" v="01305 767576"/><tag k="STRNAM" v=" "/><tag k="SRVLST" v="29;28"/><tag k="OBJNAM" v="Weymouth Marina"/><tag k="INFORM" v=" "/><tag k="CITYNM" v=" "/><tag k="CATSMC" v="1"/></node>
</create><create><node lat="6519800" lon="-273703" timestamp="2011-07-06T19:15:31Z" username="Cor"><tag k="OBJCOD" v="UWTROC"/><tag k="WATLEV" v="4"/><tag k="DUNITS" v="1"/>
            
            
            
        </node>
</create><create><node lat="6519800" lon="-273703" timestamp="2011-07-06T19:15:31Z" username="Cor"><tag k="OBJCOD" v="UWTROC"/><tag k="WATLEV" v="4"/><tag k="DUNITS" v="1"/>
            
            
            
        </node>
</create><create><node lat="6519828" lon="-273702" timestamp="2011-07-06T13:30:13Z" username="Cor"><tag k="OBJCOD" v="UWTROC"/><tag k="WATLEV" v="4"/><tag k="DUNITS" v="1"/>
            
            
            
        </node>
</create><create><node lat="6519846" lon="-273502" timestamp="2011-07-05T19:29:45Z" username="Cor"><tag k="OBJCOD" v="OBSTRN"/><tag k="VALSOU" v="0.1"/><tag k="DUNITS" v="1"/>
            
            
            
        </node>
</create><create><node lat="6519857" lon="-273683" timestamp="2011-07-05T20:01:39Z" username="Cor"><tag k="OBJCOD" v="UWTROC"/><tag k="WATLEV" v="4"/><tag k="DUNITS" v="1"/>
            
            
            
        </node>
</create><create><node lat="6519906" lon="-273674" timestamp="2011-07-05T20:00:36Z" username="Cor"><tag k="OBJCOD" v="UWTROC"/><tag k="WATLEV" v="4"/><tag k="DUNITS" v="1"/>
            
            
            
        </node>
</create><create><node lat="6519972" lon="-273398" timestamp="2011-07-05T20:03:30Z" username="Cor"><tag k="OBJCOD" v="psgiio"/><tag k="catser" v="20"/><tag k="OBJNAM" v="Wikeson"/>
            
            
            
        </node>
</create><create><node lat="6519985" lon="-273298" timestamp="2011-07-05T20:04:34Z" username="Cor"><tag k="OBJCOD" v="psgiio"/><tag k="catser" v="23"/><tag k="OBJNAM" v="Finns"/>
            
            
            
        </node>
</create><create><node lat="6519992" lon="-273107" timestamp="2011-07-05T20:06:11Z" username="Cor"><tag k="OBJCOD" v="psgiio"/><tag k="catser" v="123"/>
            
            
        </node>
</create><create><node lat="6519998" lon="-273581" timestamp="2011-07-05T20:01:06Z" username="Cor"><tag k="OBJCOD" v="DAMCON"/>
            
        </node>
</create><create><node lat="6520043" lon="-273627" timestamp="2011-07-05T16:05:31Z" username="Cor"><tag k="OBJCOD" v="PYLONS"/>
            
        </node>
</create><create><node lat="6520053" lon="-273595" timestamp="2011-07-05T16:05:50Z" username="Cor"><tag k="OBJCOD" v="PYLONS"/>
            
        </node>
</create><create><node lat="6520058" lon="-273569" timestamp="2011-07-05T16:05:43Z" username="Cor"><tag k="OBJCOD" v="PYLONS"/>
            
        </node>
</create><create><node lat="6520123" lon="-273108" timestamp="2011-07-05T20:07:38Z" username="Cor"><tag k="OBJCOD" v="psgiio"/><tag k="catser" v="24"/><tag k="OBJNAM" v="The Beach cafe"/>
            
            
            
        </node>
</create><create><node lat="6520539" lon="-273042" timestamp="2013-02-27T20:32:11Z" username="gia"><tag k="OBJCOD" v="psgiio"/><tag k="catser" v="23"/><tag k="OBJNAM" v="Enzo"/><tag k="INFORM" v=" "/>
            
            
            
            
        </node>
</create><create><node lat="6520604" lon="-267192" timestamp="2011-10-30T12:48:11Z" username="unknown"><tag k="OBJCOD" v="BOYSPP"/><tag k="OBJNAM" v="G"/><tag k="COLOUR" v="6"/><tag k="BOYSHP" v="5"/>
            
            
            
            
        
            
        </node>
</create><create><node lat="6520730" lon="-263529" timestamp="2011-01-16T16:03:11Z"><tag k="OBJCOD" v="ACHBRT"/>
            
        </node>
</create><create><node lat="6520741" lon="-261334" timestamp="2014-08-22T22:24:25Z" username="unknown"><tag k="OBJCOD" v="WRECKS"/><tag k="VALSOU" v="17"/><tag k="OBJNAM" v="Fabrica"/><tag k="INFORM" v="17m to wheelhouse&#10;wreck to reef project"/><tag k="DUNITS" v="1"/><tag k="CATWRK" v="1"/>
            
            
            
            
            
            
        </node>
</create><create><node lat="6521269" lon="-266850" timestamp="2014-07-11T02:47:10Z" username="stubey"><tag k="OBJCOD" v="BOYSPP"/><tag k="COLOUR" v="6"/><tag k="BOYSHP" v="5"/>
            
            
            
        </node>
</create><create><node lat="6521269" lon="-262919" timestamp="2011-09-25T09:47:01Z" username="trav"><tag k="OBJCOD" v="BOYSPP"/><tag k="OBJNAM" v="Race"/><tag k="COLOUR" v="6"/><tag k="BOYSHP" v="5"/>
            
            
            
            
        </node>
</create><modify><node lat="6521911" lon="-268698" timestamp="2014-08-14T00:41:29Z" username="kpnuts"><tag k="OBJCOD" v="BOYSPP"/>
            
        </node>
</modify></bound>