<?xml version="1.0" encoding="UTF-8"?><bound box="6444243,-430510,6463757,-410941"><modify><node lat="6445027" lon="-415716" timestamp="2014-07-13T10:13:32Z" username="Matthew F"><tag k="OBJCOD" v="WRECKS"/>
            
        </node>
</modify><create><node lat="6446593" lon="-412211" timestamp="2015-07-26T12:57:51Z" username="jamie3"><tag k="OBJCOD" v="hotspt"/><tag k="catspt" v="1"/><tag k="VALSOU" v=" "/><tag k="OBJNAM" v="baychattan"/><tag k="INFORM" v="wreck"/><tag k="DUNITS" v="1"/></node>
</create><modify><node lat="6446922" lon="-426345" timestamp="2013-12-01T08:55:42Z" username="richkni"><tag k="OBJCOD" v="WRECKS"/><tag k="OBJNAM" v="Ambassador"/><tag k="INFORM" v=" "/><tag k="DUNITS" v="1"/>
            
            
            
            
        </node>
</modify><create><node lat="6447555" lon="-426147" timestamp="2012-06-25T19:57:11Z" username="alextbsac0456"><tag k="OBJCOD" v="WRECKS"/><tag k="OBJNAM" v="Skaala"/><tag k="DUNITS" v="1"/><tag k="CATWRK" v="1"/>
            
            
            
            
        </node>
</create><create><node lat="6449637" lon="-420284" timestamp="2013-06-04T13:33:52Z" username="alextbsac0456"><tag k="OBJCOD" v="WRECKS"/><tag k="OBJNAM" v="Soudan"/><tag k="INFORM" v="13-18m&#10;&#10;HW &amp; LW&#10;&#10;50°12.480'N 03°46.520'W&#10;&#10;French steamer, 844T, sank 1887, popular dive, peanuts hides oil"/><tag k="DUNITS" v="1"/><tag k="CATWRK" v="1"/>
            
            
            
            
            
        </node>
</create><modify><node lat="6449661" lon="-420512" timestamp="2013-07-11T19:45:59Z" username="colinsherriff"><tag k="OBJCOD" v="SOUNDG"/>
            
        </node>
</modify><create><node lat="6450340" lon="-420010" timestamp="2014-04-20T12:20:41Z" username="ccarr"><tag k="OBJCOD" v="OBSTRN"/><tag k="VALSOU" v=" "/><tag k="OBJNAM" v=" "/><tag k="INFORM" v=" "/><tag k="DUNITS" v="3"/>
            
            
            
            
            
        </node>
</create><create><node lat="6450417" lon="-428374" timestamp="2013-06-04T13:11:06Z" username="alextbsac0456"><tag k="OBJCOD" v="WRECKS"/><tag k="OBJNAM" v="The Maine"/><tag k="INFORM" v="22-37m&#10;&#10;Local HW +2 &amp; LW +2:30&#10;&#10;50°12.750'N 03°50.880'W&#10;&#10;GB cargo, 113m, 1905-1917, upright, cross-tidechalk goatskins"/><tag k="DUNITS" v="1"/><tag k="CATWRK" v="1"/>
            
            
            
            
            
        </node>
</create><create><node lat="6450618" lon="-428671" timestamp="2012-06-25T20:48:54Z" username="alextbsac0456"><tag k="OBJCOD" v="WRECKS"/><tag k="VALSOU" v="20"/><tag k="OBJNAM" v="The Maine"/><tag k="INFORM" v="http://www.totnes-bsac.co.uk/wrecks.html&#10;. The wreck lies at 50.12.750 - 03.50.960 at a depth of around 35m, upright on an even keel and about 15m above the sea bed. The Maine is a big boat - just under 400 ft long with a beam of 46 ft."/><tag k="DUNITS" v="1"/><tag k="CATWRK" v="1"/>
            
            
            
            
            
            
        </node>
</create><modify><node lat="6450664" lon="-417974" timestamp="2013-04-22T11:43:31Z" username="fishydaveduke"><tag k="OBJCOD" v="BOYSPP"/>
            
        </node>
</modify><modify><node lat="6450694" lon="-421247" timestamp="2013-04-11T16:01:51Z" username="Ice Dancer"><tag k="OBJCOD" v="BOYLAT"/>
            
        </node>
</modify><create><node lat="6450723" lon="-421332" timestamp="2013-05-03T08:38:13Z" username="blackwellj"><tag k="OBJCOD" v="WRECKS"/><tag k="OBJNAM" v="Herzogin"/><tag k="INFORM" v="Today, the Herzogin is a nice wreck dive at 50:12:49; 03:47:01. She is well broken up and it is virtually impossible to picture the original graceful ship from the tangle of plates and tubes that the diver encounters. Part of the problem is the depth. It is difficult to reach 10m on this shallow site and so she is well broken by the south easterly gales that hurl into the bay. Another problem is the sand which liberally covers much of the wreck. However, enough of the ship remains to make this dive quite special."/><tag k="DUNITS" v="1"/><tag k="CATWRK" v="1"/>
            
            
            
            
            
        </node>
</create><modify><node lat="6451160" lon="-419347" timestamp="2013-04-22T11:43:55Z" username="fishydaveduke"><tag k="OBJCOD" v="SOUNDG"/>
            
        </node>
</modify><modify><node lat="6451562" lon="-420373" timestamp="2015-01-02T17:58:46Z" username="haonavy"><tag k="OBJCOD" v="BOYSPP"/><tag k="OBJNAM" v="Bar Mark"/><tag k="INFORM" v="Fixed pole, cover at high water."/>
            
            
            
        </node>
</modify><create><node lat="6451564" lon="-420606" timestamp="2015-01-02T18:02:47Z" username="haonavy"><tag k="OBJCOD" v="WATTUR"/><tag k="INFORM" v="Significant breaking on the bar in S winds or swells. Keep well W of leading line and enter close to HW to clear if deep draught. If seas over 3m, do not attempt unless at HW."/>
            
            
        </node>
</create><modify><node lat="6452499" lon="-420637" timestamp="2010-11-23T17:40:49Z"><tag k="OBJCOD" v="BOYLAT"/>
            
        </node>
</modify><create><node lat="6452571" lon="-420742" timestamp="2011-01-24T21:34:17Z"><tag k="OBJCOD" v="BOYLAT"/><tag k="OBJNAM" v="Red FL Q R"/><tag k="COLOUR" v="3"/><tag k="BOYSHP" v="1"/>
            
            
            
            
            <slave>
                <tag k="OBJCOD" v="LIGHTS"/>
                <tag k="COLOUR" v="3"/>
            </slave>
        </node>
</create><modify><node lat="6452849" lon="-420578" timestamp="2015-01-11T22:05:39Z" username="JamesM"><tag k="OBJCOD" v="SMACRA"/><tag k="trnbth" v="Yes"/><tag k="ofsety" v="0"/><tag k="ofsetx" v="0"/><tag k="numvhf" v="salcombe harbour ch14 - harbour taxi ch12"/><tag k="maxlen" v=" "/><tag k="dckdph" v=" "/><tag k="ZIPCDE" v=" "/><tag k="WEBSIT" v=" "/><tag k="TELNUM" v="+44 1548 84 28 72 / +44 84 25 93"/><tag k="STRNAM" v=" "/><tag k="SRVLST" v="168;36;74;167;28;122;125;130;49;47;29"/><tag k="OBJNAM" v="Salcombe"/><tag k="INFORM" v=" "/><tag k="CITYNM" v=" "/><tag k="CATSMC" v="1"/>
            
            
            
            
            
            
            
        
            
            
            
            
            
            
            
            
            
            
            
            
            
            
            
            
        </node>
</modify><modify><node lat="6452897" lon="-420258" timestamp="2011-06-06T08:33:23Z" username="tank"><tag k="OBJCOD" v="BCNSPP"/><tag k="OBJNAM" v="Blackstone rock"/><tag k="INFORM" v="Now unlit"/>
            
            
            
        
            
            <slave>
                <tag k="OBJCOD" v="LIGHTS" s=" "/>
                <tag k="COLOUR" v="12"/>
            </slave>
        </node>
</modify><modify><node lat="6453011" lon="-420565" timestamp="2011-06-06T10:30:42Z" username="tank"><tag k="OBJCOD" v="BCNSPP"/><tag k="OBJNAM" v="Pound stone"/>
            
            
            <slave>
                <tag k="OBJCOD" v="LIGHTS"/>
                <tag k="COLOUR" v="12"/>
            </slave>
        </node>
</modify><create><node lat="6454462" lon="-419426" timestamp="2014-02-02T08:39:30Z" username="pokoesteve" average_rating="1.0" rating_count="1" reviews_count="1"><tag k="OBJCOD" v="SMACRA"/><tag k="trnbth" v=" "/><tag k="stanam" v="salcombedevon"/><tag k="ofsety" v="0"/><tag k="ofsetx" v="0"/><tag k="numvhf" v=" "/><tag k="maxlen" v=" "/><tag k="dckdph" v=" "/><tag k="ZIPCDE" v="TQ885QUKJ"/><tag k="WEBSIT" v=" "/><tag k="TELNUM" v="+44 1548843791"/><tag k="STRNAM" v="salcombe yatch club"/><tag k="SRVLST" v="168;36;167;174"/><tag k="OBJNAM" v="Salcombe Yc"/><tag k="INFORM" v=" "/><tag k="CITYNM" v="cliffrd"/><tag k="CATSMC" v="1"/>
            
            
            
            
            
            
            
            
            
            
            
        
            
            
            
            
            
            
            
            
            
            
            
        
            
            
            
            
            
            
            
            
            
            
            
        </node>
</create><modify><node lat="6454744" lon="-419208" timestamp="2011-06-06T10:36:10Z" username="tank"><tag k="OBJCOD" v="SOUNDG"/><tag k="VALSOU" v="2"/><tag k="DUNITS" v="1"/>
            
            
            
        </node>
</modify><create><node lat="6454783" lon="-418535" timestamp="2014-07-26T19:41:43Z" username="johnhembrough"><tag k="OBJCOD" v="psgiio"/><tag k="catser" v="21"/><tag k="telnum" v="01548 843838"/><tag k="numvhf" v="Ch10"/><tag k="catsub" v="4"/><tag k="OBJNAM" v="Fuel barge"/><tag k="INFORM" v="Open 8:30 to 17:30.  If nobody onboard, ring for service"/>
            
            
            
            
            
        
            
            
            
        
            
            
            
            
        
            
            
        
            
            
        
            
            
        </node>
</create><create><node lat="6454801" lon="-419253" timestamp="2014-07-16T13:03:56Z" username="ehawkins"><tag k="OBJCOD" v="gennav"/><tag k="OBJNAM" v="Blackwater pump out station"/><tag k="INFORM" v="Telephone: 01548 843791&#10;VHF: 14"/>
            
            
            
        </node>
</create><create><node lat="6454853" lon="-419275" timestamp="2013-05-03T11:07:11Z" username="blackwellj"><tag k="OBJCOD" v="psgiio"/><tag k="catser" v="13"/><tag k="telnum" v="01548 843791"/><tag k="numvhf" v="12"/><tag k="OBJNAM" v="Salcombe Harbour water taxi"/><tag k="INFORM" v=" "/>
            
            
            
            
            
        
            
            
            
            
            
        </node>
</create><modify><node lat="6454942" lon="-419262" timestamp="2014-10-16T08:03:43Z" average_rating="0" rating_count="0" reviews_count="0" username="timheale55"><tag k="OBJCOD" v="SMACRA"/><tag k="ofsety" v="-67"/><tag k="ofsetx" v="-1108"/><tag k="CATSMC" v="1"/>
            
            
            
            
        </node>
</modify><create><node lat="6455021" lon="-419247" timestamp="2012-07-02T21:48:48Z" username="pokoesteve"><tag k="OBJCOD" v="gennav"/><tag k="OBJNAM" v="Salcombe lifeboat 1609"/><tag k="INFORM" v="Salcombe lifeboat 1609 Tamar class is at this position. Salcombes all weather (ALB) pontoon birth, but also has a deep water mooring. And a boat house with an Atlantic75"/>
            
            
            
        </node>
</create><create><node lat="6455169" lon="-419634" timestamp="2014-02-02T08:38:03Z" username="pokoesteve" average_rating="5.0" rating_count="1" reviews_count="1"><tag k="OBJCOD" v="psgiio"/><tag k="catser" v="3"/><tag k="zipcde" v=" "/><tag k="websit" v="http://Www.salcombeboatstore.co.uk"/><tag k="telnum" v="01548 843708"/><tag k="strnam" v="Island Street"/><tag k="citynm" v="Salcombe"/><tag k="OBJNAM" v="Salcombe Boat Store"/><tag k="INFORM" v="Oddly, it's the only decent chandlery in Salcombe"/>
            
            
            
            
            
            
            
            
        
            
            
            
        
            
            
            
        </node>
</create><create><node lat="6455173" lon="-419653" timestamp="2014-02-02T08:38:32Z" username="pokoesteve" average_rating="1.0" rating_count="1" reviews_count="1"><tag k="OBJCOD" v="psgiio"/><tag k="catser" v="3"/><tag k="zipcde" v="TQ8 8DP"/><tag k="websit" v="http://www.bluewatersalcombe.com"/><tag k="telnum" v="01548 843383"/><tag k="strnam" v="Island street"/><tag k="citynm" v="Salcombe"/><tag k="OBJNAM" v="Bluewater marine"/><tag k="INFORM" v="For all your chandlery and boating requirements. Moorings, launch/recovery, storage and engineering. Internet cafe and brokerage."/>
            
            
            
            
            
            
            
            
            
        
            
            
        
            
            
        </node>
</create><create><node lat="6455251" lon="-419429" timestamp="2014-02-02T08:36:57Z" username="pokoesteve" average_rating="5.0" rating_count="1" reviews_count="1"><tag k="OBJCOD" v="psgiio"/><tag k="catser" v="125"/><tag k="zipcde" v="TQ8 8DP"/><tag k="websit" v=" "/><tag k="telnum" v="+44 1548 843321"/><tag k="strnam" v="Island Street"/><tag k="citynm" v="Salcombe"/><tag k="OBJNAM" v="A Jedynak Electrics"/><tag k="INFORM" v="Mobile: +44 7775626134&#10;Electrical and electronic repairs and installations"/>
            
            
            
            
            
            
            
            
        
            
            
            
        
            
            
            
        </node>
</create><create><node lat="6455529" lon="-419419" timestamp="2014-12-28T10:11:50Z" username="bremar"><tag k="OBJCOD" v="gennav"/><tag k="OBJNAM" v="Public slip"/><tag k="INFORM" v="Batson slip"/>
            
            
            
        
            
            
        
            
        </node>
</create><delete><node lat="6455686" lon="-429619" timestamp="2015-06-09T19:39:23Z" username="StarDog"><tag k="OBJCOD" v="psgiio"/><tag k="catser" v="23"/></node>
</delete><create><node lat="6455783" lon="-418503" timestamp="2013-06-07T15:45:02Z" username="phodger"><tag k="OBJCOD" v="SMACRA"/><tag k="trnbth" v="Yes"/><tag k="ofsety" v="0"/><tag k="ofsetx" v="0"/><tag k="numvhf" v="14"/><tag k="OBJNAM" v="The Bag visitors' pontoon"/><tag k="INFORM" v="Shore access via dinghy or Salcombe Harbour Taxi Ch 12"/><tag k="CATSMC" v="1"/>
            
            
            
            
            
            
            
            
        </node>
</create><modify><node lat="6455858" lon="-429774" timestamp="2014-07-29T11:34:21Z" average_rating="5.0" rating_count="1" reviews_count="1" username="unknown"><tag k="OBJCOD" v="SMACRA"/><tag k="trnbth" v=" "/><tag k="ofsety" v="181"/><tag k="ofsetx" v="272"/><tag k="numvhf" v=" "/><tag k="maxlen" v=" "/><tag k="dckdph" v=" "/><tag k="ZIPCDE" v=" "/><tag k="WEBSIT" v=" "/><tag k="TELNUM" v=" "/><tag k="STRNAM" v=" "/><tag k="SRVLST" v=""/><tag k="INFORM" v=" "/><tag k="CITYNM" v=" "/><tag k="CATSMC" v="1"/>
            
            
            
            
            
            
            
            
            
            
            
            
            
            
            
        
            
            
            
            
            
            
            
            
            
            
            
            
            
            
            
        </node>
</modify><create><node lat="6456250" lon="-418071" timestamp="2014-03-31T20:08:32Z" username="bambi"><tag k="OBJCOD" v="psgiio"/><tag k="catser" v="133"/><tag k="zipcde" v=" "/><tag k="websit" v="Icc salcombe ltd"/><tag k="telnum" v=" "/><tag k="strnam" v=" "/><tag k="citynm" v=" "/><tag k="OBJNAM" v="Icc - Egremont"/><tag k="INFORM" v="Can get showers - contact on VHF 37a"/>
            
            
            
            
        
            
            
            
            
            
            
            
            
            
        </node>
</create><create><node lat="6456608" lon="-414057" timestamp="2011-09-06T07:15:36Z" username="pokoesteve"><tag k="OBJCOD" v="gennav"/><tag k="OBJNAM" v="The millbrook inn"/><tag k="INFORM" v="A good local pub run, the &quot;mill brook inn&quot; at the top of south pool, don't cut corners, watch out for the drying out heights, they're above chart datum. Have some respect for other boat owners and tie off properly and leave deeper water for larger boats."/>
            
            
            
        
            
            
        
            
            
        
            
            
        </node>
</create><create><node lat="6456770" lon="-418678" timestamp="2012-07-15T18:07:45Z" username="hayes"><tag k="OBJCOD" v="WRECKS"/><tag k="WATLEV" v="3"/><tag k="VERDAT" v="10"/><tag k="CATWRK" v="5"/>
            
            
            
            
        </node>
</create><modify><node lat="6456781" lon="-418596" timestamp="2012-09-14T16:18:09Z" username="Mike1"><tag k="OBJCOD" v="WRECKS"/>
            
        </node>
</modify><modify><node lat="6463678" lon="-430165" timestamp="2015-08-11T22:17:46Z" username="Roderick007"><tag k="OBJCOD" v="SMACRA"/><tag k="ofsety" v="-452"/><tag k="ofsetx" v="226"/><tag k="CATSMC" v="1"/></node>
</modify></bound>