<?xml version="1.0" encoding="UTF-8"?><bound box="5878435,-313098,5897942,-293529"><modify><node lat="5882264" lon="-299591" timestamp="2014-09-28T21:00:30Z" username="Raggety"><tag k="OBJCOD" v="WRECKS"/><tag k="VALSOU" v="20"/><tag k="OBJNAM" v="Otto"/><tag k="INFORM" v="Caboteur"/><tag k="DUNITS" v="1"/>
            
            
            
            
            
        </node>
</modify><create><node lat="5882464" lon="-299453" timestamp="2014-09-28T20:57:57Z" username="Raggety"><tag k="OBJCOD" v="WRECKS"/><tag k="VALSOU" v="56"/><tag k="OBJNAM" v="Otto"/><tag k="INFORM" v="Caboteur"/><tag k="DUNITS" v="1"/><tag k="CATWRK" v="1"/>
            
            
            
            
            
            
        </node>
</create><modify><node lat="5885075" lon="-297253" timestamp="2012-12-09T09:39:53Z" username="Phiphi85"><tag k="OBJCOD" v="WRECKS"/><tag k="VALSOU" v="54"/><tag k="OBJNAM" v="U 976 ?"/><tag k="INFORM" v=" "/><tag k="DUNITS" v="1"/>
            
            
            
            
            
        </node>
</modify><create><node lat="5885259" lon="-297088" timestamp="2014-09-23T22:48:03Z" username="Raggety"><tag k="OBJCOD" v="WRECKS"/><tag k="VALSOU" v="54"/><tag k="OBJNAM" v="U-976"/><tag k="INFORM" v="U-boat type VII C de 67 m de long, coul&#xE9; en mars 1944 par ties de Mosquito.&#10;Entre Yeu etc Noirmoutier."/><tag k="DUNITS" v="1"/><tag k="CATWRK" v="1"/>
            
            
            
            
            
            
        
            
            
            
            
            
        </node>
</create><create><node lat="5885292" lon="-297087" timestamp="2015-06-24T10:35:44Z" username="tinmarus85"><tag k="OBJCOD" v="WRECKS"/><tag k="VALSOU" v=" "/><tag k="OBJNAM" v="u-976"/><tag k="INFORM" v=" "/><tag k="DUNITS" v="1"/><tag k="CATWRK" v="1"/></node>
</create><create><node lat="5888504" lon="-306578" timestamp="2014-09-28T20:37:44Z" username="Raggety"><tag k="OBJCOD" v="WRECKS"/><tag k="VALSOU" v="55"/><tag k="OBJNAM" v="M-486"/><tag k="INFORM" v="Dragueur de mine de type 1940 de 62 m, coulé le 6 août 1944."/><tag k="DUNITS" v="1"/><tag k="CATWRK" v="1"/>
            
            
            
            
            
            
        </node>
</create><create><node lat="5889329" lon="-297258" timestamp="2014-09-28T20:54:24Z" username="Raggety"><tag k="OBJCOD" v="WRECKS"/><tag k="VALSOU" v="56"/><tag k="OBJNAM" v="Hoherweg"/><tag k="INFORM" v="Câblier baliser réquisitionné par la marine allemande."/><tag k="DUNITS" v="1"/><tag k="CATWRK" v="1"/>
            
            
            
            
            
            
        </node>
</create><create><node lat="5896272" lon="-305993" timestamp="2015-05-18T06:01:58Z" username="renato4954"><tag k="OBJCOD" v="WRECKS"/><tag k="OBJNAM" v="V414"/><tag k="DUNITS" v="1"/><tag k="CATWRK" v="1"/></node>
</create></bound>