<?xml version="1.0" encoding="UTF-8"?><bound box="4416248,-410941,4435733,-391372"><delete><node lat="4428169" lon="-400704" timestamp="2011-09-14T13:22:00Z" username="unknown"><tag k="OBJCOD" v="gennav"/><tag k="OBJNAM" v="Pesquero"/><tag k="INFORM" v="Puerto Pesquero"/>
            
            
            
        </node>
</delete><create><node lat="4428219" lon="-401236" timestamp="2011-09-07T07:20:16Z" username="unknown"><tag k="OBJCOD" v="gennav"/><tag k="OBJNAM" v="Oficina"/>
            
            
        </node>
</create><create><node lat="4428265" lon="-400752" timestamp="2011-09-07T12:58:31Z" username="unknown"><tag k="OBJCOD" v="gennav"/><tag k="OBJNAM" v="Casa"/><tag k="INFORM" v="Los Cerezos"/>
            
            
            
        </node>
</create><create><node lat="4428272" lon="-400715" timestamp="2011-09-06T18:21:03Z" username="unknown"><tag k="OBJCOD" v="gennav"/><tag k="OBJNAM" v="Pesquero"/><tag k="INFORM" v="Puerto Pesquero"/>
            
            
            
        </node>
</create><delete><node lat="4428275" lon="-400632" timestamp="2011-09-07T22:15:21Z" username="unknown"><tag k="OBJCOD" v="gennav"/><tag k="OBJNAM" v="           "/><tag k="INFORM" v="Puerto Pesquero"/>
            
            
        
            
            
        
            
            
        
            
            
        </node>
</delete></bound>