<?xml version="1.0" encoding="UTF-8"?><bound box="6483272,-410941,6502787,-391372"><create><node lat="6483329" lon="-391590" timestamp="2011-08-13T21:06:17Z" username="unknown"><tag k="OBJCOD" v="hotspt"/><tag k="catspt" v="1"/><tag k="OBJNAM" v="Freshwater "/><tag k="DUNITS" v="1"/>
            
            
            
            
        </node>
</create><create><node lat="6483470" lon="-404376" timestamp="2013-12-05T10:49:54Z" username="mat"><tag k="OBJCOD" v="MORFAC"/>
            
        </node>
</create><create><node lat="6483504" lon="-404319" timestamp="2013-12-05T10:50:07Z" username="mat"><tag k="OBJCOD" v="MORFAC"/>
            
        </node>
</create><create><node lat="6483543" lon="-404314" timestamp="2013-12-05T10:50:15Z" username="mat"><tag k="OBJCOD" v="MORFAC"/>
            
        </node>
</create><create><node lat="6483576" lon="-404290" timestamp="2013-12-05T10:49:20Z" username="mat"><tag k="OBJCOD" v="MORFAC"/>
            
        </node>
</create><create><node lat="6483591" lon="-404390" timestamp="2013-12-04T14:38:26Z" username="mat"><tag k="OBJCOD" v="BOYLAT"/><tag k="abrchr" v="R"/><tag k="OBJNAM" v="Duncannon &quot;No 4&quot;"/><tag k="MARSYS" v="1"/><tag k="COLOUR" v="3"/><tag k="CATLAM" v="1"/>
            
            
            
            
            
            
        </node>
</create><delete><node lat="6483613" lon="-404389" timestamp="2013-12-04T14:38:26Z" username="mat"><tag k="OBJCOD" v="BOYLAT"/>
            
        </node>
</delete><create><node lat="6483633" lon="-404281" timestamp="2013-12-05T10:49:13Z" username="mat"><tag k="OBJCOD" v="MORFAC"/>
            
        </node>
</create><modify><node lat="6483761" lon="-405246" timestamp="2013-12-04T14:03:00Z" username="mat"><tag k="OBJCOD" v="BOYLAT"/><tag k="OBJNAM" v="&quot;No 8&quot;"/><tag k="INFORM" v=" "/>
            
            
            
        </node>
</modify><modify><node lat="6483796" lon="-405421" timestamp="2013-12-04T14:30:24Z" username="mat"><tag k="OBJCOD" v="BOYLAT"/><tag k="OBJNAM" v="&quot;No 7&quot;"/><tag k="INFORM" v=" "/>
            
            
            
        
            
            
        </node>
</modify><create><node lat="6483852" lon="-404211" timestamp="2013-12-04T14:37:38Z" username="mat"><tag k="OBJCOD" v="SLCONS"/><tag k="CATSLC" v="12"/>
            
            
        </node>
</create><modify><node lat="6483854" lon="-405217" timestamp="2013-12-04T14:30:13Z" username="mat"><tag k="OBJCOD" v="BOYLAT"/><tag k="OBJNAM" v="&quot;No 5&quot;"/><tag k="INFORM" v=" "/>
            
            
            
        
            
            
        </node>
</modify><modify><node lat="6483865" lon="-405046" timestamp="2013-12-04T14:02:46Z" username="mat"><tag k="OBJCOD" v="BOYLAT"/><tag k="OBJNAM" v="&quot;No 6&quot;"/><tag k="INFORM" v=" "/>
            
            
            
        
            
            
        </node>
</modify><create><node lat="6484079" lon="-406226" timestamp="2015-07-30T05:51:17Z" username="Clarry"><tag k="OBJCOD" v="gennav"/><tag k="OBJNAM" v="DHNA"/><tag k="INFORM" v="No anchoring permitted"/></node>
</create><create><node lat="6484083" lon="-404389" timestamp="2014-02-03T10:37:41Z" username="mat"><tag k="OBJCOD" v="gennav"/><tag k="OBJNAM" v="6 Knots Max"/>
            
            
        </node>
</create><delete><node lat="6484086" lon="-404847" timestamp="2013-12-04T14:00:15Z" username="mat"><tag k="OBJCOD" v="BOYSPP"/>
            
        </node>
</delete><create><node lat="6484087" lon="-404589" timestamp="2013-12-04T14:35:52Z" username="mat"><tag k="OBJCOD" v="BCNLAT"/><tag k="OBJNAM" v=" "/><tag k="INFORM" v="Red Lateral Beacon with Topmark Cilynder"/><tag k="COLOUR" v="3"/><tag k="BCNSHP" v="5"/>
            
            
            
        
            
            
            
        </node>
</create><modify><node lat="6484452" lon="-405745" timestamp="2013-12-04T14:06:03Z" username="mat"><tag k="OBJCOD" v="BOYLAT"/><tag k="OBJNAM" v="&quot;No 10&quot;"/><tag k="INFORM" v=" "/>
            
            
            
        </node>
</modify><create><node lat="6484757" lon="-405531" timestamp="2013-12-05T09:23:21Z" username="mat"><tag k="OBJCOD" v="BOYLAT"/><tag k="abrchr" v="R"/><tag k="OBJNAM" v="&quot;No 12&quot;"/><tag k="MARSYS" v="1"/><tag k="INFORM" v=" "/><tag k="COLOUR" v="3"/><tag k="CATLAM" v="1"/>
            
            
            
            
            
            
            
        </node>
</create><delete><node lat="6484762" lon="-405530" timestamp="2013-12-05T09:23:21Z" username="mat"><tag k="OBJCOD" v="BOYLAT"/><tag k="OBJNAM" v="&quot;No 12&quot;"/><tag k="INFORM" v=" "/>
            
            
            
        </node>
</delete><create><node lat="6484873" lon="-406876" timestamp="2013-12-05T09:30:54Z" username="mat"><tag k="OBJCOD" v="psgiio"/><tag k="catser" v="135"/>
            
            
        </node>
</create><create><node lat="6484988" lon="-406531" timestamp="2012-07-30T08:08:21Z" username="newrose"><tag k="OBJCOD" v="psgiio"/><tag k="catser" v="131"/><tag k="OBJNAM" v="Sharpham N Quay"/>
            
            
            
        </node>
</create><modify><node lat="6485079" lon="-405760" timestamp="2013-12-04T14:10:31Z" username="mat"><tag k="OBJCOD" v="BOYLAT"/><tag k="OBJNAM" v="&quot;No 14&quot;"/><tag k="INFORM" v=" "/>
            
            
            
        </node>
</modify><create><node lat="6485481" lon="-407416" timestamp="2010-12-13T10:23:31Z"><tag k="OBJCOD" v="UWTROC"/><tag k="WATLEV" v="3"/><tag k="VALSOU" v="0.75"/><tag k="OBJNAM" v="Rock"/><tag k="INFORM" v="Always covered"/><tag k="DUNITS" v="1"/>
            
            
            
            
            
            
        </node>
</create><create><node lat="6486385" lon="-408579" timestamp="2014-02-03T10:51:34Z" username="mat"><tag k="OBJCOD" v="gennav"/><tag k="OBJNAM" v="Dead Slow No Wash"/>
            
            
        </node>
</create><create><node lat="6487000" lon="-409326" timestamp="2013-12-05T09:54:22Z" username="mat"><tag k="OBJCOD" v="SLCONS"/><tag k="CATSLC" v="12"/>
            
            
        </node>
</create><create><node lat="6487018" lon="-409337" timestamp="2013-12-05T09:56:22Z" average_rating="3" rating_count="1" reviews_count="1" username="mat"><tag k="OBJCOD" v="psgiio"/><tag k="catser" v="2"/><tag k="OBJNAM" v="Baltic Wharf"/>
            
            
            
        </node>
</create><create><node lat="6487184" lon="-409336" timestamp="2013-12-05T09:57:22Z" username="mat"><tag k="OBJCOD" v="psgiio"/><tag k="catser" v="129"/>
            
            
        </node>
</create><create><node lat="6487256" lon="-409346" timestamp="2013-12-05T09:57:36Z" username="mat"><tag k="OBJCOD" v="psgiio"/><tag k="catser" v="129"/>
            
            
        </node>
</create><create><node lat="6487276" lon="-409426" timestamp="2013-12-05T09:57:49Z" username="mat"><tag k="OBJCOD" v="psgiio"/><tag k="catser" v="129"/>
            
            
        </node>
</create><create><node lat="6487313" lon="-409457" timestamp="2013-12-05T09:58:00Z" username="mat"><tag k="OBJCOD" v="SLCONS"/><tag k="CATSLC" v="12"/>
            
            
        </node>
</create><create><node lat="6487326" lon="-409608" timestamp="2013-12-05T10:21:13Z" average_rating="3.0" rating_count="1" reviews_count="1" username="mat"><tag k="OBJCOD" v="psgiio"/><tag k="catser" v="41"/><tag k="zipcde" v=" "/><tag k="websit" v="Balticwharfrepairs.co.uk"/><tag k="telnum" v="01803867474"/><tag k="strnam" v=" "/><tag k="citynm" v="Totnes"/><tag k="OBJNAM" v="Baltic Wharf Repair"/><tag k="INFORM" v=" "/>
            
            
        
            
            
            
            
            
            
            
            
            
        
            
            
            
            
            
            
            
            
            
        
            
            
            
            
        
            
            
            
            
        </node>
</create><create><node lat="6487938" lon="-409854" timestamp="2013-12-05T10:09:12Z" username="mat"><tag k="OBJCOD" v="MORFAC"/>
            
        </node>
</create><create><node lat="6487949" lon="-409895" timestamp="2013-12-05T10:09:06Z" username="mat"><tag k="OBJCOD" v="MORFAC"/>
            
        </node>
</create><create><node lat="6487967" lon="-409976" timestamp="2013-12-05T10:13:05Z" username="mat"><tag k="OBJCOD" v="MORFAC"/>
            
        </node>
</create><create><node lat="6487977" lon="-409888" timestamp="2013-12-05T10:15:05Z" username="mat"><tag k="OBJCOD" v="MORFAC"/>
            
        </node>
</create><create><node lat="6487981" lon="-409855" timestamp="2013-12-05T10:17:46Z" username="mat"><tag k="OBJCOD" v="MORFAC"/>
            
        </node>
</create><create><node lat="6487990" lon="-409980" timestamp="2013-12-05T10:14:38Z" username="mat"><tag k="OBJCOD" v="MORFAC"/>
            
        </node>
</create><create><node lat="6487997" lon="-409886" timestamp="2013-12-05T10:14:59Z" username="mat"><tag k="OBJCOD" v="MORFAC"/>
            
        </node>
</create><create><node lat="6487997" lon="-409856" timestamp="2013-12-05T10:17:39Z" username="mat"><tag k="OBJCOD" v="MORFAC"/>
            
        </node>
</create><create><node lat="6488008" lon="-409983" timestamp="2013-12-05T10:14:33Z" username="mat"><tag k="OBJCOD" v="MORFAC"/>
            
        </node>
</create><create><node lat="6488011" lon="-409884" timestamp="2013-12-05T10:14:53Z" username="mat"><tag k="OBJCOD" v="MORFAC"/>
            
        </node>
</create><create><node lat="6488011" lon="-409852" timestamp="2013-12-05T10:17:33Z" username="mat"><tag k="OBJCOD" v="MORFAC"/>
            
        </node>
</create><delete><node lat="6488018" lon="-395327" timestamp="2014-05-30T14:36:52Z" username="jutmat"><tag k="OBJCOD" v="BOYSPP"/>
            
        </node>
</delete><create><node lat="6488021" lon="-395355" timestamp="2014-05-30T14:36:52Z" username="jutmat"><tag k="OBJCOD" v="BOYSPP"/><tag k="abrchr" v="Y"/><tag k="COLOUR" v="6"/><tag k="CATSPM" v="27"/>
            
            
            
            
        </node>
</create><create><node lat="6488025" lon="-409829" timestamp="2013-12-05T10:03:36Z" username="mat"><tag k="OBJCOD" v="SLCONS"/><tag k="CATSLC" v="12"/>
            
            
        </node>
</create><create><node lat="6488026" lon="-409986" timestamp="2013-12-05T10:14:27Z" username="mat"><tag k="OBJCOD" v="MORFAC"/>
            
        </node>
</create><create><node lat="6488030" lon="-409884" timestamp="2013-12-05T10:14:48Z" username="mat"><tag k="OBJCOD" v="MORFAC"/>
            
        </node>
</create><create><node lat="6488045" lon="-409987" timestamp="2013-12-05T10:14:23Z" username="mat"><tag k="OBJCOD" v="MORFAC"/>
            
        </node>
</create><create><node lat="6488050" lon="-409880" timestamp="2013-12-05T10:12:52Z" username="mat"><tag k="OBJCOD" v="MORFAC"/>
            
        </node>
</create><create><node lat="6488051" lon="-409840" timestamp="2013-12-05T10:17:22Z" username="mat"><tag k="OBJCOD" v="MORFAC"/>
            
        </node>
</create><create><node lat="6488061" lon="-409987" timestamp="2013-12-05T10:14:16Z" username="mat"><tag k="OBJCOD" v="MORFAC"/>
            
        </node>
</create><create><node lat="6488064" lon="-409880" timestamp="2013-12-05T10:12:44Z" username="mat"><tag k="OBJCOD" v="MORFAC"/>
            
        </node>
</create><create><node lat="6488069" lon="-409839" timestamp="2013-12-05T10:17:15Z" username="mat"><tag k="OBJCOD" v="MORFAC"/>
            
        </node>
</create><create><node lat="6488079" lon="-409879" timestamp="2013-12-05T10:12:34Z" username="mat"><tag k="OBJCOD" v="MORFAC"/>
            
        </node>
</create><create><node lat="6488082" lon="-409989" timestamp="2013-12-05T10:14:08Z" username="mat"><tag k="OBJCOD" v="MORFAC"/>
            
        </node>
</create><create><node lat="6488082" lon="-409838" timestamp="2013-12-05T10:17:09Z" username="mat"><tag k="OBJCOD" v="MORFAC"/>
            
        </node>
</create><create><node lat="6488095" lon="-409879" timestamp="2013-12-05T10:12:27Z" username="mat"><tag k="OBJCOD" v="MORFAC"/>
            
        </node>
</create><create><node lat="6488095" lon="-409835" timestamp="2013-12-05T10:17:03Z" username="mat"><tag k="OBJCOD" v="MORFAC"/>
            
        </node>
</create><create><node lat="6488099" lon="-409988" timestamp="2013-12-05T10:14:01Z" username="mat"><tag k="OBJCOD" v="MORFAC"/>
            
        </node>
</create><create><node lat="6488108" lon="-409834" timestamp="2013-12-05T10:16:56Z" username="mat"><tag k="OBJCOD" v="MORFAC"/>
            
        </node>
</create><create><node lat="6488113" lon="-409877" timestamp="2013-12-05T10:12:17Z" username="mat"><tag k="OBJCOD" v="MORFAC"/>
            
        </node>
</create><create><node lat="6488120" lon="-409986" timestamp="2013-12-05T10:13:52Z" username="mat"><tag k="OBJCOD" v="MORFAC"/>
            
        </node>
</create><create><node lat="6488120" lon="-409828" timestamp="2013-12-05T10:16:49Z" username="mat"><tag k="OBJCOD" v="MORFAC"/>
            
        </node>
</create><create><node lat="6488134" lon="-409874" timestamp="2013-12-05T10:12:10Z" username="mat"><tag k="OBJCOD" v="MORFAC"/>
            
        </node>
</create><create><node lat="6488134" lon="-409826" timestamp="2013-12-05T10:16:43Z" username="mat"><tag k="OBJCOD" v="MORFAC"/>
            
        </node>
</create><create><node lat="6488135" lon="-409983" timestamp="2013-12-05T10:13:46Z" username="mat"><tag k="OBJCOD" v="MORFAC"/>
            
        </node>
</create><create><node lat="6488146" lon="-409871" timestamp="2013-12-05T10:10:29Z" username="mat"><tag k="OBJCOD" v="MORFAC"/>
            
        </node>
</create><create><node lat="6488150" lon="-409826" timestamp="2013-12-05T10:16:37Z" username="mat"><tag k="OBJCOD" v="MORFAC"/>
            
        </node>
</create><create><node lat="6488157" lon="-409977" timestamp="2013-12-05T10:12:01Z" username="mat"><tag k="OBJCOD" v="MORFAC"/>
            
        </node>
</create><create><node lat="6488164" lon="-409824" timestamp="2013-12-05T10:16:30Z" username="mat"><tag k="OBJCOD" v="MORFAC"/>
            
        </node>
</create><create><node lat="6488169" lon="-409868" timestamp="2013-12-05T10:10:19Z" username="mat"><tag k="OBJCOD" v="MORFAC"/>
            
        </node>
</create><create><node lat="6488179" lon="-409823" timestamp="2013-12-05T10:16:24Z" username="mat"><tag k="OBJCOD" v="MORFAC"/>
            
        </node>
</create><create><node lat="6488191" lon="-409863" timestamp="2013-12-05T10:10:13Z" username="mat"><tag k="OBJCOD" v="MORFAC"/>
            
        </node>
</create><create><node lat="6488199" lon="-409821" timestamp="2013-12-05T10:16:17Z" username="mat"><tag k="OBJCOD" v="MORFAC"/>
            
        </node>
</create><create><node lat="6488214" lon="-409865" timestamp="2013-12-05T10:10:07Z" username="mat"><tag k="OBJCOD" v="MORFAC"/>
            
        </node>
</create><create><node lat="6488214" lon="-409821" timestamp="2013-12-05T10:16:11Z" username="mat"><tag k="OBJCOD" v="MORFAC"/>
            
        </node>
</create><create><node lat="6488229" lon="-409820" timestamp="2013-12-05T10:16:05Z" username="mat"><tag k="OBJCOD" v="MORFAC"/>
            
        </node>
</create><create><node lat="6488231" lon="-409865" timestamp="2013-12-05T10:10:00Z" username="mat"><tag k="OBJCOD" v="MORFAC"/>
            
        </node>
</create><create><node lat="6488248" lon="-409817" timestamp="2013-12-05T10:08:43Z" username="mat"><tag k="OBJCOD" v="MORFAC"/>
            
        </node>
</create><create><node lat="6488257" lon="-409860" timestamp="2013-12-05T10:08:36Z" username="mat"><tag k="OBJCOD" v="MORFAC"/>
            
        </node>
</create><create><node lat="6488391" lon="-409788" timestamp="2013-12-05T10:18:30Z" username="mat"><tag k="OBJCOD" v="MORFAC"/>
            
        </node>
</create><create><node lat="6488395" lon="-409834" timestamp="2013-12-05T10:07:54Z" username="mat"><tag k="OBJCOD" v="MORFAC"/>
            
        </node>
</create><create><node lat="6488441" lon="-409791" timestamp="2013-12-05T10:18:24Z" username="mat"><tag k="OBJCOD" v="MORFAC"/>
            
        </node>
</create><create><node lat="6488444" lon="-409830" timestamp="2013-12-05T10:07:47Z" username="mat"><tag k="OBJCOD" v="MORFAC"/>
            
        </node>
</create><create><node lat="6488470" lon="-395358" timestamp="2014-05-30T14:35:53Z" username="jutmat"><tag k="OBJCOD" v="BOYSPP"/><tag k="abrchr" v="Y"/><tag k="COLOUR" v="6"/><tag k="CATSPM" v="27"/>
            
            
            
            
        </node>
</create><delete><node lat="6488471" lon="-395287" timestamp="2014-05-30T14:35:53Z" username="jutmat"><tag k="OBJCOD" v="BOYSPP"/>
            
        </node>
</delete><create><node lat="6488483" lon="-409794" timestamp="2013-12-05T10:18:18Z" username="mat"><tag k="OBJCOD" v="MORFAC"/>
            
        </node>
</create><create><node lat="6488487" lon="-409829" timestamp="2013-12-05T10:07:39Z" username="mat"><tag k="OBJCOD" v="MORFAC"/>
            
        </node>
</create><create><node lat="6488523" lon="-409795" timestamp="2013-12-05T10:18:13Z" username="mat"><tag k="OBJCOD" v="MORFAC"/>
            
        </node>
</create><create><node lat="6488524" lon="-409828" timestamp="2013-12-05T10:07:33Z" username="mat"><tag k="OBJCOD" v="MORFAC"/>
            
        </node>
</create><create><node lat="6488571" lon="-409789" timestamp="2013-12-05T10:18:06Z" username="mat"><tag k="OBJCOD" v="MORFAC"/>
            
        </node>
</create><create><node lat="6488577" lon="-409821" timestamp="2013-12-05T10:07:20Z" username="mat"><tag k="OBJCOD" v="MORFAC"/>
            
        </node>
</create><create><node lat="6488601" lon="-409786" timestamp="2013-12-05T10:18:00Z" username="mat"><tag k="OBJCOD" v="MORFAC"/>
            
        </node>
</create><create><node lat="6488608" lon="-409815" timestamp="2013-12-05T10:07:08Z" username="mat"><tag k="OBJCOD" v="MORFAC"/>
            
        </node>
</create><create><node lat="6488816" lon="-395817" timestamp="2012-10-06T09:04:48Z" username="Coastie"><tag k="OBJCOD" v="BOYSPP"/><tag k="OBJNAM" v="N flag"/><tag k="INFORM" v="Port hand mark with flag November. Enter harbour on opposite side of channel."/><tag k="COLOUR" v="6"/><tag k="BOYSHP" v="5"/>
            
            
            
            
            
        
            
        </node>
</create><create><node lat="6488816" lon="-394290" timestamp="2011-05-18T17:54:43Z" username="unknown"><tag k="OBJCOD" v="BCNSAW"/><tag k="OBJNAM" v="Mark 2"/><tag k="COLOUR" v="3;1"/><tag k="BCNSHP" v="5"/>
            
            
            
            
        </node>
</create><create><node lat="6491799" lon="-391634" timestamp="2015-06-04T14:52:20Z" username="Geoff"><tag k="OBJCOD" v="SOUNDG"/><tag k="VALSOU" v="6.70"/><tag k="DUNITS" v="1"/></node>
</create><delete><node lat="6492080" lon="-393664" timestamp="2015-06-04T14:52:20Z" username="Geoff"><tag k="OBJCOD" v="SOUNDG"/></node>
</delete><create><node lat="6492494" lon="-399937" timestamp="2011-07-12T23:18:29Z" username="Matt35"><tag k="OBJCOD" v="WRECKS"/><tag k="OBJNAM" v="Dudley rose"/><tag k="DUNITS" v="1"/><tag k="CATWRK" v="1"/>
            
            
            
            
        </node>
</create><modify><node lat="6493030" lon="-392865" timestamp="2015-09-23T00:16:28Z" username="Flux89" average_rating="4.0" reviews_count="1" rating_count="1"><tag k="OBJCOD" v="SMACRA"/><tag k="trnbth" v="440"/><tag k="ofsety" v="-46"/><tag k="ofsetx" v="817"/><tag k="numvhf" v="14"/><tag k="SRVLST" v=""/><tag k="OBJNAM" v="Torquay (MDL)"/><tag k="CATSMC" v="1"/></node>
</modify><create><node lat="6493084" lon="-392533" timestamp="2013-12-10T09:43:18Z" username="Coastie"><tag k="OBJCOD" v="LIGHTS"/><tag k="COLOUR" v="3"/><tag k="OBJNAM" v="Bridge pontoon"/><tag k="INFORM" v="New lights fitted to pontoon. 2 fixed red vertically disposed."/>
            
            
            
            
        </node>
</create><create><node lat="6493363" lon="-392563" timestamp="2015-06-22T19:30:51Z" username="gsodriscoll"><tag k="OBJCOD" v="psgiio"/><tag k="catser" v="21"/><tag k="prclst" v="DIESEL: 1.000 on 2015-06-22"/><tag k="OBJNAM" v="Torquay"/></node>
</create><create><node lat="6493393" lon="-392868" timestamp="2015-09-23T00:15:42Z" username="Flux89" reviews_count="1" average_rating="4.0" rating_count="1"><tag k="OBJCOD" v="SMACRA"/><tag k="trnbth" v="440"/><tag k="ofsety" v="0"/><tag k="ofsetx" v="0"/><tag k="numvhf" v="80"/><tag k="TELNUM" v="+44 1803 20 02 10"/><tag k="SRVLST" v="36;74"/><tag k="OBJNAM" v="Torquay (MDL)"/><tag k="CATSMC" v="1"/></node>
</create><modify><node lat="6493550" lon="-392096" timestamp="2011-04-29T12:44:05Z" username="unknown"><tag k="OBJCOD" v="psgiio"/><tag k="catser" v="23"/>
            
            
        </node>
</modify><modify><node lat="6493654" lon="-392157" timestamp="2011-04-29T12:44:11Z" username="unknown"><tag k="OBJCOD" v="psgiio"/><tag k="catser" v="23"/>
            
            
        </node>
</modify><create><node lat="6494163" lon="-396409" timestamp="2015-05-19T17:27:10Z" username="sparesmarine"><tag k="OBJCOD" v="gennav"/><tag k="OBJNAM" v="Drum Inn, Cockington Torquay"/><tag k="INFORM" v="Fed up with seeing water and want to see GREEN instead? Visit Kes, Liam &amp; team at the Drum Inn, Cockington for fine ales, food in lovely surroundings. Tel: +44 (0) 1803 690264 or visit: www.druminntorquay@vintageinn.co.uk"/></node>
</create></bound>