<?xml version="1.0" encoding="UTF-8"?><bound box="5351857,-450078,5371356,-430510"><create><node lat="5352914" lon="-448618" timestamp="2014-08-23T07:10:21Z" username="unknown"><tag k="OBJCOD" v="hotspt"/><tag k="catspt" v="1"/><tag k="OBJNAM" v="pecea fondo"/><tag k="DUNITS" v="1"/>
            
            
            
            
        </node>
</create><create><node lat="5353346" lon="-446231" timestamp="2014-02-20T14:07:37Z" username="unknown"><tag k="OBJCOD" v="gennav"/><tag k="OBJNAM" v="verificar"/>
            
            
        </node>
</create><create><node lat="5353876" lon="-447131" timestamp="2014-01-13T01:19:18Z" username="unknown"><tag k="OBJCOD" v="gennav"/><tag k="OBJNAM" v="revisar punto"/>
            
            
        </node>
</create><create><node lat="5353893" lon="-446227" timestamp="2014-08-23T10:33:18Z" username="unknown"><tag k="OBJCOD" v="hotspt"/><tag k="catspt" v="1"/><tag k="OBJNAM" v="bonitos"/><tag k="DUNITS" v="1"/>
            
            
            
            
        </node>
</create><create><node lat="5354109" lon="-446362" timestamp="2014-03-10T11:26:24Z" username="unknown"><tag k="OBJCOD" v="gennav"/><tag k="OBJNAM" v="pasillo verificar"/>
            
            
        </node>
</create><create><node lat="5354543" lon="-447871" timestamp="2014-01-13T01:04:07Z" username="unknown"><tag k="OBJCOD" v="gennav"/><tag k="OBJNAM" v="posible piedra"/>
            
            
        </node>
</create><create><node lat="5354634" lon="-449830" timestamp="2014-01-13T00:58:59Z" username="unknown"><tag k="OBJCOD" v="gennav"/><tag k="OBJNAM" v="posible piedra"/>
            
            
        </node>
</create><create><node lat="5354689" lon="-446103" timestamp="2014-01-13T01:09:18Z" username="unknown"><tag k="OBJCOD" v="gennav"/><tag k="OBJNAM" v="revisar zona "/>
            
            
        </node>
</create><create><node lat="5354711" lon="-450072" timestamp="2014-01-13T00:59:38Z" username="unknown"><tag k="OBJCOD" v="gennav"/><tag k="OBJNAM" v="zona posible acantilado piedras"/>
            
            
        </node>
</create><create><node lat="5354736" lon="-446440" timestamp="2014-06-22T08:40:38Z" username="unknown"><tag k="OBJCOD" v="hotspt"/><tag k="catspt" v="1"/><tag k="OBJNAM" v="piedra grande"/><tag k="DUNITS" v="1"/>
            
            
            
            
        </node>
</create><create><node lat="5354786" lon="-446894" timestamp="2014-01-20T22:30:11Z" username="unknown"><tag k="OBJCOD" v="gennav"/><tag k="OBJNAM" v="posible pendiente"/>
            
            
        </node>
</create><create><node lat="5355103" lon="-444010" timestamp="2014-02-20T14:08:11Z" username="unknown"><tag k="OBJCOD" v="gennav"/><tag k="OBJNAM" v="verificar"/>
            
            
        </node>
</create><create><node lat="5355490" lon="-448528" timestamp="2014-02-20T14:04:06Z" username="unknown"><tag k="OBJCOD" v="gennav"/><tag k="OBJNAM" v="verificar punto"/>
            
            
        </node>
</create><create><node lat="5355644" lon="-447596" timestamp="2014-01-13T01:07:41Z" username="unknown"><tag k="OBJCOD" v="gennav"/><tag k="OBJNAM" v="posible zona piedras"/>
            
            
        </node>
</create><create><node lat="5357290" lon="-436534" timestamp="2014-01-24T05:46:03Z" username="unknown"><tag k="OBJCOD" v="gennav"/><tag k="OBJNAM" v="verificar lengua"/>
            
            
        </node>
</create><create><node lat="5357794" lon="-441610" timestamp="2014-01-13T20:45:04Z" username="unknown"><tag k="OBJCOD" v="gennav"/><tag k="OBJNAM" v="zona piedra arena"/>
            
            
        </node>
</create><create><node lat="5358022" lon="-436331" timestamp="2014-01-17T19:22:45Z" username="unknown"><tag k="OBJCOD" v="gennav"/><tag k="OBJNAM" v="posibles piedras"/>
            
            
        </node>
</create><create><node lat="5358113" lon="-436480" timestamp="2014-01-22T20:54:20Z" username="unknown"><tag k="OBJCOD" v="gennav"/><tag k="OBJNAM" v="isobatas juntas"/>
            
            
        </node>
</create><create><node lat="5358136" lon="-436459" timestamp="2014-07-07T23:06:51Z" username="ALIVE"><tag k="OBJCOD" v="hotspt"/><tag k="catspt" v="1"/><tag k="OBJNAM" v="Largos"/><tag k="DUNITS" v="1"/>
            
            
            
            
        </node>
</create><create><node lat="5359078" lon="-434557" timestamp="2014-01-24T05:53:09Z" username="unknown"><tag k="OBJCOD" v="gennav"/><tag k="OBJNAM" v="verificar punto"/>
            
            
        </node>
</create><create><node lat="5359603" lon="-436531" timestamp="2014-01-23T00:29:49Z" username="unknown"><tag k="OBJCOD" v="gennav"/><tag k="OBJNAM" v="posibles piedras&#10;"/>
            
            
        </node>
</create><create><node lat="5359633" lon="-435096" timestamp="2014-01-24T05:38:53Z" username="unknown"><tag k="OBJCOD" v="gennav"/><tag k="OBJNAM" v="punto a verificar&#10;"/>
            
            
        </node>
</create><create><node lat="5359721" lon="-439783" timestamp="2014-01-24T05:43:34Z" username="unknown"><tag k="OBJCOD" v="gennav"/><tag k="OBJNAM" v="verificar punto"/>
            
            
        </node>
</create><create><node lat="5359742" lon="-432217" timestamp="2013-05-23T11:38:53Z" username="unknown"><tag k="OBJCOD" v="BCNSPP"/><tag k="OBJNAM" v="Meteo"/><tag k="INFORM" v="www.redvigia.com"/><tag k="COLOUR" v="2"/><tag k="BCNSHP" v="5"/>
            
            
            
            
        
            
            
            
        
            
            
            
        
            
            
        </node>
</create><create><node lat="5360016" lon="-432936" timestamp="2014-01-22T20:54:42Z" username="unknown"><tag k="OBJCOD" v="gennav"/><tag k="OBJNAM" v="isobatas juntas"/>
            
            
        </node>
</create><create><node lat="5360510" lon="-431386" timestamp="2014-01-22T20:55:16Z" username="unknown"><tag k="OBJCOD" v="gennav"/><tag k="OBJNAM" v="isobatas juntas"/>
            
            
        </node>
</create><create><node lat="5360749" lon="-430626" timestamp="2014-01-22T20:25:03Z" username="unknown"><tag k="OBJCOD" v="gennav"/><tag k="OBJNAM" v="posible pendiente"/>
            
            
        </node>
</create><create><node lat="5360904" lon="-435859" timestamp="2014-01-13T01:44:29Z" username="unknown"><tag k="OBJCOD" v="gennav"/><tag k="OBJNAM" v="posible piedra"/>
            
            
        </node>
</create><create><node lat="5361002" lon="-430997" timestamp="2011-08-04T15:40:33Z" username="unknown"><tag k="OBJCOD" v="BOYSPP"/><tag k="OBJNAM" v="Deux bidons jaunes"/><tag k="INFORM" v="Écartés de 100m. possible feu."/><tag k="COLOUR" v="6"/><tag k="BOYSHP" v="5"/>
            
            
            
            
            
            <slave>
                <tag k="OBJCOD" v="LIGHTS"/>
                <tag k="COLOUR" v="12"/>
            </slave>
        </node>
</create><create><node lat="5361904" lon="-442292" timestamp="2012-09-04T14:54:25Z" username="bandiatres"><tag k="OBJCOD" v="BOYLAT"/><tag k="OBJNAM" v=" "/><tag k="INFORM" v=" "/><tag k="COLOUR" v="4"/><tag k="BOYSHP" v="2"/>
            
            
            
            
            
            <slave>
                <tag k="OBJCOD" v="FOGSIG"/>
            </slave>
            <slave>
                <tag k="OBJCOD" v="LIGHTS"/>
                <tag k="COLOUR" v="4"/>
            </slave>
        </node>
</create><create><node lat="5361980" lon="-434982" timestamp="2014-08-12T20:22:08Z" username="luis453020"><tag k="OBJCOD" v="hotspt"/><tag k="catspt" v="1"/><tag k="VALSOU" v=" "/><tag k="OBJNAM" v="castro"/><tag k="INFORM" v="lubinas"/><tag k="DUNITS" v="1"/>
            
            
            
            
            
            
        </node>
</create><create><node lat="5366807" lon="-443440" timestamp="2013-11-03T16:29:43Z" username="story"><tag k="OBJCOD" v="FSHFAC"/>
            
        </node>
</create></bound>