<?xml version="1.0" encoding="UTF-8"?><bound box="6522303,-371804,6541818,-352235"><delete><node lat="6530653" lon="-353239" timestamp="2012-03-25T16:10:55Z" username="unknown"><tag k="OBJCOD" v="BOYCAR"/>
            
        </node>
</delete><modify><node lat="6531141" lon="-359527" timestamp="2014-06-26T13:19:09Z" username="WatSail"><tag k="OBJCOD" v="BOYSPP"/><tag k="OBJNAM" v=" "/><tag k="INFORM" v="Missing since the storms of Jan 2014"/>
            
            
            
        </node>
</modify><delete><node lat="6531384" lon="-352334" timestamp="2013-09-11T20:02:17Z" username="unknown"><tag k="OBJCOD" v="WRECKS"/>
            
        </node>
</delete><create><node lat="6531391" lon="-360641" timestamp="2014-10-24T10:35:32Z" username="WatSail"><tag k="OBJCOD" v="BCNLAT"/><tag k="INFORM" v="Red top mark in black post at end of groyne"/><tag k="COLOUR" v="3"/><tag k="BCNSHP" v="5"/>
            
            
            
            
        </node>
</create><create><node lat="6531477" lon="-361529" timestamp="2014-11-01T08:03:15Z" username="limbs"><tag k="OBJCOD" v="psgiio"/><tag k="catser" v="21"/><tag k="catsub" v="4"/><tag k="OBJNAM" v="Urlings"/>
            
            
            
            
        </node>
</create><create><node lat="6531509" lon="-360352" timestamp="2014-10-24T10:36:02Z" username="WatSail"><tag k="OBJCOD" v="BCNLAT"/><tag k="INFORM" v="Red top mark in black post at end of groyne"/><tag k="COLOUR" v="3"/><tag k="BCNSHP" v="5"/>
            
            
            
            
        </node>
</create><create><node lat="6531568" lon="-360097" timestamp="2014-06-26T13:23:38Z" username="WatSail"><tag k="OBJCOD" v="BCNLAT"/><tag k="INFORM" v="Red top mark in black post at end of groyne"/><tag k="COLOUR" v="3"/><tag k="BCNSHP" v="5"/>
            
            
            
            
        </node>
</create><create><node lat="6531644" lon="-359993" timestamp="2014-06-26T13:24:08Z" username="WatSail"><tag k="OBJCOD" v="BCNSPP"/><tag k="COLOUR" v="2"/><tag k="BCNSHP" v="5"/>
            
            
            
        </node>
</create></bound>