<?xml version="1.0" encoding="UTF-8"?><bound box="5956464,-313098,5975972,-293529"><create><node lat="5958844" lon="-306721" timestamp="2014-09-19T05:50:53Z" username="Homer"><tag k="OBJCOD" v="hotspt"/><tag k="catspt" v="1"/><tag k="VALSOU" v=" "/><tag k="OBJNAM" v="Fournier"/><tag k="INFORM" v=" "/><tag k="DUNITS" v="1"/>
            
            
            
        
            
            
        
            
            
            
            
            
        </node>
</create><create><node lat="5960643" lon="-295446" timestamp="2012-08-09T21:03:12Z" username="manu45"><tag k="OBJCOD" v="hotspt"/><tag k="catspt" v="2"/><tag k="VALSOU" v="23"/><tag k="OBJNAM" v="le Piton"/><tag k="INFORM" v="Balistres, araignées, congres.&#10;très beau tombant"/><tag k="DUNITS" v="1"/>
            
            
            
            
            
            
        </node>
</create><create><node lat="5967439" lon="-299843" timestamp="2014-05-08T19:17:07Z" username="killertaprick"><tag k="OBJCOD" v="ACHBRT"/><tag k="OBJNAM" v="frrr"/><tag k="INFORM" v=" "/>
            
            
            
        </node>
</create><create><node lat="5969350" lon="-311749" timestamp="2011-07-27T12:37:42Z" username="nicky larsen"><tag k="OBJCOD" v="gennav"/><tag k="OBJNAM" v="My info"/>
            
            
        </node>
</create></bound>