<?xml version="1.0" encoding="UTF-8"?><bound box="6932181,-469647,6951701,-450078"><create><node lat="6932330" lon="-461349" timestamp="2015-04-06T09:50:04Z" username="lyndon"><tag k="OBJCOD" v="BOYLAT"/><tag k="OBJNAM" v="13"/><tag k="COLOUR" v="4"/><tag k="BOYSHP" v="2"/></node>
</create><create><node lat="6932551" lon="-460741" timestamp="2015-10-03T10:48:12Z" username="lyndon"><tag k="OBJCOD" v="BOYLAT"/><tag k="OBJNAM" v="12"/><tag k="COLOUR" v="3"/><tag k="BOYSHP" v="1"/></node>
</create><create><node lat="6932691" lon="-460292" timestamp="2015-06-20T09:53:56Z" username="lyndon"><tag k="OBJCOD" v="BOYLAT"/><tag k="OBJNAM" v="14"/><tag k="COLOUR" v="3"/><tag k="BOYSHP" v="1"/></node>
</create><create><node lat="6933198" lon="-460183" timestamp="2015-04-06T09:57:28Z" username="lyndon"><tag k="OBJCOD" v="BOYLAT"/><tag k="OBJNAM" v="17"/><tag k="COLOUR" v="4"/><tag k="BOYSHP" v="2"/></node>
</create><create><node lat="6934708" lon="-459822" timestamp="2015-06-20T21:20:10Z" username="bertnernie"><tag k="OBJCOD" v="gennav"/><tag k="OBJNAM" v="Porthmadog Yacht Club"/><tag k="INFORM" v=" "/></node>
</create><create><node lat="6934764" lon="-459778" timestamp="2011-05-17T16:38:54Z" username="lyndon"><tag k="OBJCOD" v="psgiio"/><tag k="catser" v="81"/><tag k="OBJNAM" v="Madoc Yacht Club"/>
            
            
            
        </node>
</create></bound>