<?xml version="1.0" encoding="UTF-8"?><bound box="8162405,-332667,8181939,-313098"><delete><node lat="8171968" lon="-332304" timestamp="2012-08-08T08:33:06Z" username="unknown"><tag k="OBJCOD" v="SMACRA"/><tag k="ofsety" v="451"/><tag k="ofsetx" v="-113"/><tag k="CATSMC" v="1"/>
            
            
            
            
        </node>
</delete><create><node lat="8181047" lon="-330061" timestamp="2012-06-10T23:02:46Z" username="unknown"><tag k="OBJCOD" v="ACHBRT"/><tag k="OBJNAM" v="Bay of Ham"/><tag k="INFORM" v="Rousay, Orkneys"/>
            
            
            
        </node>
</create></bound>