<?xml version="1.0" encoding="UTF-8"?><bound box="7556953,-313098,7576481,-293529"><create><node lat="7563840" lon="-307903" timestamp="2015-09-13T01:20:56Z" username="vivacity"><tag k="OBJCOD" v="SMACRA"/><tag k="trnbth" v=" "/><tag k="ofsety" v="0"/><tag k="ofsetx" v="0"/><tag k="numvhf" v=" "/><tag k="maxlen" v=" "/><tag k="dckdph" v=" "/><tag k="ZIPCDE" v=" "/><tag k="WEBSIT" v=" "/><tag k="TELNUM" v=" "/><tag k="STRNAM" v=" "/><tag k="OBJNAM" v="St Monace"/><tag k="INFORM" v=" "/><tag k="CITYNM" v=" "/><tag k="CATSMC" v="1"/></node>
</create><create><node lat="7565152" lon="-303823" timestamp="2015-09-13T01:22:46Z" username="vivacity"><tag k="OBJCOD" v="UWTROC"/><tag k="WATLEV" v="4"/><tag k="VALSOU" v=" "/><tag k="OBJNAM" v="rock"/><tag k="INFORM" v=" "/><tag k="DUNITS" v="1"/></node>
</create><create><node lat="7565200" lon="-303794" timestamp="2015-09-13T01:22:30Z" username="vivacity"><tag k="OBJCOD" v="UWTROC"/><tag k="WATLEV" v="4"/><tag k="VALSOU" v=" "/><tag k="OBJNAM" v="rock"/><tag k="INFORM" v=" "/><tag k="DUNITS" v="1"/></node>
</create><create><node lat="7565400" lon="-303658" timestamp="2015-09-13T01:22:12Z" username="vivacity"><tag k="OBJCOD" v="SMACRA"/><tag k="trnbth" v=" "/><tag k="ofsety" v="0"/><tag k="ofsetx" v="0"/><tag k="numvhf" v=" "/><tag k="maxlen" v=" "/><tag k="dckdph" v=" "/><tag k="ZIPCDE" v=" "/><tag k="WEBSIT" v=" "/><tag k="TELNUM" v=" "/><tag k="STRNAM" v=" "/><tag k="OBJNAM" v="Pittenweem"/><tag k="INFORM" v=" "/><tag k="CITYNM" v=" "/><tag k="CATSMC" v="1"/></node>
</create><modify><node lat="7565881" lon="-303816" timestamp="2011-06-30T12:04:57Z" username="Pajeka"><tag k="OBJCOD" v="psgiio"/><tag k="catser" v="3"/>
            
            
        </node>
</modify><modify><node lat="7566820" lon="-300235" timestamp="2013-12-28T07:41:08Z" username="tarbetness" average_rating="5.0" rating_count="1" reviews_count="1"><tag k="OBJCOD" v="SMACRA"/><tag k="ofsety" v="521"/><tag k="ofsetx" v="0"/><tag k="CATSMC" v="1"/>
            
            
            
            
        
            
            
            
            
        
            
            
            
            
        </node>
</modify><create><node lat="7567227" lon="-300310" timestamp="2015-09-13T07:42:17Z" username="vivacity"><tag k="OBJCOD" v="psgiio"/><tag k="catser" v="81"/><tag k="zipcde" v=" "/><tag k="websit" v="www.anstruthersailingclub.org.uk"/><tag k="telnum" v=" "/><tag k="strnam" v=" "/><tag k="numvhf" v=" "/><tag k="citynm" v=" "/><tag k="OBJNAM" v="Anstruther Sailing Club"/><tag k="INFORM" v=" "/></node>
</create><modify><node lat="7567429" lon="-300388" timestamp="2013-06-23T07:47:29Z" username="Calviere2"><tag k="OBJCOD" v="psgiio"/><tag k="catser" v="23"/>
            
            
        </node>
</modify><create><node lat="7567950" lon="-298727" timestamp="2015-09-13T01:23:57Z" username="vivacity"><tag k="OBJCOD" v="ACHBRT"/><tag k="OBJNAM" v="Skinfast Haven"/><tag k="INFORM" v=" "/></node>
</create><create><node lat="7567971" lon="-298850" timestamp="2014-07-08T07:13:02Z" username="mike c"><tag k="OBJCOD" v="psgiio"/><tag k="catser" v="23"/><tag k="zipcde" v=" "/><tag k="websit" v=" "/><tag k="telnum" v=" "/><tag k="strnam" v=" "/><tag k="citynm" v=" "/><tag k="OBJNAM" v="the haven"/><tag k="INFORM" v=" "/>
            
            
            
            
            
            
            
            
            
        </node>
</create></bound>