<?xml version="1.0" encoding="UTF-8"?><bound box="6385701,-313098,6405215,-293529"><create><node lat="6404490" lon="-295110" timestamp="2010-12-10T23:33:57Z"><tag k="OBJCOD" v="OBSTRN"/><tag k="OBJNAM" v="Rate"/><tag k="DUNITS" v="1"/>
            
            
            
        </node>
</create><create><node lat="6404490" lon="-295110" timestamp="2010-12-10T23:33:57Z"><tag k="OBJCOD" v="OBSTRN"/><tag k="OBJNAM" v="Rate"/><tag k="DUNITS" v="1"/>
            
            
            
        </node>
</create></bound>