<?xml version="1.0" encoding="UTF-8"?><bound box="7185967,-391372,7205490,-371804"><modify><node lat="7188678" lon="-382059" timestamp="2013-06-24T22:01:16Z" username="Serena"><tag k="OBJCOD" v="WRECKS"/><tag k="OBJNAM" v="Guiding Star"/><tag k="INFORM" v="Type - MFV&#10;Length - 55.77ft&#10;Date Sunk - 11/07/1994"/><tag k="DUNITS" v="3"/>
            
            
            
            
        </node>
</modify><create><node lat="7193156" lon="-381602" timestamp="2015-09-24T05:13:29Z" username="navionicsstore121"><tag k="OBJCOD" v="SMACRA"/><tag k="ofsety" v="0"/><tag k="ofsetx" v="0"/><tag k="OBJNAM" v="Ravenglass"/><tag k="CATSMC" v="1"/></node>
</create><create><node lat="7193407" lon="-386762" timestamp="2015-09-24T05:18:55Z" username="navionicsstore121"><tag k="OBJCOD" v="LIGHTS"/><tag k="COLOUR" v="3"/><tag k="OBJNAM" v="Teat"/></node>
</create><modify><node lat="7201284" lon="-380568" timestamp="2015-09-24T05:14:19Z" username="navionicsstore121"><tag k="OBJCOD" v="SMACRA"/><tag k="ofsety" v="-645"/><tag k="ofsetx" v="298"/><tag k="CATSMC" v="1"/></node>
</modify><modify><node lat="7203404" lon="-379537" timestamp="2013-04-05T11:28:38Z" username="AlastairRonaldo"><tag k="OBJCOD" v="psgiio"/><tag k="catser" v="23"/><tag k="zipcde" v="CA18 1SW"/><tag k="websit" v="http://www.ravenglass-railway.co.uk"/><tag k="telnum" v="+44 1229 717171"/><tag k="strnam" v="Ravenglass and Eskdale Railway"/><tag k="OBJNAM" v="Turntable CafÃ© at Ravenglass Railway"/><tag k="INFORM" v="Serving hot and cold meals and drinks from 9:30 to 4:30 in the low season, and 8:30 to 5:30 in the high season. Closed when no passenger trains running."/>
            
            
            
            
            
            
            
            
        </node>
</modify></bound>