<?xml version="1.0" encoding="UTF-8"?><bound box="5351857,-332667,5371356,-313098"><create><node lat="5368775" lon="-322358" timestamp="2015-05-13T09:41:59Z" username="josimesus"><tag k="OBJCOD" v="hotspt"/><tag k="catspt" v="1"/><tag k="VALSOU" v=" "/><tag k="OBJNAM" v="Alta"/><tag k="INFORM" v=" "/><tag k="DUNITS" v="1"/></node>
</create><create><node lat="5368999" lon="-322098" timestamp="2015-04-10T21:40:27Z" username="unknown"><tag k="OBJCOD" v="hotspt"/><tag k="catspt" v="1"/><tag k="OBJNAM" v="Akar Kala"/><tag k="DUNITS" v="4"/></node>
</create><create><node lat="5370786" lon="-313192" timestamp="2015-04-10T21:57:09Z" username="unknown"><tag k="OBJCOD" v="hotspt"/><tag k="catspt" v="1"/><tag k="OBJNAM" v="Papardo Manku"/><tag k="DUNITS" v="4"/></node>
</create></bound>