<?xml version="1.0" encoding="UTF-8"?><bound box="6502787,-332667,6522303,-313098"><create><node lat="6506451" lon="-329074" timestamp="2015-09-22T14:02:34Z" username="AndrewSCarter"><tag k="OBJCOD" v="WRECKS"/><tag k="VALSOU" v=" "/><tag k="OBJNAM" v="HMS Clyde"/><tag k="INFORM" v="Sunk 1917  97ft x 20ft"/><tag k="DUNITS" v="1"/><tag k="CATWRK" v="1"/></node>
</create><modify><node lat="6515413" lon="-331614" timestamp="2014-06-27T08:10:48Z" username="andywray"><tag k="OBJCOD" v="WRECKS"/><tag k="OBJNAM" v="gibel&#10;"/><tag k="DUNITS" v="3"/>
            
            
            
        </node>
</modify><create><node lat="6517508" lon="-321095" timestamp="2015-09-22T13:31:25Z" username="AndrewSCarter"><tag k="OBJCOD" v="WRECKS"/><tag k="VALSOU" v=" "/><tag k="OBJNAM" v="Gibel Hamam / Bamburgh"/><tag k="INFORM" v="180ft x 29ft sunk in 1918"/><tag k="DUNITS" v="1"/><tag k="CATWRK" v="1"/></node>
</create><create><node lat="6518300" lon="-331608" timestamp="2015-09-22T13:58:43Z" username="AndrewSCarter"><tag k="OBJCOD" v="WRECKS"/><tag k="VALSOU" v=" "/><tag k="OBJNAM" v="Marguerite"/><tag k="INFORM" v="260ft x 37ft sunk 1917 AKA Benny's Wreck&#10;rises 7.5m from sea bed"/><tag k="DUNITS" v="1"/><tag k="CATWRK" v="1"/></node>
</create></bound>