<?xml version="1.0" encoding="UTF-8"?><bound box="6268624,-430510,6288136,-410941"><create><node lat="6286182" lon="-423335" timestamp="2012-09-25T11:43:16Z" username="Gen"><tag k="OBJCOD" v="WRECKS"/><tag k="DUNITS" v="1"/><tag k="CATWRK" v="1"/>
            
            
            
        </node>
</create><create><node lat="6287330" lon="-417509" timestamp="2012-09-25T11:44:41Z" username="Gen"><tag k="OBJCOD" v="WRECKS"/><tag k="DUNITS" v="1"/><tag k="CATWRK" v="1"/>
            
            
            
        </node>
</create></bound>