<?xml version="1.0" encoding="UTF-8"?><bound box="8123338,-313098,8142871,-293529"><create><node lat="8126997" lon="-306341" timestamp="2013-05-12T16:24:48Z" username="Seaeagle"><tag k="OBJCOD" v="SLCONS"/><tag k="OBJNAM" v="The Geo Slipways"/><tag k="INFORM" v="Owned by The Deerness Small Boat Owners Association. An all tide launch and retrieval facility."/><tag k="CATSLC" v="12"/>
            
            
            
            
        
            
            
        
            
            
        </node>
</create></bound>