<?xml version="1.0" encoding="UTF-8"?><bound box="7088352,-332667,7107875,-313098"><create><node lat="7088385" lon="-318428" timestamp="2013-12-14T13:16:57Z" username="Carl_riley"><tag k="OBJCOD" v="psgiio"/><tag k="catser" v="2"/><tag k="zipcde" v=" "/><tag k="websit" v=" "/><tag k="telnum" v="01772631661"/><tag k="strnam" v="Maze Lane"/><tag k="citynm" v=" "/><tag k="OBJNAM" v="freckleton boatyard"/><tag k="INFORM" v=" "/>
            
            
            
            
            
            
            
            
            
        </node>
</create></bound>