<?xml version="1.0" encoding="UTF-8"?><bound box="4162976,-332667,4182456,-313098"><create><node lat="4164580" lon="-325469" timestamp="2014-04-15T08:34:34Z" username="florian taillandier "><tag k="OBJCOD" v="SOUNDG"/><tag k="DUNITS" v="1"/>
            
            
        </node>
</create><modify><node lat="4164610" lon="-325537" timestamp="2014-04-10T08:39:21Z" username="florian taillandier "><tag k="OBJCOD" v="SMACRA"/><tag k="ofsety" v="-106"/><tag k="ofsetx" v="-283"/><tag k="CATSMC" v="1"/>
            
            
            
            
        </node>
</modify><modify><node lat="4169043" lon="-323783" timestamp="2015-08-23T16:20:27Z" username="Panta Rei" average_rating="1" reviews_count="1" rating_count="1"><tag k="OBJCOD" v="SMACRA"/><tag k="trnbth" v=" "/><tag k="ofsety" v="-70"/><tag k="ofsetx" v="-71"/><tag k="numvhf" v="Ch. 9"/><tag k="maxlen" v=" "/><tag k="dckdph" v=" "/><tag k="ZIPCDE" v=" "/><tag k="WEBSIT" v=" "/><tag k="TELNUM" v=" "/><tag k="STRNAM" v=" "/><tag k="OBJNAM" v="Marina Atalayoun"/><tag k="INFORM" v="when passend the entrance to the lagoon, follow the boyed chanel."/><tag k="CITYNM" v=" "/><tag k="CATSMC" v="1"/></node>
</modify><create><node lat="4174776" lon="-327145" timestamp="2014-03-11T13:40:31Z" username="unknown"><tag k="OBJCOD" v="WRECKS"/><tag k="DUNITS" v="4"/><tag k="CATWRK" v="2"/>
            
            
            
        </node>
</create><create><node lat="4174793" lon="-327237" timestamp="2014-03-11T15:11:15Z" username="unknown"><tag k="OBJCOD" v="psgiio"/><tag k="catser" v="125"/><tag k="OBJNAM" v="boya"/>
            
            
            
        </node>
</create><create><node lat="4177047" lon="-326799" timestamp="2014-07-03T18:51:37Z" username="naish666"><tag k="OBJCOD" v="psgiio"/><tag k="catser" v="130"/><tag k="zipcde" v=" "/><tag k="websit" v="http://www.clubanforamelilla.com"/><tag k="telnum" v="606957579"/><tag k="strnam" v="Calle Cabo Cañon Antonio Mesa 39"/><tag k="citynm" v="Melilla"/><tag k="OBJNAM" v="Club Anfora de Actividades Subacuaticas"/><tag k="INFORM" v="Hacemos salidas de buceo y damos cursos y bautismos."/>
            
            
            
            
            
            
            
            
            
        </node>
</create><create><node lat="4177315" lon="-327014" timestamp="2012-09-03T00:39:05Z" username="lolomiguel"><tag k="OBJCOD" v="BOYLAT"/><tag k="COLOUR" v="3"/><tag k="BOYSHP" v="1"/>
            
            
            
            <slave>
                <tag k="OBJCOD" v="FOGSIG"/>
            </slave>
        </node>
</create><modify><node lat="4177568" lon="-326074" timestamp="2011-10-09T05:10:45Z" username="marengolazaro"><tag k="OBJCOD" v="WRECKS"/><tag k="OBJNAM" v="Collindale"/><tag k="INFORM" v="212Â°/975 m de la luz 2 (92711)"/><tag k="DUNITS" v="1"/>
            
            
            
            
        </node>
</modify><delete><node lat="4177600" lon="-325424" timestamp="2011-07-31T21:18:52Z" username="unknown"><tag k="OBJCOD" v="UWTROC"/>
            
        </node>
</delete><create><node lat="4177764" lon="-328017" timestamp="2013-04-20T20:39:07Z" username="profan"><tag k="OBJCOD" v="WRECKS"/><tag k="VALSOU" v="90"/><tag k="OBJNAM" v="sola"/><tag k="DUNITS" v="1"/><tag k="CATWRK" v="5"/>
            
            
            
            
            
        </node>
</create><modify><node lat="4177970" lon="-324858" timestamp="2010-11-05T23:13:07Z"><tag k="OBJCOD" v="LIGHTS"/><tag k="COLOUR" v="3"/><tag k="OBJNAM" v="Fl(2)R6s8m5M"/>
            
            
            
        </node>
</modify><create><node lat="4178215" lon="-322829" timestamp="2011-08-22T18:29:46Z" username="unknown"><tag k="OBJCOD" v="WRECKS"/><tag k="DUNITS" v="1"/><tag k="CATWRK" v="1"/>
            
            
            
        </node>
</create><delete><node lat="4178296" lon="-326540" timestamp="2011-10-09T05:21:44Z" username="marengolazaro"><tag k="OBJCOD" v="LIGHTS"/><tag k="COLOUR" v="1"/>
            
            
        </node>
</delete><delete><node lat="4178306" lon="-325227" timestamp="2014-12-16T21:44:02Z" username="marengo"><tag k="OBJCOD" v="SMACRA"/><tag k="ofsety" v="36"/><tag k="ofsetx" v="177"/><tag k="CATSMC" v="1"/>
            
            
            
            
        </node>
</delete><modify><node lat="4178333" lon="-326323" timestamp="2015-04-15T22:07:03Z" username="unknown"><tag k="OBJCOD" v="psgiio"/><tag k="catser" v="3"/></node>
</modify><modify><node lat="4178371" lon="-324796" timestamp="2011-10-09T05:29:32Z" username="marengolazaro"><tag k="OBJCOD" v="WRECKS"/><tag k="VALSOU" v="12,5"/><tag k="DUNITS" v="1"/>
            
            
            
        </node>
</modify><create><node lat="4178394" lon="-327453" timestamp="2011-04-30T05:06:46Z" username="unknown"><tag k="OBJCOD" v="ACHBRT"/><tag k="OBJNAM" v="Puerto Noray"/>
            
            
        </node>
</create><create><node lat="4178414" lon="-326782" timestamp="2014-07-03T18:45:29Z" username="naish666"><tag k="OBJCOD" v="psgiio"/><tag k="catser" v="130"/><tag k="zipcde" v=" "/><tag k="websit" v=" "/><tag k="telnum" v="658038831"/><tag k="strnam" v=" "/><tag k="citynm" v="Melilla"/><tag k="OBJNAM" v="Federacion Melillense de Actividades Subacuaticas (FMELDAS)"/><tag k="INFORM" v="Federacion FEDAS de buceo"/>
            
            
            
            
            
            
            
            
            
        </node>
</create><create><node lat="4178527" lon="-326837" timestamp="2012-12-09T19:23:45Z" username="unknown"><tag k="OBJCOD" v="hotspt"/><tag k="catspt" v="2"/><tag k="OBJNAM" v="Asoc. Melillense de Submarinismo"/><tag k="INFORM" v="Buceo deportivo, cursos, inmersiones"/><tag k="DUNITS" v="1"/>
            
            
            
            
            
        
            
            
            
            
        
            
            
            
            
        </node>
</create><create><node lat="4178556" lon="-326626" timestamp="2012-05-10T16:40:42Z" username="Kositrawa"><tag k="OBJCOD" v="SMACRA"/><tag k="trnbth" v="yes"/><tag k="ofsety" v="0"/><tag k="ofsetx" v="0"/><tag k="numvhf" v="9"/><tag k="maxlen" v=" "/><tag k="dckdph" v=" "/><tag k="ZIPCDE" v=" "/><tag k="WEBSIT" v=" "/><tag k="TELNUM" v=" "/><tag k="STRNAM" v=" "/><tag k="SRVLST" v="28"/><tag k="OBJNAM" v="Melilla"/><tag k="INFORM" v=" "/><tag k="CITYNM" v=" "/><tag k="CATSMC" v="1"/>
            
            
            
            
            
            
            
            
            
            
            
            
            
            
            
            
        </node>
</create><modify><node lat="4178591" lon="-325447" timestamp="2011-06-27T11:14:59Z" username="marengolazaro"><tag k="OBJCOD" v="LIGHTS"/><tag k="COLOUR" v="4"/><tag k="INFORM" v="Faro de entrada"/>
            
            
            
        </node>
</modify><modify><node lat="4178698" lon="-326502" timestamp="2011-06-27T11:06:50Z" username="marengolazaro"><tag k="OBJCOD" v="LIGHTS"/><tag k="COLOUR" v="3"/><tag k="INFORM" v="Bif.C.Ppal.Er"/>
            
            
            
        </node>
</modify><create><node lat="4178700" lon="-326501" timestamp="2011-10-09T05:19:45Z" username="marengolazaro"><tag k="OBJCOD" v="BCNLAT"/><tag k="OBJNAM" v="Ex.C.Minerales"/><tag k="INFORM" v="Canal Ppal. Er."/><tag k="COLOUR" v="3;4;3"/><tag k="BCNSHP" v="5"/>
            
            
            
            
            
            <slave>
                <tag k="OBJCOD" v="LIGHTS"/>
                <tag k="COLOUR" v="3"/>
            </slave>
        </node>
</create><create><node lat="4178720" lon="-325592" timestamp="2011-10-09T04:42:18Z" username="marengolazaro"><tag k="OBJCOD" v="gennav"/><tag k="OBJNAM" v="NE3"/><tag k="INFORM" v="164Â°/337 m"/>
            
            
            
        </node>
</create><modify><node lat="4178813" lon="-326722" timestamp="2010-10-08T09:39:06Z"><tag k="OBJCOD" v="MORFAC"/>
            
        </node>
</modify><create><node lat="4178871" lon="-326312" timestamp="2011-06-27T11:14:03Z" username="marengolazaro"><tag k="OBJCOD" v="BCNLAT"/><tag k="INFORM" v="Esquina Rivera 1-2&#10;GpD(2+1)v/12 seg"/><tag k="COLOUR" v="4;3;4"/><tag k="BCNSHP" v="5"/>
            
            
            
            
            
        
            
            
            <slave>
                <tag k="OBJCOD" v="LIGHTS"/>
                <tag k="COLOUR" v="4"/>
            </slave>
        </node>
</create><modify><node lat="4178874" lon="-326312" timestamp="2011-06-27T11:05:55Z" username="marengolazaro"><tag k="OBJCOD" v="LIGHTS"/><tag k="COLOUR" v="4"/><tag k="INFORM" v="Bif.C.Ppal.Br"/>
            
            
            
        </node>
</modify><create><node lat="4179006" lon="-329881" timestamp="2013-11-22T22:55:08Z" username="unknown"><tag k="OBJCOD" v="hotspt"/><tag k="catspt" v="1"/><tag k="OBJNAM" v="farallones 1"/><tag k="DUNITS" v="1"/>
            
            
            
            
        </node>
</create><create><node lat="4179019" lon="-329891" timestamp="2015-08-04T05:43:16Z" username="enremacasa"><tag k="OBJCOD" v="UWTROC"/><tag k="WATLEV" v="3"/><tag k="VALSOU" v="0,3"/><tag k="OBJNAM" v="Laja del tío pinar"/><tag k="DUNITS" v="1"/></node>
</create><modify><node lat="4179051" lon="-326681" timestamp="2010-11-05T23:16:48Z"><tag k="OBJCOD" v="LIGHTS"/><tag k="COLOUR" v="4"/><tag k="INFORM" v="Fl(2)G7s1m1M"/>
            
            
            
        </node>
</modify><modify><node lat="4179060" lon="-326715" timestamp="2010-11-05T23:20:14Z"><tag k="OBJCOD" v="LIGHTS"/><tag k="COLOUR" v="3"/><tag k="INFORM" v="FlR(2,5)s1m1M"/>
            
            
            
        </node>
</modify><create><node lat="4179135" lon="-329873" timestamp="2014-05-27T12:51:44Z" username="Pioly"><tag k="OBJCOD" v="ACHBRT"/>
            
        </node>
</create><create><node lat="4179423" lon="-327349" timestamp="2012-04-15T21:33:36Z" username="calairis"><tag k="OBJCOD" v="BOYISD"/><tag k="OBJNAM" v="La farola"/><tag k="INFORM" v="Seco de cota máxima 16m y un fondo de 25/26m"/><tag k="COLOUR" v="2;3;2"/><tag k="BOYSHP" v="4"/>
            
            
            
            
            
            <slave>
                <tag k="OBJCOD" v="TOPMAR"/>
                <tag k="TOPSHP" v="4"/>
            </slave>
        </node>
</create><delete><node lat="4181398" lon="-323921" timestamp="2011-07-04T06:41:53Z" username="marengolazaro"><tag k="OBJCOD" v="ACHBRT"/><tag k="OBJNAM" v="MM.PP"/><tag k="INFORM" v="35-18,6N&#10;002-54,6W"/>
            
            
            
        </node>
</delete><create><node lat="4181456" lon="-317903" timestamp="2015-07-16T10:03:16Z" username="nachopaul"><tag k="OBJCOD" v="gennav"/><tag k="OBJNAM" v="Area de tiro"/></node>
</create><create><node lat="4181458" lon="-323962" timestamp="2011-07-04T06:32:12Z" username="marengolazaro"><tag k="OBJCOD" v="ACHBRT"/><tag k="OBJNAM" v="MM.PP"/><tag k="INFORM" v="35-18,6N&#10;002-54,6W"/>
            
            
            
        </node>
</create><create><node lat="4182414" lon="-327106" timestamp="2013-12-30T11:52:30Z" username="naish666"><tag k="OBJCOD" v="hotspt"/><tag k="catspt" v="2"/><tag k="VALSOU" v="22"/><tag k="OBJNAM" v="Laja del ancla"/><tag k="DUNITS" v="1"/>
            
            
            
            
            
        </node>
</create><create><node lat="4182415" lon="-327107" timestamp="2013-10-16T16:36:32Z" username="unknown"><tag k="OBJCOD" v="UWTROC"/><tag k="WATLEV" v="3"/><tag k="VALSOU" v="22"/><tag k="OBJNAM" v="Laja del ancla"/><tag k="DUNITS" v="1"/>
            
            
            
            
            
        </node>
</create><create><node lat="4182430" lon="-327286" timestamp="2013-12-30T11:48:05Z" username="naish666"><tag k="OBJCOD" v="hotspt"/><tag k="catspt" v="2"/><tag k="VALSOU" v="22"/><tag k="OBJNAM" v="Laja del Ancla"/><tag k="DUNITS" v="1"/>
            
            
            
            
            
        </node>
</create></bound>