<?xml version="1.0" encoding="UTF-8"?><bound box="7517898,-410941,7537425,-391372"><create><node lat="7518928" lon="-404149" timestamp="2013-02-08T21:53:41Z" username="silver darling"><tag k="OBJCOD" v="OFSPLF"/>
            
        </node>
</create><create><node lat="7518933" lon="-404147" timestamp="2013-02-11T10:32:50Z" username="silver darling"><tag k="OBJCOD" v="WRECKS"/><tag k="OBJNAM" v="Kipling"/><tag k="DUNITS" v="1"/><tag k="CATWRK" v="5"/>
            
            
            
            
        </node>
</create><create><node lat="7523933" lon="-392038" timestamp="2015-09-13T08:17:27Z" username="vivacity"><tag k="OBJCOD" v="psgiio"/><tag k="catser" v="81"/><tag k="zipcde" v="EH49 7NQ"/><tag k="websit" v="www.blacknessbc.co.uk"/><tag k="telnum" v="07968837923"/><tag k="strnam" v="Blackness"/><tag k="numvhf" v=" "/><tag k="citynm" v="Falkirk"/><tag k="OBJNAM" v="Blackness Boat Club"/><tag k="INFORM" v="Pier and anchorage founded 1972"/></node>
</create><create><node lat="7523979" lon="-392041" timestamp="2015-09-12T23:54:52Z" username="vivacity"><tag k="OBJCOD" v="SLCONS"/><tag k="OBJNAM" v="ramp"/><tag k="INFORM" v=" "/><tag k="CATSLC" v="12"/></node>
</create><create><node lat="7524075" lon="-392044" timestamp="2011-04-01T18:33:47Z" username="unknown"><tag k="OBJCOD" v="ACHBRT"/><tag k="OBJNAM" v="Blackness"/><tag k="INFORM" v="Nice little boat club next to Blackness castle &#10;Good bar nice views"/>
            
            
            
        </node>
</create><create><node lat="7526315" lon="-397547" timestamp="2015-09-13T00:01:15Z" username="vivacity"><tag k="OBJCOD" v="psgiio"/><tag k="catser" v="2"/><tag k="zipcde" v=" "/><tag k="websit" v="www.carridenboatyard.co.uk"/><tag k="telnum" v=" "/><tag k="strnam" v=" "/><tag k="citynm" v=" "/><tag k="OBJNAM" v="Carriden Boatyard"/><tag k="INFORM" v="storage yard"/></node>
</create><create><node lat="7526365" lon="-397507" timestamp="2015-09-12T23:55:57Z" username="vivacity"><tag k="OBJCOD" v="SLCONS"/><tag k="OBJNAM" v="ramp"/><tag k="INFORM" v=" "/><tag k="CATSLC" v="12"/></node>
</create><create><node lat="7526752" lon="-399912" timestamp="2015-09-13T00:15:34Z" username="vivacity"><tag k="OBJCOD" v="psgiio"/><tag k="catser" v="81"/><tag k="zipcde" v="EH51 9TD"/><tag k="websit" v="www.ufbc.co.uk"/><tag k="telnum" v=" "/><tag k="strnam" v="Haney's Way, Grangepans"/><tag k="numvhf" v=" "/><tag k="citynm" v="Bo'ness"/><tag k="OBJNAM" v="Upper Forth Boat Club"/><tag k="INFORM" v=" "/></node>
</create><create><node lat="7526796" lon="-399884" timestamp="2015-09-12T23:58:05Z" username="vivacity"><tag k="OBJCOD" v="psgiio"/><tag k="catser" v="135"/><tag k="OBJNAM" v=" "/><tag k="INFORM" v=" "/></node>
</create><create><node lat="7526983" lon="-399750" timestamp="2015-09-13T00:13:54Z" username="vivacity"><tag k="OBJCOD" v="ACHBRT"/><tag k="OBJNAM" v="Upper Forth Boat Club Swing Moorings"/><tag k="INFORM" v="www.ufbc.co.uk"/></node>
</create><create><node lat="7527080" lon="-401555" timestamp="2015-09-13T00:08:49Z" username="vivacity"><tag k="OBJCOD" v="gennav"/><tag k="OBJNAM" v="Bo'ness Harbour - CLOSED - 1959"/><tag k="INFORM" v="closed June 30th 1959"/></node>
</create><modify><node lat="7530544" lon="-409857" timestamp="2015-09-13T00:22:51Z" username="vivacity"><tag k="OBJCOD" v="SMACRA"/><tag k="trnbth" v="No"/><tag k="ofsety" v="0"/><tag k="ofsetx" v="0"/><tag k="numvhf" v="CH 14 / pilot CH 72"/><tag k="maxlen" v=" "/><tag k="dckdph" v=" "/><tag k="ZIPCDE" v=" "/><tag k="WEBSIT" v="www.forthports.co.uk"/><tag k="TELNUM" v=" "/><tag k="STRNAM" v=" "/><tag k="OBJNAM" v="Port of Grangemouth - Commercial"/><tag k="INFORM" v="Forth and Tay Navigation Service CH 71 Tel 01324498584"/><tag k="CITYNM" v=" "/><tag k="CATSMC" v="1"/></node>
</modify><create><node lat="7533825" lon="-404150" timestamp="2015-09-13T00:31:33Z" username="vivacity"><tag k="OBJCOD" v="ACHBRT"/><tag k="OBJNAM" v="Cochrane Haven - small craft - dries out"/><tag k="INFORM" v=" "/></node>
</create></bound>