<?xml version="1.0" encoding="UTF-8"?><bound box="4903458,-410941,4922950,-391372"><create><node lat="4903988" lon="-407439" timestamp="2014-10-09T06:52:31Z" username="jclo"><tag k="OBJCOD" v="BOYSPP"/><tag k="OBJNAM" v="Catapirates"/><tag k="COLOUR" v="6"/><tag k="BOYSHP" v="5"/>
            
            
            
            
            <slave>
                <tag k="OBJCOD" v="FOGSIG"/>
            </slave>
            <slave>
                <tag k="OBJCOD" v="LIGHTS"/>
                <tag k="COLOUR" v="12"/>
            </slave>
        </node>
</create><create><node lat="4905000" lon="-399590" timestamp="2015-05-28T20:51:44Z" username="kktua"><tag k="OBJCOD" v="BOYLAT"/><tag k="OBJNAM" v="Boya Salida conjunta"/><tag k="INFORM" v=" "/><tag k="COLOUR" v="3"/><tag k="BOYSHP" v="1"/></node>
</create><create><node lat="4905245" lon="-409442" timestamp="2013-06-16T10:51:42Z" username="jgodos"><tag k="OBJCOD" v="gennav"/><tag k="OBJNAM" v="Papi Luis mers"/><tag k="INFORM" v="Primo del papi"/>
            
            
            
        </node>
</create><create><node lat="4905935" lon="-407443" timestamp="2011-11-29T18:34:03Z" username="unknown"><tag k="OBJCOD" v="BOYLAT"/><tag k="OBJNAM" v="Playa cambrils"/><tag k="COLOUR" v="3;4;3"/><tag k="BOYSHP" v="1"/>
            
            
            
            
            <slave>
                <tag k="OBJCOD" v="LIGHTS"/>
                <tag k="COLOUR" v="3"/>
            </slave>
        </node>
</create><create><node lat="4905935" lon="-407443" timestamp="2011-11-29T18:35:41Z" username="unknown"><tag k="OBJCOD" v="BCNLAT"/><tag k="OBJNAM" v="Rojo verde"/><tag k="INFORM" v="Playa cambrils"/><tag k="COLOUR" v="3;4"/><tag k="BCNSHP" v="5"/>
            
            
            
            
            
            <slave>
                <tag k="OBJCOD" v="LIGHTS"/>
                <tag k="COLOUR" v="3"/>
            </slave>
        </node>
</create><create><node lat="4909314" lon="-407027" timestamp="2012-06-11T17:11:33Z" username="zzbht8"><tag k="OBJCOD" v="psgiio"/><tag k="catser" v="81"/><tag k="OBJNAM" v="Real club náutico de Valencia"/>
            
            
            
        </node>
</create><create><node lat="4912584" lon="-405718" timestamp="2011-11-10T15:56:46Z" username="gargamuza"><tag k="OBJCOD" v="BCNLAT"/><tag k="COLOUR" v="4;3;4"/><tag k="BCNSHP" v="5"/>
            
            
            
        </node>
</create><create><node lat="4912614" lon="-405323" timestamp="2012-03-09T06:42:45Z" username="PedroCaro"><tag k="OBJCOD" v="LNDELV"/><tag k="HUNITS" v="1"/>
            
            
        </node>
</create><delete><node lat="4918211" lon="-403583" timestamp="2012-12-17T16:45:21Z" username="kany"><tag k="OBJCOD" v="psgiio"/><tag k="catser" v="3"/>
            
            
        </node>
</delete></bound>