<?xml version="1.0" encoding="UTF-8"?><bound box="5371356,-332667,5390856,-313098"><create><node lat="5372328" lon="-326196" timestamp="2015-04-10T22:08:16Z" username="unknown"><tag k="OBJCOD" v="hotspt"/><tag k="catspt" v="1"/><tag k="OBJNAM" v="Justu Manku"/><tag k="DUNITS" v="4"/></node>
</create><create><node lat="5372583" lon="-316732" timestamp="2015-04-10T22:05:41Z" username="unknown"><tag k="OBJCOD" v="hotspt"/><tag k="catspt" v="1"/><tag k="OBJNAM" v="Txille Manku"/><tag k="DUNITS" v="4"/></node>
</create><create><node lat="5373594" lon="-319499" timestamp="2015-05-11T08:38:31Z" username="josimesus"><tag k="OBJCOD" v="gennav"/><tag k="OBJNAM" v="Apo"/></node>
</create><create><node lat="5373598" lon="-319511" timestamp="2015-04-10T22:06:26Z" username="unknown"><tag k="OBJCOD" v="hotspt"/><tag k="catspt" v="1"/><tag k="OBJNAM" v="Apo"/><tag k="DUNITS" v="4"/></node>
</create><create><node lat="5375636" lon="-329334" timestamp="2015-04-10T22:11:41Z" username="unknown"><tag k="OBJCOD" v="hotspt"/><tag k="catspt" v="1"/><tag k="OBJNAM" v="Basamendi"/><tag k="DUNITS" v="4"/></node>
</create><create><node lat="5383858" lon="-326815" timestamp="2015-04-10T22:15:00Z" username="unknown"><tag k="OBJCOD" v="hotspt"/><tag k="catspt" v="1"/><tag k="OBJNAM" v="Residencia de Godzila"/><tag k="INFORM" v="kapturas"/><tag k="DUNITS" v="4"/></node>
</create></bound>