<?xml version="1.0" encoding="UTF-8"?><bound box="4883966,-410941,4903458,-391372"><create><node lat="4887067" lon="-391727" timestamp="2011-05-16T20:38:49Z" username="unknown"><tag k="OBJCOD" v="FSHFAC"/><tag k="OBJNAM" v="Roqueda chino"/>
            
            
        </node>
</create><delete><node lat="4898016" lon="-409138" timestamp="2011-02-10T23:11:04Z" username="unknown"><tag k="OBJCOD" v="psgiio"/><tag k="catser" v="22"/>
            
            
        </node>
</delete><create><node lat="4899318" lon="-407715" timestamp="2014-01-04T19:06:56Z" username="CIAM"><tag k="OBJCOD" v="SOUNDG"/><tag k="VALSOU" v="3,00"/><tag k="DUNITS" v="1"/>
            
            
            
        </node>
</create><create><node lat="4899702" lon="-410715" timestamp="2013-07-07T22:23:32Z" username="pedro49"><tag k="OBJCOD" v="SOUNDG"/><tag k="VALSOU" v="2"/><tag k="DUNITS" v="1"/>
            
            
            
        </node>
</create><create><node lat="4899858" lon="-409632" timestamp="2011-10-07T08:23:42Z" username="MJLag"><tag k="OBJCOD" v="gennav"/><tag k="OBJNAM" v="Chalet"/>
            
            
        </node>
</create><create><node lat="4899901" lon="-401526" timestamp="2013-11-17T03:09:12Z" username="unknown"><tag k="OBJCOD" v="psgiio"/><tag k="catser" v="131"/><tag k="OBJNAM" v="ademÃ¡s"/>
            
            
            
        </node>
</create><create><node lat="4902479" lon="-410919" timestamp="2011-04-12T14:17:31Z" username="unknown"><tag k="OBJCOD" v="hotspt"/><tag k="catspt" v="2"/><tag k="OBJNAM" v="La Ermita"/><tag k="DUNITS" v="4"/>
            
            
            
            
        </node>
</create><create><node lat="4902823" lon="-408508" timestamp="2012-12-12T19:25:16Z" username="Chema77"><tag k="OBJCOD" v="SOUNDG"/><tag k="DUNITS" v="1"/>
            
            
        </node>
</create></bound>