<?xml version="1.0" encoding="UTF-8"?><bound box="4416248,-391372,4435733,-371804"><modify><node lat="4426493" lon="-378375" timestamp="2014-01-11T21:24:12Z" username="danipiru"><tag k="OBJCOD" v="SMACRA"/><tag k="ofsety" v="0"/><tag k="ofsetx" v="0"/><tag k="CATSMC" v="9"/>
            
            
            
            
        </node>
</modify><create><node lat="4435710" lon="-382798" timestamp="2012-01-16T17:36:57Z" username="Chazzet97"><tag k="OBJCOD" v="psgiio"/><tag k="catser" v="31"/><tag k="OBJNAM" v="Guejar Sierra"/>
            
            
            
        </node>
</create></bound>