<?xml version="1.0" encoding="UTF-8"?><bound box="6405215,-469647,6424729,-450078"><create><node lat="6414501" lon="-463615" timestamp="2013-07-07T06:26:27Z" username="fishydaveduke"><tag k="OBJCOD" v="WRECKS"/><tag k="OBJNAM" v="Tony"/><tag k="DUNITS" v="1"/><tag k="CATWRK" v="1"/>
            
            
            
            
        </node>
</create><create><node lat="6414896" lon="-460745" timestamp="2015-07-23T16:46:08Z" username="jamie3"><tag k="OBJCOD" v="hotspt"/><tag k="catspt" v="1"/><tag k="VALSOU" v=" "/><tag k="OBJNAM" v="CITY OF ANTWERP"/><tag k="INFORM" v="fishing wreck"/><tag k="DUNITS" v="1"/></node>
</create></bound>