<?xml version="1.0" encoding="UTF-8"?><bound box="7654594,-293529,7674122,-273961"><create><node lat="7664077" lon="-274834" timestamp="2011-07-24T23:12:40Z" username="unknown"><tag k="OBJCOD" v="gennav"/><tag k="OBJNAM" v="first trip MTS"/><tag k="INFORM" v="o.k bit boring&#10;"/>
            
            
            
        </node>
</create><create><node lat="7667703" lon="-276510" timestamp="2011-06-14T19:40:40Z" username="bing65"><tag k="OBJCOD" v="WRECKS"/><tag k="OBJNAM" v="Inside Wreck"/><tag k="DUNITS" v="1"/><tag k="CATWRK" v="1"/>
            
            
            
            
        </node>
</create></bound>