<?xml version="1.0" encoding="UTF-8"?><bound box="4318830,-391372,4338313,-371804"><create><node lat="4327089" lon="-386821" timestamp="2014-02-07T19:54:26Z" username="juanca"><tag k="OBJCOD" v="psgiio"/><tag k="catser" v="114"/><tag k="OBJNAM" v="Sierra nevada"/>
            
            
            
        </node>
</create><create><node lat="4333121" lon="-384500" timestamp="2013-09-16T08:28:49Z" username="Girigolo"><tag k="OBJCOD" v="UWTROC"/><tag k="WATLEV" v="4"/><tag k="VALSOU" v=" "/><tag k="OBJNAM" v=" "/><tag k="INFORM" v=" "/><tag k="DUNITS" v="1"/>
            
            
            
            
            
            
        </node>
</create></bound>