<?xml version="1.0" encoding="UTF-8"?><bound box="6151556,-469647,6171067,-450078"><create><node lat="6154684" lon="-466557" timestamp="2013-07-29T22:03:22Z" username="unknown"><tag k="OBJCOD" v="FSHFAC"/><tag k="OBJNAM" v="ghji"/>
            
            
        </node>
</create><create><node lat="6160669" lon="-463214" timestamp="2015-05-02T13:53:54Z" username="guillaume234"><tag k="OBJCOD" v="BCNLAT"/><tag k="OBJNAM" v="vh"/><tag k="INFORM" v=" "/><tag k="COLOUR" v="4"/><tag k="BCNSHP" v="5"/></node>
</create></bound>