<?xml version="1.0" encoding="UTF-8"?><bound box="6463757,-469647,6483272,-450078"><create><node lat="6464533" lon="-461530" timestamp="2012-06-27T21:34:09Z" username="alextbsac0456"><tag k="OBJCOD" v="hotspt"/><tag k="catspt" v="2"/><tag k="OBJNAM" v="The Dropoff"/><tag k="INFORM" v="30-42 m"/><tag k="DUNITS" v="1"/>
            
            
            
            
            
        </node>
</create><create><node lat="6464824" lon="-450247" timestamp="2012-02-17T21:59:22Z" username="Sharkham"><tag k="OBJCOD" v="gennav"/><tag k="OBJNAM" v="Old Lookout"/><tag k="INFORM" v="Easily seen. No light. Disused."/>
            
            
            
        </node>
</create><create><node lat="6465610" lon="-463923" timestamp="2013-08-05T08:44:29Z" username="fishydaveduke"><tag k="OBJCOD" v="WRECKS"/><tag k="OBJNAM" v="Le polemic"/><tag k="DUNITS" v="1"/><tag k="CATWRK" v="1"/>
            
            
            
            
        </node>
</create><modify><node lat="6466847" lon="-464428" timestamp="2012-05-12T20:35:09Z" username="alextbsac0456"><tag k="OBJCOD" v="WRECKS"/><tag k="OBJNAM" v="The Elk"/><tag k="INFORM" v="Small trawler in 32 m near the Shipping Lane"/><tag k="DUNITS" v="1"/>
            
            
            
            
        </node>
</modify><modify><node lat="6467188" lon="-466292" timestamp="2013-11-03T14:55:06Z" username="Whistler"><tag k="OBJCOD" v="WRECKS"/>
            
        </node>
</modify><create><node lat="6467387" lon="-452629" timestamp="2012-02-12T19:33:32Z" username="Sharkham"><tag k="OBJCOD" v="ACHBRT"/><tag k="OBJNAM" v="Cellar beach"/><tag k="INFORM" v="Great fair weather mooring.  Not so good in a SW wind.  Need a tender to get to local pubs."/>
            
            
            
        </node>
</create><create><node lat="6467399" lon="-467667" timestamp="2013-11-03T14:42:02Z" username="Whistler"><tag k="OBJCOD" v="WRECKS"/><tag k="WATLEV" v="3"/><tag k="OBJNAM" v="Coronation"/><tag k="CATWRK" v="1"/>
            
            
            
            
        </node>
</create><create><node lat="6467420" lon="-457014" timestamp="2012-02-12T19:30:23Z" username="Sharkham"><tag k="OBJCOD" v="UWTROC"/><tag k="WATLEV" v="3"/><tag k="OBJNAM" v="Between Mewstone and mainland"/><tag k="INFORM" v="Very shallow at low water and still tricky at high.  Best advice; go to the south of the Mewstone at all times."/><tag k="DUNITS" v="1"/>
            
            
            
            
            
        </node>
</create><create><node lat="6467499" lon="-451133" timestamp="2011-07-09T15:20:19Z" username="hamish.moffatt"><tag k="OBJCOD" v="MORFAC"/><tag k="OBJNAM" v="RNSA"/>
            
            
        </node>
</create><create><node lat="6467606" lon="-451086" timestamp="2015-06-24T16:48:29Z" username="phodger"><tag k="OBJCOD" v="SMACRA"/><tag k="trnbth" v="Yes"/><tag k="ofsety" v="0"/><tag k="ofsetx" v="0"/><tag k="OBJNAM" v="Visitors' pontoon"/><tag k="INFORM" v="46m long pontoon. Can take about 26 rafted boats 3 abreast."/><tag k="CATSMC" v="1"/></node>
</create><create><node lat="6467953" lon="-452072" timestamp="2014-03-24T12:08:17Z" username="CapnJohn"><tag k="OBJCOD" v="BCNSPP"/><tag k="OBJNAM" v="River Yealm Inner Transit"/><tag k="INFORM" v="White red white beacons one above the other are the second pair of transits this one after you round the second of two reds on the entrance&#10;&#10;Note that some charts only show one of the transits, as the second used to be located opposite, close to the bar."/><tag k="COLOUR" v="2"/><tag k="BCNSHP" v="5"/>
            
            
            
            
            
        
            
            
        </node>
</create><modify><node lat="6467978" lon="-450975" timestamp="2010-12-25T17:42:43Z"><tag k="OBJCOD" v="SMACRA"/><tag k="ofsety" v="226"/><tag k="ofsetx" v="181"/><tag k="CATSMC" v="1"/>
            
            
            
            
        </node>
</modify><create><node lat="6467983" lon="-451131" timestamp="2013-07-30T23:08:18Z" username="gibbd001"><tag k="OBJCOD" v="psgiio"/><tag k="catser" v="129"/><tag k="citynm" v="Newton Ferrers"/><tag k="OBJNAM" v="Yealm Steps"/><tag k="INFORM" v="Short stay pontoon.  A drop off and pick up point.  Fresh water.  Access to Harbour Masters office. Dinghy/tenders can be tied up here."/>
            
            
            
            
            
        
            
            
            
        </node>
</create><create><node lat="6467983" lon="-451125" timestamp="2014-07-16T13:53:59Z" username="NUK"><tag k="OBJCOD" v="gennav"/><tag k="OBJNAM" v="Blackwater pump out station"/><tag k="INFORM" v="Telephone: 01752 872533&#10;VHF: 80"/>
            
            
            
        </node>
</create><modify><node lat="6468084" lon="-465835" timestamp="2011-05-17T11:36:36Z" username="unknown"><tag k="OBJCOD" v="BOYLAT"/>
            
        </node>
</modify><create><node lat="6468102" lon="-460621" timestamp="2012-06-25T20:05:05Z" username="alextbsac0456"><tag k="OBJCOD" v="OBSTRN"/><tag k="OBJNAM" v="Tinker Shoal"/><tag k="DUNITS" v="1"/>
            
            
            
        </node>
</create><create><node lat="6468281" lon="-459264" timestamp="2011-08-30T07:35:02Z" username="Woz"><tag k="OBJCOD" v="WRECKS"/><tag k="VALSOU" v="15"/><tag k="OBJNAM" v="Glen Strathallen"/><tag k="DUNITS" v="1"/><tag k="CATWRK" v="1"/>
            
            
            
            
            
        </node>
</create><modify><node lat="6468371" lon="-459506" timestamp="2012-06-24T21:18:52Z" username="alextbsac0456"><tag k="OBJCOD" v="WRECKS"/><tag k="OBJNAM" v="Constance"/><tag k="DUNITS" v="1"/>
            
            
            
        </node>
</modify><create><node lat="6468438" lon="-466898" timestamp="2013-11-03T14:49:23Z" username="Whistler"><tag k="OBJCOD" v="WRECKS"/><tag k="OBJNAM" v="Coronation Onshore Site"/><tag k="INFORM" v="Protected Wreck"/><tag k="DUNITS" v="1"/><tag k="CATWRK" v="1"/>
            
            
            
            
            
        </node>
</create><modify><node lat="6470474" lon="-463806" timestamp="2011-06-17T11:41:54Z" username="unknown"><tag k="OBJCOD" v="SMACRA"/><tag k="ofsety" v="0"/><tag k="ofsetx" v="0"/><tag k="CATSMC" v="1"/>
            
            
            
            
        </node>
</modify><create><node lat="6470547" lon="-465943" timestamp="2014-07-04T10:29:17Z" username="si"><tag k="OBJCOD" v="gennav"/><tag k="OBJNAM" v="Anchor berth 17"/>
            
            
        </node>
</create><create><node lat="6470641" lon="-467160" timestamp="2012-06-17T14:39:47Z" username="rbpss"><tag k="OBJCOD" v="OBSTRN"/><tag k="VALSOU" v="3.9"/><tag k="OBJNAM" v="Old chain"/><tag k="INFORM" v="Large loop of old chain lying on sea bed. Fouled anchor June 2012"/><tag k="DUNITS" v="1"/>
            
            
            
            
            
        </node>
</create><create><node lat="6470683" lon="-466411" timestamp="2014-07-04T10:28:09Z" username="si"><tag k="OBJCOD" v="gennav"/><tag k="OBJNAM" v="Anchor berth 18"/>
            
            
        </node>
</create><create><node lat="6470742" lon="-467130" timestamp="2015-11-04T17:15:31Z" username="soleildor"><tag k="OBJCOD" v="OBSTRN"/><tag k="OBJNAM" v="Soleil D'or"/><tag k="INFORM" v="Old moorings will foul your anchor here. Avoid the area around the local fishing boat buoys."/><tag k="DUNITS" v="3"/></node>
</create><create><node lat="6471156" lon="-465868" timestamp="2014-07-04T10:30:27Z" username="si"><tag k="OBJCOD" v="gennav"/><tag k="OBJNAM" v="Anchor berth 15"/>
            
            
        </node>
</create><create><node lat="6471186" lon="-465314" timestamp="2014-07-04T10:32:13Z" username="si"><tag k="OBJCOD" v="gennav"/><tag k="OBJNAM" v="Anchor berth 14"/>
            
            
        </node>
</create><create><node lat="6471247" lon="-467327" timestamp="2012-06-03T08:59:42Z" username="Sharkham"><tag k="OBJCOD" v="ACHBRT"/><tag k="OBJNAM" v="Kingsand &amp; Cawsand"/><tag k="INFORM" v="Great anchorage well protected from westerly winds.  You need a dingy to get ashore but when you do the pubs are worth it!  There is a ferry service to Plymouth."/>
            
            
            
        </node>
</create><create><node lat="6471285" lon="-466490" timestamp="2014-08-21T18:38:45Z" username="kcrane"><tag k="OBJCOD" v="hotspt"/><tag k="catspt" v="1"/><tag k="VALSOU" v="10"/><tag k="OBJNAM" v="Cawsand Mackerel"/><tag k="INFORM" v=" "/><tag k="DUNITS" v="1"/>
            
            
            
            
            
            
        </node>
</create><create><node lat="6471650" lon="-465839" timestamp="2014-07-04T10:42:42Z" username="si"><tag k="OBJCOD" v="gennav"/><tag k="OBJNAM" v="Anchor berth 13"/>
            
            
        </node>
</create><create><node lat="6471673" lon="-465309" timestamp="2014-07-04T10:38:15Z" username="si"><tag k="OBJCOD" v="gennav"/><tag k="OBJNAM" v="Anchor berth 12"/>
            
            
        </node>
</create><create><node lat="6471739" lon="-464844" timestamp="2014-07-04T10:43:43Z" username="si"><tag k="OBJCOD" v="gennav"/><tag k="OBJNAM" v="Anchor berth 11"/>
            
            
        </node>
</create><modify><node lat="6472116" lon="-459622" timestamp="2011-02-04T22:00:05Z"><tag k="OBJCOD" v="BCNSPP"/><tag k="OBJNAM" v="BOVISAND PIER"/><tag k="INFORM" v="http://www.discoverydivers.org/"/>
            
            
            
        </node>
</modify><modify><node lat="6472226" lon="-461882" timestamp="2011-03-30T22:35:44Z" username="unknown"><tag k="OBJCOD" v="LIGHTS"/><tag k="COLOUR" v="6"/>
            
            
        </node>
</modify><modify><node lat="6473046" lon="-461947" timestamp="2011-06-17T11:43:09Z" username="unknown"><tag k="OBJCOD" v="ACHBRT"/>
            
        </node>
</modify><create><node lat="6473057" lon="-461915" timestamp="2014-07-08T07:58:47Z" username="si"><tag k="OBJCOD" v="gennav"/><tag k="OBJNAM" v="Anchor berth 7"/>
            
            
        </node>
</create><create><node lat="6473324" lon="-462609" timestamp="2014-07-08T08:01:33Z" username="si"><tag k="OBJCOD" v="gennav"/><tag k="OBJNAM" v="Anchor berth 5"/>
            
            
        </node>
</create><create><node lat="6473579" lon="-461037" timestamp="2014-07-08T07:59:53Z" username="si"><tag k="OBJCOD" v="gennav"/><tag k="OBJNAM" v="Anchor berth 6"/>
            
            
        </node>
</create><create><node lat="6473595" lon="-462072" timestamp="2014-07-08T08:00:39Z" username="si"><tag k="OBJCOD" v="gennav"/><tag k="OBJNAM" v="Anchor berth 4"/>
            
            
        </node>
</create><create><node lat="6473745" lon="-461593" timestamp="2014-07-08T08:03:14Z" username="si"><tag k="OBJCOD" v="gennav"/><tag k="OBJNAM" v="Anchor berth 3"/>
            
            
        </node>
</create><create><node lat="6473861" lon="-461523" timestamp="2015-02-13T15:58:38Z" username="hoffy99"><tag k="OBJCOD" v="ACHBRT"/><tag k="OBJNAM" v="3"/></node>
</create><create><node lat="6473995" lon="-459335" timestamp="2015-06-21T18:27:07Z" username="StarDog"><tag k="OBJCOD" v="ACHBRT"/></node>
</create><create><node lat="6474194" lon="-460991" timestamp="2014-07-08T08:13:12Z" username="si"><tag k="OBJCOD" v="gennav"/><tag k="OBJNAM" v="Anchor berth 2"/>
            
            
        </node>
</create><modify><node lat="6474441" lon="-463057" timestamp="2015-01-14T23:41:57Z" username="McGherkin"><tag k="OBJCOD" v="BCNLAT"/><tag k="OBJNAM" v=" "/><tag k="INFORM" v="Post missing. Replaced by yellow conical buoy, Flashing yellow 4 seconds.&#10;&#10;See QHM Navwarn 001/15"/></node>
</modify><create><node lat="6474517" lon="-459306" timestamp="2015-06-21T18:25:43Z" username="StarDog"><tag k="OBJCOD" v="WRECKS"/><tag k="VALSOU" v="2"/><tag k="OBJNAM" v="AK"/><tag k="INFORM" v="Dangerous wreck"/><tag k="DUNITS" v="1"/><tag k="CATWRK" v="2"/></node>
</create><modify><node lat="6474556" lon="-463161" timestamp="2012-09-07T21:03:19Z" username="unknown"><tag k="OBJCOD" v="BCNLAT"/>
            
        </node>
</modify><modify><node lat="6474841" lon="-467287" timestamp="2014-08-17T18:08:49Z" username="sheepboyharvey"><tag k="OBJCOD" v="SMACRA"/><tag k="trnbth" v="2"/><tag k="ofsety" v="0"/><tag k="ofsetx" v="-816"/><tag k="numvhf" v=" "/><tag k="maxlen" v=" "/><tag k="dckdph" v=" "/><tag k="ZIPCDE" v=" "/><tag k="WEBSIT" v="http://www.southdownmarina.com/index.html"/><tag k="TELNUM" v="+44 1752 82 30 84"/><tag k="STRNAM" v=" "/><tag k="SRVLST" v=""/><tag k="OBJNAM" v="Southdown Marina"/><tag k="INFORM" v=" "/><tag k="CITYNM" v=" "/><tag k="CATSMC" v="1"/>
            
            
            
            
            
            
            
            
            
            
            
            
            
            
            
            
        </node>
</modify><modify><node lat="6474948" lon="-462702" timestamp="2012-06-26T21:18:03Z" username="pdub"><tag k="OBJCOD" v="OFSPLF"/>
            
        </node>
</modify><modify><node lat="6475646" lon="-459120" timestamp="2014-09-30T19:14:56Z" username="cirrus"><tag k="OBJCOD" v="psgiio"/><tag k="catser" v="3"/>
            
            
        </node>
</modify><create><node lat="6475671" lon="-458440" timestamp="2012-08-12T07:57:43Z" username="tiger"><tag k="OBJCOD" v="psgiio"/><tag k="catser" v="23"/><tag k="OBJNAM" v="The Clovelly Bay Inn"/>
            
            
            
        </node>
</create><create><node lat="6475696" lon="-459046" timestamp="2013-06-06T18:56:19Z" username="Sharkham" average_rating="5.0" rating_count="1" reviews_count="1"><tag k="OBJCOD" v="psgiio"/><tag k="catser" v="23"/><tag k="zipcde" v="PL9 9HE"/><tag k="websit" v="http://www.bridgeatmountbatten.com"/><tag k="telnum" v="01752 403888"/><tag k="strnam" v="Shaw Way"/><tag k="citynm" v="Mount Batten, Plymouth"/><tag k="OBJNAM" v="The Bridge at Mount Batten"/><tag k="INFORM" v="Great bar and restaurant with fabulous views over the Yacht Haven marina.  Right on waters edge at the end of the pontoons.  Free berthing in the marina while you eat and drink! Open all day."/>
            
            
            
            
            
            
            
            
            
        
            
            
            
        
            
            
        
            
            
        </node>
</create><create><node lat="6475734" lon="-459034" timestamp="2015-03-24T18:15:26Z" username="Munkey"><tag k="OBJCOD" v="gennav"/><tag k="OBJNAM" v="Blackwater pump out station"/><tag k="INFORM" v="Telephone: 01752 404231&#10;VHF: 80"/></node>
</create><create><node lat="6475742" lon="-459026" timestamp="2015-03-24T18:15:01Z" username="Munkey" average_rating="5.0" rating_count="1" reviews_count="1"><tag k="OBJCOD" v="psgiio"/><tag k="catser" v="21"/><tag k="zipcde" v="PL9 9XH"/><tag k="telnum" v="01752 404231"/><tag k="strnam" v="Shaw Way"/><tag k="prclst" v="DIESEL: 0.670 on 2015-03-24"/><tag k="numvhf" v="80"/><tag k="citynm" v="Plymouth"/><tag k="catsub" v="4"/><tag k="OBJNAM" v="Plymouth Yacht Haven Marina"/></node>
</create><create><node lat="6475746" lon="-458360" timestamp="2012-08-12T07:59:27Z" username="tiger"><tag k="OBJCOD" v="psgiio"/><tag k="catser" v="23"/><tag k="OBJNAM" v="The Boringdon Arms"/>
            
            
            
        </node>
</create><create><node lat="6475751" lon="-459216" timestamp="2012-09-19T20:33:18Z" username="Sharkham"><tag k="OBJCOD" v="psgiio"/><tag k="catser" v="3"/><tag k="websit" v="http://www.mountbattenboathouse.co.uk/"/><tag k="telnum" v="+44 1752 48 26 66"/><tag k="strnam" v="Mount Batten"/><tag k="stanam" v="England"/><tag k="e_mail" v="info@mountbattenboathouse.co.uk"/><tag k="county" v="South West"/><tag k="citynm" v="Plymouth"/><tag k="brands" v="Navionics, Raymarine"/><tag k="OBJNAM" v="Mount Batten Boathouse"/><tag k="NATION" v="GB"/>
            
            
            
            
            
            
            
            
            
            
            
            
        </node>
</create><modify><node lat="6475820" lon="-459413" timestamp="2015-10-29T20:48:43Z" username="Hargy"><tag k="OBJCOD" v="psgiio"/><tag k="catser" v="23"/></node>
</modify><create><node lat="6475860" lon="-458765" timestamp="2015-03-24T18:16:43Z" average_rating="0" rating_count="0" reviews_count="0" username="Munkey"><tag k="OBJCOD" v="SMACRA"/><tag k="trnbth" v="Yes"/><tag k="ofsety" v="0"/><tag k="ofsetx" v="0"/><tag k="numvhf" v="80"/><tag k="ZIPCDE" v="PL9 9XH"/><tag k="WEBSIT" v="http://www.plymouthyachthaven.com"/><tag k="TELNUM" v="01752 404231"/><tag k="STRNAM" v="Shaw Way"/><tag k="SRVLST" v="71;168;36;167;29;28;122;127;125;49;126;47;130"/><tag k="OBJNAM" v="Plymouth Yacht Haven"/><tag k="INFORM" v="Sheltered marina with easy berthing.  All usual facilities on site plus all service and repairs.  Great eating and drinking at &quot;The Bridge&quot;, right on the marina."/><tag k="CITYNM" v="Mount Batten"/><tag k="CATSMC" v="1"/></node>
</create><modify><node lat="6476013" lon="-458883" timestamp="2011-07-22T12:32:12Z" username="unknown"><tag k="OBJCOD" v="LIGHTS"/><tag k="COLOUR" v="4"/>
            
            
        </node>
</modify><create><node lat="6476042" lon="-458536" timestamp="2015-07-23T00:00:00Z" username="ADAC"><tag k="OBJCOD" v="SMACRA"/><tag k="OBJNAM" v="Plymouth Yacht Haven"/><tag k="ofsety" v="10"/><tag k="ofsetx" v="10"/><tag k="CATSMC" v="1"/><tag k="WEBSIT" v="http://www.marinafuehrer.adac.de/haefen/plymouth-yacht-haven/"/></node>
</create><create><node lat="6476128" lon="-459768" timestamp="2013-07-30T22:59:36Z" username="gibbd001"><tag k="OBJCOD" v="psgiio"/><tag k="catser" v="23"/><tag k="telnum" v="+44 1752 40 55 00"/><tag k="strnam" v="Lawrence Rd"/><tag k="stanam" v="England"/><tag k="county" v="South West"/><tag k="citynm" v="Plymouth"/><tag k="OBJNAM" v="Hotel Mount Batten"/><tag k="NATION" v="GB"/>
            
            
            
            
            
            
            
            
            
        </node>
</create><modify><node lat="6476186" lon="-458077" timestamp="2013-08-25T14:51:18Z" username="nuk"><tag k="OBJCOD" v="BOYLAT"/><tag k="INFORM" v=" "/>
            
            
        </node>
</modify><modify><node lat="6476219" lon="-459062" timestamp="2013-08-25T14:46:32Z" username="nuk"><tag k="OBJCOD" v="BOYLAT"/><tag k="OBJNAM" v="No name"/><tag k="INFORM" v=" "/>
            
            
            
        </node>
</modify><create><node lat="6476266" lon="-460050" timestamp="2011-10-15T15:55:44Z" username="nuk"><tag k="OBJCOD" v="BCNSPP"/><tag k="COLOUR" v="2"/><tag k="BCNSHP" v="5"/>
            
            
            
        </node>
</create><modify><node lat="6476297" lon="-458020" timestamp="2013-08-25T14:52:08Z" username="nuk"><tag k="OBJCOD" v="BOYLAT"/><tag k="INFORM" v="No name"/>
            
            
        </node>
</modify><create><node lat="6476370" lon="-459518" timestamp="2015-08-20T22:03:04Z" username="youdsy"><tag k="OBJCOD" v="gennav"/></node>
</create><create><node lat="6476370" lon="-451213" timestamp="2011-11-05T22:51:56Z" username="nuk"><tag k="OBJCOD" v="gennav"/><tag k="OBJNAM" v="Devenport"/><tag k="INFORM" v="Devonport (correct spelling) is not at this location, this  should be remove"/>
            
            
            
        </node>
</create><create><node lat="6476396" lon="-464048" timestamp="2015-07-23T00:00:00Z" username="ADAC"><tag k="OBJCOD" v="SMACRA"/><tag k="OBJNAM" v="Mayflower Marina"/><tag k="ofsety" v="10"/><tag k="ofsetx" v="10"/><tag k="CATSMC" v="1"/><tag k="WEBSIT" v="http://www.marinafuehrer.adac.de/haefen/mayflower-marina/"/></node>
</create><modify><node lat="6476437" lon="-459957" timestamp="2011-07-21T13:12:47Z" username="unknown"><tag k="OBJCOD" v="LIGHTS"/><tag k="COLOUR" v="6"/>
            
            
        </node>
</modify><modify><node lat="6476440" lon="-464684" timestamp="2013-08-25T15:30:10Z" username="nuk"><tag k="OBJCOD" v="BOYLAT"/><tag k="INFORM" v="Named Cremyll Shoal"/>
            
            
        </node>
</modify><delete><node lat="6476455" lon="-460214" timestamp="2011-04-21T11:12:54Z" username="unknown"><tag k="OBJCOD" v="BOYLAT"/><tag k="COLOUR" v="3;4;3"/><tag k="BOYSHP" v="1"/>
            
            
            
        </node>
</delete><delete><node lat="6476476" lon="-459729" timestamp="2012-04-25T08:59:06Z" username="nuk"><tag k="OBJCOD" v="MORFAC"/>
            
        </node>
</delete><modify><node lat="6476502" lon="-457820" timestamp="2013-08-25T14:55:34Z" username="nuk"><tag k="OBJCOD" v="BOYLAT"/><tag k="INFORM" v="No name"/>
            
            
        </node>
</modify><modify><node lat="6476532" lon="-462445" timestamp="2014-02-07T10:24:10Z" username="timheale55"><tag k="OBJCOD" v="SMACRA"/><tag k="ofsety" v="725"/><tag k="ofsetx" v="589"/><tag k="CATSMC" v="1"/>
            
            
            
            
        </node>
</modify><create><node lat="6476566" lon="-461342" timestamp="2013-09-10T17:53:55Z" username="Kim "><tag k="OBJCOD" v="ACHBRT"/><tag k="OBJNAM" v="hoe"/><tag k="INFORM" v=" "/>
            
            
            
        </node>
</create><modify><node lat="6476633" lon="-460158" timestamp="2010-11-22T11:40:36Z"><tag k="OBJCOD" v="LIGHTS"/><tag k="COLOUR" v="3"/>
            
            
        </node>
</modify><create><node lat="6476637" lon="-460109" timestamp="2015-07-23T00:00:00Z" username="ADAC"><tag k="OBJCOD" v="SMACRA"/><tag k="OBJNAM" v="Sutton Harbour Marina"/><tag k="ofsety" v="10"/><tag k="ofsetx" v="10"/><tag k="CATSMC" v="1"/><tag k="WEBSIT" v="http://www.marinafuehrer.adac.de/haefen/sutton-harbour-marina/"/></node>
</create><create><node lat="6476637" lon="-460074" timestamp="2015-07-23T00:00:00Z" username="ADAC"><tag k="OBJCOD" v="SMACRA"/><tag k="OBJNAM" v="Quenn Anne's Battery"/><tag k="ofsety" v="10"/><tag k="ofsetx" v="10"/><tag k="CATSMC" v="1"/><tag k="WEBSIT" v="http://www.marinafuehrer.adac.de/haefen/quenn-annes-battery/"/></node>
</create><create><node lat="6476645" lon="-462197" timestamp="2014-06-12T20:28:58Z" average_rating="5" rating_count="1" reviews_count="1" username="Celerity"><tag k="OBJCOD" v="SMACRA"/><tag k="ofsety" v="0"/><tag k="ofsetx" v="0"/><tag k="maxlen" v="14 m"/><tag k="ZIPCDE" v="PL1 3TG"/><tag k="WEBSIT" v="millbaymarina.co.uk"/><tag k="TELNUM" v="01752 226785"/><tag k="OBJNAM" v="Millbay Marina"/><tag k="INFORM" v="office@millbaymarina.co.uk"/><tag k="CATSMC" v="1"/>
            
            
            
            
            
            
            
            
            
            
        </node>
</create><modify><node lat="6476683" lon="-459497" timestamp="2013-08-29T08:32:15Z" username="nuk"><tag k="OBJCOD" v="BOYLAT"/><tag k="INFORM" v="Deadmans Bay"/>
            
            
        
            
            
        </node>
</modify><create><node lat="6476696" lon="-460011" timestamp="2011-04-15T14:37:25Z" username="unknown"><tag k="OBJCOD" v="psgiio"/><tag k="catser" v="2"/>
            
            
        </node>
</create><create><node lat="6476735" lon="-462566" timestamp="2012-05-12T07:29:33Z" username="Matthew West"><tag k="OBJCOD" v="SMACRA"/><tag k="stanam" v="plymouth"/><tag k="ofsety" v="0"/><tag k="ofsetx" v="0"/><tag k="TELNUM" v="+44 1752 66 21 91"/><tag k="STRNAM" v="portoffice"/><tag k="SRVLST" v="168;36"/><tag k="OBJNAM" v="Plymouth"/><tag k="CITYNM" v="millbay docks"/><tag k="CATSMC" v="1"/>
            
            
            
            
            
            
            
            
            
            
        </node>
</create><delete><node lat="6476743" lon="-460586" timestamp="2011-04-21T10:43:39Z" username="unknown"><tag k="OBJCOD" v="psgiio"/><tag k="catser" v="21"/>
            
            
        </node>
</delete><modify><node lat="6476814" lon="-466849" timestamp="2013-08-25T15:38:37Z" username="nuk"><tag k="OBJCOD" v="BOYSPP"/><tag k="INFORM" v="Marked 5.4"/>
            
            
        </node>
</modify><modify><node lat="6476844" lon="-457672" timestamp="2013-08-25T14:57:09Z" username="nuk"><tag k="OBJCOD" v="BOYLAT"/><tag k="INFORM" v="No name"/>
            
            
        </node>
</modify><create><node lat="6476861" lon="-463947" timestamp="2015-09-25T15:20:10Z" username="CaptainWatts"><tag k="OBJCOD" v="psgiio"/><tag k="catser" v="3"/><tag k="zipcde" v="PL1 4LS"/><tag k="websit" v="www.captainwatts.com"/><tag k="telnum" v="01752 927067"/><tag k="strnam" v="Mayflower Marina"/><tag k="citynm" v="Plymouth"/><tag k="OBJNAM" v="Captain Watts Ltd"/></node>
</create><create><node lat="6476862" lon="-457540" timestamp="2013-01-23T20:22:15Z" username="Sharkham" average_rating="5.0" rating_count="1" reviews_count="1"><tag k="OBJCOD" v="SMACRA"/><tag k="trnbth" v="Nil"/><tag k="ofsety" v="0"/><tag k="ofsetx" v="0"/><tag k="numvhf" v="N/A"/><tag k="SRVLST" v="127;125;49;126;47"/><tag k="OBJNAM" v="Yacht Haven Quay"/><tag k="INFORM" v="Dry stack marina.  Great for inspection lifts. Power boats lifted by forklift. Keel boats in slings. Lots of repair shops.  Very good cafe."/><tag k="CATSMC" v="1"/>
            
            
            
            
            
            
            
            
            
        
            
            
            
            
        
            
            
            
            
        </node>
</create><create><node lat="6476889" lon="-459720" timestamp="2011-07-22T12:56:34Z" username="unknown"><tag k="OBJCOD" v="psgiio"/><tag k="catser" v="126"/><tag k="zipcde" v="PL4 0LP"/><tag k="websit" v="www.libertyyachts.co.uk"/><tag k="telnum" v="+44 1752 227911"/><tag k="strnam" v="Queen Anne's Battery Marina"/><tag k="citynm" v="Plymouth"/><tag k="OBJNAM" v="Liberty Yachts"/><tag k="INFORM" v="Boat sales, charter, maintenance"/>
            
            
            
            
            
            
            
            
            
        </node>
</create><create><node lat="6476904" lon="-463843" timestamp="2012-12-17T17:01:56Z" username="Cig"><tag k="OBJCOD" v="psgiio"/><tag k="catser" v="21"/><tag k="OBJNAM" v="Mayflower Marina"/>
            
            
        
            
            
            
        </node>
</create><delete><node lat="6476915" lon="-459525" timestamp="2013-07-24T19:08:14Z" username="bellerophon"><tag k="OBJCOD" v="psgiio"/><tag k="catser" v="3"/>
            
            
        </node>
</delete><create><node lat="6476931" lon="-463922" timestamp="2010-10-07T18:04:38Z"><tag k="OBJCOD" v="psgiio"/><tag k="catser" v="125"/><tag k="websit" v="http://Www.agtecmarine.co.uk"/><tag k="telnum" v="07912733680"/><tag k="OBJNAM" v="AG Tec Marine"/>
            
            
            
            
            
        </node>
</create><create><node lat="6476940" lon="-459593" timestamp="2011-11-01T18:49:49Z" username="LG"><tag k="OBJCOD" v="psgiio"/><tag k="catser" v="3"/><tag k="OBJNAM" v="Seachest"/>
            
            
            
        </node>
</create><create><node lat="6476971" lon="-459458" timestamp="2013-04-16T11:56:58Z" average_rating="5" rating_count="1" reviews_count="1" username="nuk"><tag k="OBJCOD" v="psgiio"/><tag k="catser" v="125"/><tag k="zipcde" v="Pl40lp"/><tag k="websit" v="Www.promarineuk.com"/><tag k="telnum" v="01752 267984"/><tag k="strnam" v="Unit 6 tamar building QAB marina"/><tag k="citynm" v="Plymouth"/><tag k="OBJNAM" v="Pro marine UK ltd"/>
            
            
            
            
            
            
            
            
        </node>
</create><create><node lat="6476975" lon="-459504" timestamp="2012-10-26T12:07:05Z" username="techsales"><tag k="OBJCOD" v="psgiio"/><tag k="catser" v="127"/><tag k="zipcde" v="PL4 0LP"/><tag k="websit" v="http://www.force4.co.uk"/><tag k="telnum" v="01752 548301"/><tag k="strnam" v="Queen Anne's Battery"/><tag k="citynm" v="Plymouth"/><tag k="OBJNAM" v="Force 4 Chandlery Plymouth"/><tag k="INFORM" v="Stocks a full range of Chandlery, Marine Electronics, Safety equipment, Marine clothing, books and charts. Free on site parking."/>
            
            
            
            
            
            
            
            
            
        </node>
</create><create><node lat="6477035" lon="-460017" timestamp="2015-07-08T13:18:35Z" username="Kifjames"><tag k="OBJCOD" v="psgiio"/><tag k="catser" v="21"/><tag k="prclst" v="DIESEL: 111.000 on 2014-08-06"/><tag k="OBJNAM" v="Queens Anne's Battery Marina"/></node>
</create><delete><node lat="6477060" lon="-459526" timestamp="2011-05-22T20:30:03Z" username="unknown"><tag k="OBJCOD" v="psgiio"/><tag k="catser" v="3"/>
            
            
        </node>
</delete><create><node lat="6477124" lon="-460250" timestamp="2012-04-20T16:54:41Z" username="nuk"><tag k="OBJCOD" v="psgiio"/><tag k="catser" v="24"/><tag k="OBJNAM" v="Admiral McBride"/>
            
            
            
        </node>
</create><create><node lat="6477146" lon="-460078" timestamp="2015-06-19T08:01:41Z" username="morvarghmatt"><tag k="OBJCOD" v="SMACRA"/><tag k="trnbth" v="50"/><tag k="ofsety" v="0"/><tag k="ofsetx" v="0"/><tag k="numvhf" v="12"/><tag k="maxlen" v=" "/><tag k="dckdph" v="3.5+"/><tag k="ZIPCDE" v=" "/><tag k="WEBSIT" v="Http://www.suttonharbourmarina.com"/><tag k="TELNUM" v="+441752204702"/><tag k="STRNAM" v=" "/><tag k="SRVLST" v="28"/><tag k="OBJNAM" v="Sutton Harbour Marina"/><tag k="INFORM" v=" "/><tag k="CITYNM" v="Plymouth"/><tag k="CATSMC" v="1"/></node>
</create><create><node lat="6477151" lon="-460077" timestamp="2014-09-19T12:37:00Z" username="morvarghmatt"><tag k="OBJCOD" v="SOUNDG"/><tag k="VALSOU" v="0.9"/><tag k="DUNITS" v="1"/>
            
            
            
        </node>
</create><create><node lat="6477159" lon="-460084" timestamp="2014-07-28T18:48:23Z" username="marcelsailor"><tag k="OBJCOD" v="gennav"/><tag k="OBJNAM" v="Sutton harbour channel 12"/>
            
            
        </node>
</create><modify><node lat="6477176" lon="-460080" timestamp="2014-09-23T20:57:04Z" username="swamperdink"><tag k="OBJCOD" v="SMACRA"/><tag k="trnbth" v=" "/><tag k="ofsety" v="0"/><tag k="ofsetx" v="0"/><tag k="numvhf" v="12"/><tag k="maxlen" v=" "/><tag k="dckdph" v=" "/><tag k="ZIPCDE" v="PL4 0DW"/><tag k="WEBSIT" v="http://www.suttonharbourmarina.com"/><tag k="TELNUM" v="01752 204702"/><tag k="STRNAM" v="The Jetty"/><tag k="SRVLST" v="29;28"/><tag k="OBJNAM" v="Sutton Harbour Marina"/><tag k="INFORM" v=" "/><tag k="CITYNM" v="Plymouth"/><tag k="CATSMC" v="1"/>
            
            
            
            
            
            
            
            
            
            
            
            
            
            
            
            
        
            
            
            
            
            
            
            
            
            
            
            
            
            
            
            
            
        </node>
</modify><create><node lat="6477201" lon="-462564" timestamp="2015-01-29T11:14:57Z" average_rating="4.0" rating_count="2" reviews_count="2" username="marcelsailor"><tag k="OBJCOD" v="SMACRA"/><tag k="trnbth" v="Yes"/><tag k="ofsety" v="0"/><tag k="ofsetx" v="0"/><tag k="numvhf" v="Ch 12"/><tag k="maxlen" v=" "/><tag k="dckdph" v=" "/><tag k="ZIPCDE" v="PL1 3EF"/><tag k="WEBSIT" v="www.kingpointmarina.co.uk"/><tag k="TELNUM" v="01752 424297 / 01752 204702"/><tag k="STRNAM" v="Brunel Way"/><tag k="OBJNAM" v="King point marina"/><tag k="INFORM" v="Managed by Sutton Harbour Group&#10;Marina@sutton-harbour.co.uk"/><tag k="CITYNM" v="Plymouth"/><tag k="CATSMC" v="1"/></node>
</create><create><node lat="6477311" lon="-459742" timestamp="2011-11-07T12:53:25Z" username="nuk"><tag k="OBJCOD" v="psgiio"/><tag k="catser" v="3"/><tag k="OBJNAM" v="Gael Force"/>
            
            
            
        </node>
</create><create><node lat="6477323" lon="-459878" timestamp="2012-10-29T12:11:28Z" username="nuk"><tag k="OBJCOD" v="psgiio"/><tag k="catser" v="125"/><tag k="zipcde" v="PL4 0LH"/><tag k="websit" v="www.tecmarine.co.uk"/><tag k="telnum" v="01752 269632"/><tag k="strnam" v="Unit 15, The Fish Quay, Sutton Harbour"/><tag k="citynm" v="Plymouth"/><tag k="OBJNAM" v="Tecmarine"/>
            
            
            
        
            
            
            
            
            
            
            
            
        </node>
</create><create><node lat="6477352" lon="-460283" timestamp="2014-08-07T21:31:39Z" username="Rory"><tag k="OBJCOD" v="psgiio"/><tag k="catser" v="24"/><tag k="OBJNAM" v="The Navy"/>
            
            
            
        </node>
</create><create><node lat="6477377" lon="-460326" timestamp="2014-08-07T21:30:49Z" username="Rory"><tag k="OBJCOD" v="psgiio"/><tag k="catser" v="24"/><tag k="OBJNAM" v="Barakuda"/>
            
            
            
        </node>
</create><create><node lat="6477380" lon="-460223" timestamp="2012-01-03T04:14:43Z" username="Sharkham"><tag k="OBJCOD" v="psgiio"/><tag k="catser" v="23"/><tag k="OBJNAM" v="Capt. Jaspers"/><tag k="INFORM" v="Plymouth's most famous fast food place.  Right on The Barbican overlooking Sutton Harbour."/>
            
            
            
        
            
            
            
        </node>
</create><create><node lat="6477387" lon="-460351" timestamp="2014-06-24T10:28:10Z" username="nuk"><tag k="OBJCOD" v="psgiio"/><tag k="catser" v="24"/><tag k="OBJNAM" v="The Cider Press"/>
            
            
            
        </node>
</create><create><node lat="6477393" lon="-460415" timestamp="2012-02-03T23:57:35Z" username="nuk"><tag k="OBJCOD" v="psgiio"/><tag k="catser" v="24"/><tag k="OBJNAM" v="Watering Hole"/>
            
            
            
        </node>
</create><create><node lat="6477418" lon="-460183" timestamp="2015-06-26T22:26:12Z" username="DJC"><tag k="OBJCOD" v="psgiio"/><tag k="catser" v="21"/><tag k="prclst" v="DIESEL: 1.040 on 2015-06-26"/><tag k="OBJNAM" v="Sutton Marina"/></node>
</create><create><node lat="6477420" lon="-460169" timestamp="2014-07-17T15:36:12Z" username="nuk"><tag k="OBJCOD" v="gennav"/><tag k="OBJNAM" v="Blackwater pump out station"/><tag k="INFORM" v="Telephone: 01752 204702&#10;VHF: 12"/>
            
            
            
        </node>
</create><modify><node lat="6477520" lon="-463509" timestamp="2014-09-08T14:50:38Z" username="sfani"><tag k="OBJCOD" v="psgiio"/><tag k="catser" v="2"/><tag k="zipcde" v=" "/><tag k="websit" v="http://www.princessyachts.com"/><tag k="telnum" v="+44 1752 20 38 88"/><tag k="strnam" v="Newport Streat"/><tag k="citynm" v="Plymouth"/><tag k="OBJNAM" v="Princess Yacht"/><tag k="INFORM" v=" "/>
            
            
            
            
            
            
            
            
            
        </node>
</modify><modify><node lat="6477523" lon="-460003" timestamp="2014-04-22T10:48:06Z" average_rating="5.0" rating_count="1" reviews_count="1" username="nuk"><tag k="OBJCOD" v="SMACRA"/><tag k="trnbth" v="30"/><tag k="ofsety" v="454"/><tag k="ofsetx" v="725"/><tag k="numvhf" v=" "/><tag k="maxlen" v="20 metres"/><tag k="dckdph" v=" "/><tag k="WEBSIT" v=" "/><tag k="STRNAM" v=" "/><tag k="SRVLST" v=""/><tag k="INFORM" v=" "/><tag k="CITYNM" v=" "/><tag k="CATSMC" v="1"/>
            
            
            
            
            
            
            
            
            
            
            
            
            
        
            
            
            
            
            
            
            
            
            
            
            
            
            
        </node>
</modify><modify><node lat="6477531" lon="-460022" timestamp="2011-04-21T09:57:40Z" username="unknown"><tag k="OBJCOD" v="LIGHTS"/><tag k="COLOUR" v="3"/>
            
            
        </node>
</modify><create><node lat="6477557" lon="-459955" timestamp="2011-10-22T17:59:14Z" username="nuk"><tag k="OBJCOD" v="psgiio"/><tag k="catser" v="24"/><tag k="zipcde" v="PL 4 0DW"/><tag k="websit" v="http://www.vintageinn.co.uk"/><tag k="telnum" v="01752661592"/><tag k="strnam" v="Sutton Wharf"/><tag k="citynm" v="Plymouth"/><tag k="OBJNAM" v="China House Pub"/>
            
            
            
        
            
            
        
            
            
            
        
            
            
            
            
            
            
        
            
            
            
            
        </node>
</create><create><node lat="6477572" lon="-459987" timestamp="2011-11-08T17:46:18Z" username="nuk"><tag k="OBJCOD" v="BCNLAT"/><tag k="COLOUR" v="4"/><tag k="BCNSHP" v="5"/>
            
            
            
        </node>
</create><create><node lat="6477589" lon="-460185" timestamp="2011-04-21T09:56:52Z" username="unknown"><tag k="OBJCOD" v="psgiio"/><tag k="catser" v="126"/><tag k="OBJNAM" v="Barbican Yacht Sales"/>
            
            
            
        </node>
</create><create><node lat="6477654" lon="-459987" timestamp="2011-10-15T15:28:33Z" username="nuk"><tag k="OBJCOD" v="BCNLAT"/><tag k="COLOUR" v="4"/><tag k="BCNSHP" v="5"/>
            
            
            
        </node>
</create><create><node lat="6477676" lon="-462618" timestamp="2012-12-13T16:16:51Z" username="Cig"><tag k="OBJCOD" v="psgiio"/><tag k="catser" v="21"/><tag k="OBJNAM" v="Flogas"/>
            
            
            
        </node>
</create><create><node lat="6477735" lon="-459939" timestamp="2015-07-28T16:34:05Z" username="swamperdink"><tag k="OBJCOD" v="gennav"/><tag k="OBJNAM" v="Marina Reconfiguration"/><tag k="INFORM" v="Sutton Harbour configuration has since changed. All pontoons on the North East side of the basin have now been removed, giving greater access around the Eastern end's of pontoons A and B."/></node>
</create><delete><node lat="6477762" lon="-459921" timestamp="2014-07-28T14:47:46Z" username="marcelsailor"><tag k="OBJCOD" v="BOYLAT"/>
            
        </node>
</delete><create><node lat="6477831" lon="-466646" timestamp="2015-08-13T04:55:27Z" username="dark clipper"><tag k="OBJCOD" v="psgiio"/><tag k="catser" v="131"/><tag k="OBJNAM" v="Mooring 1"/></node>
</create><delete><node lat="6477834" lon="-460014" timestamp="2011-10-22T16:23:19Z" average_rating="0" rating_count="0" reviews_count="0" username="nuk"><tag k="OBJCOD" v="psgiio"/><tag k="catser" v="3"/>
            
            
        </node>
</delete><create><node lat="6477874" lon="-460007" timestamp="2011-10-22T16:23:19Z" average_rating="0" rating_count="0" reviews_count="0" username="nuk"><tag k="OBJCOD" v="psgiio"/><tag k="catser" v="3"/><tag k="zipcde" v="PL4 0BS"/><tag k="telnum" v="+44 1752 22 77 11"/><tag k="strnam" v="Unit 3 Mariners Court North Quay Sutton Harbour"/><tag k="stanam" v="England"/><tag k="county" v="South West"/><tag k="citynm" v="Plymouth"/><tag k="brands" v="Navionics"/><tag k="OBJNAM" v="Plymouth Marine Electronics Limited"/><tag k="NATION" v="GB"/>
            
            
            
            
            
            
            
            
            
            
            
        </node>
</create><modify><node lat="6478469" lon="-466506" timestamp="2012-08-07T12:27:52Z" username="qwertz01"><tag k="OBJCOD" v="BOYSPP"/>
            
            <slave>
                <tag k="OBJCOD" v="FOGSIG"/>
            </slave>
            <slave>
                <tag k="OBJCOD" v="LIGHTS"/>
                <tag k="COLOUR" v="12"/>
            </slave>
        </node>
</modify><create><node lat="6478486" lon="-466466" timestamp="2013-08-25T15:45:19Z" username="nuk"><tag k="OBJCOD" v="MORFAC"/><tag k="OBJNAM" v="Mooring buoy,yellow"/>
            
            
        </node>
</create><create><node lat="6478984" lon="-467364" timestamp="2012-12-13T16:14:52Z" username="Cig"><tag k="OBJCOD" v="psgiio"/><tag k="catser" v="21"/><tag k="OBJNAM" v="Esso"/>
            
            
            
        </node>
</create><create><node lat="6479253" lon="-457076" timestamp="2012-02-12T19:25:22Z" username="Sharkham"><tag k="OBJCOD" v="psgiio"/><tag k="catser" v="133"/><tag k="OBJNAM" v="Plymouth Amateur Rowing Club"/><tag k="INFORM" v="Used on high water only.  Dries out."/>
            
            
            
            
        </node>
</create><modify><node lat="6479711" lon="-465836" timestamp="2014-06-06T18:29:57Z" username="Rory" average_rating="2.0" rating_count="1" reviews_count="1"><tag k="OBJCOD" v="SMACRA"/><tag k="ofsety" v="-45"/><tag k="ofsetx" v="1224"/><tag k="CATSMC" v="1"/>
            
            
            
            
        
            
            
            
            
        
            
            
            
            
        </node>
</modify><create><node lat="6482148" lon="-464176" timestamp="2013-04-25T18:13:21Z" username="Jmallet8"><tag k="OBJCOD" v="gennav"/>
            
        </node>
</create><modify><node lat="6482330" lon="-468671" timestamp="2015-04-22T23:13:31Z" username="Barberbaz"><tag k="OBJCOD" v="ACHBRT"/></node>
</modify><create><node lat="6482330" lon="-464432" timestamp="2014-07-23T14:09:11Z" username="jerome cathala"><tag k="OBJCOD" v="gennav"/>
            
        </node>
</create></bound>