<?xml version="1.0" encoding="UTF-8"?><bound box="6619883,-469647,6639400,-450078"><modify><node lat="6625411" lon="-457590" timestamp="2011-11-07T14:47:45Z" username="Christhomas"><tag k="OBJCOD" v="SMACRA"/><tag k="trnbth" v="Yes"/><tag k="ofsety" v="-553"/><tag k="ofsetx" v="-369"/><tag k="SRVLST" v=""/><tag k="CATSMC" v="1"/>
            
            
            
            
            
            
        </node>
</modify><modify><node lat="6632485" lon="-469310" timestamp="2015-08-03T17:41:16Z" username="launcher"><tag k="OBJCOD" v="BOYCAR"/><tag k="OBJNAM" v="HORSESHOE"/><tag k="INFORM" v=" "/></node>
</modify></bound>