<?xml version="1.0" encoding="UTF-8"?><bound box="6327161,-469647,6346674,-450078"><create><node lat="6330862" lon="-455375" timestamp="2011-01-20T17:53:21Z"><tag k="OBJCOD" v="BOYLAT"/><tag k="abrchr" v="G Fl(2) G 6S"/><tag k="OBJNAM" v="NO 5"/><tag k="COLOUR" v="4"/><tag k="CATLAM" v="2"/><tag k="BOYSHP" v="4"/>
            
            
            
            
            
            
            <slave>
                <tag k="OBJCOD" v="LIGHTS"/>
                <tag k="SIGGRP" v="(2)"/>
                <tag k="SIGPER" v="6.00"/>
                <tag k="abrchr" v="G Fl(2) G 6S"/>
                <tag k="COLOUR" v="4"/>
                <tag k="LITCHR" v="2"/>
                <tag k="VERDAT" v="3"/>
            </slave>
            <slave>
                <tag k="OBJCOD" v="TOPMAR"/>
                <tag k="abrchr" v="G Fl(2) G 6S"/>
                <tag k="COLOUR" v="4"/>
                <tag k="TOPSHP" v="1"/>
            </slave>
        </node>
</create></bound>