<?xml version="1.0" encoding="UTF-8"?><bound box="4922950,-410941,4942443,-391372"><create><node lat="4927165" lon="-398916" timestamp="2014-04-30T18:00:32Z" username="Mikerick"><tag k="OBJCOD" v="psgiio"/><tag k="catser" v="3"/><tag k="zipcde" v="28017"/><tag k="websit" v="http://www.rentservicesailing.com"/><tag k="telnum" v="609377877"/><tag k="strnam" v="Ascao, 61"/><tag k="citynm" v="Madrid"/><tag k="OBJNAM" v="RentService Sailing"/><tag k="INFORM" v="Alquiler de veleros en Murcia, Alicante, Ibiza y Formentera"/>
            
            
            
            
            
            
            
            
            
        </node>
</create></bound>