<?xml version="1.0" encoding="UTF-8"?><bound box="6444243,-391372,6463757,-371804"><create><node lat="6446349" lon="-374411" timestamp="2015-04-14T20:50:37Z" username="robertrobert"><tag k="OBJCOD" v="gennav"/><tag k="OBJNAM" v="Abeona"/><tag k="INFORM" v="Centre of new conservation zone"/></node>
</create><modify><node lat="6449012" lon="-389022" timestamp="2012-02-29T20:24:04Z" username="SS Belle Ile"><tag k="OBJCOD" v="WRECKS"/><tag k="OBJNAM" v="SS Colorado"/><tag k="INFORM" v="Sunk 20 Oct 1917 by UB-31&#10;55m long, 9m high &#10;90/270 degrees orientation"/><tag k="DUNITS" v="1"/>
            
            
            
            
        </node>
</modify><modify><node lat="6461379" lon="-386108" timestamp="2011-09-15T22:44:42Z" username="unknown"><tag k="OBJCOD" v="WRECKS"/><tag k="VALSOU" v="128"/><tag k="OBJNAM" v="SS Aldershot"/><tag k="INFORM" v="Sunk 1918 by torpedo UB-113"/><tag k="DUNITS" v="3"/>
            
            
            
            
            
        
            
            
        </node>
</modify><modify><node lat="6461518" lon="-386692" timestamp="2011-09-15T22:44:27Z" username="unknown"><tag k="OBJCOD" v="WRECKS"/><tag k="VALSOU" v="144"/><tag k="OBJNAM" v="SS Garm"/><tag k="INFORM" v="Sunk 1917 by torpedo UC-65"/><tag k="DUNITS" v="3"/>
            
            
            
            
            
        
            
            
        </node>
</modify></bound>