<?xml version="1.0" encoding="UTF-8"?><bound box="7517898,-371804,7537425,-352235"><create><node lat="7518713" lon="-367593" timestamp="2015-09-12T23:22:33Z" username="vivacity"><tag k="OBJCOD" v="psgiio"/><tag k="catser" v="135"/><tag k="OBJNAM" v="cramond ramp"/><tag k="INFORM" v=" "/></node>
</create><create><node lat="7518958" lon="-355569" timestamp="2012-05-31T21:19:25Z" username="Cookie"><tag k="OBJCOD" v="BCNCAR"/><tag k="OBJNAM" v="Bogha Gair"/><tag k="INFORM" v="East Cardinal Buoy Fl3"/><tag k="COLOUR" v="2;6;2"/><tag k="CATCAM" v="2"/><tag k="BCNSHP" v="5"/>
            
            
            
            
            
            
            <slave>
                <tag k="OBJCOD" v="TOPMAR"/>
                <tag k="TOPSHP" v="11"/>
            </slave>
            <slave>
                <tag k="OBJCOD" v="LIGHTS"/>
                <tag k="COLOUR" v="12"/>
            </slave>
        </node>
</create><create><node lat="7519139" lon="-367578" timestamp="2015-09-12T23:30:56Z" username="vivacity"><tag k="OBJCOD" v="OBSTRN"/><tag k="VALSOU" v=" "/><tag k="OBJNAM" v="sand"/><tag k="INFORM" v=" "/><tag k="DUNITS" v="1"/></node>
</create><modify><node lat="7519142" lon="-353972" timestamp="2010-10-07T14:45:16Z"><tag k="OBJCOD" v="psgiio"/><tag k="catser" v="23"/>
            
            
        </node>
</modify><create><node lat="7519196" lon="-367596" timestamp="2015-09-12T23:30:31Z" username="vivacity"><tag k="OBJCOD" v="OBSTRN"/><tag k="VALSOU" v=" "/><tag k="OBJNAM" v="sand"/><tag k="INFORM" v=" "/><tag k="DUNITS" v="1"/></node>
</create><create><node lat="7519241" lon="-367510" timestamp="2015-09-12T23:29:44Z" username="vivacity"><tag k="OBJCOD" v="SMACRA"/><tag k="trnbth" v="yes"/><tag k="ofsety" v="0"/><tag k="ofsetx" v="0"/><tag k="numvhf" v=" "/><tag k="maxlen" v=" "/><tag k="dckdph" v=" "/><tag k="ZIPCDE" v="EH4 6NY"/><tag k="WEBSIT" v="www.cramondboatclub.org.uk"/><tag k="TELNUM" v=" "/><tag k="STRNAM" v="Riverside, Cramond"/><tag k="OBJNAM" v="Cramond Boat Club"/><tag k="INFORM" v="tidal moorings, club house with bar, changing rooms, showers and toilets available to visitors"/><tag k="CITYNM" v="Edinburgh"/><tag k="CATSMC" v="1"/></node>
</create><create><node lat="7519306" lon="-367622" timestamp="2015-09-12T23:30:42Z" username="vivacity"><tag k="OBJCOD" v="OBSTRN"/><tag k="VALSOU" v=" "/><tag k="OBJNAM" v="sand"/><tag k="INFORM" v=" "/><tag k="DUNITS" v="1"/></node>
</create><create><node lat="7519409" lon="-355826" timestamp="2015-09-12T23:07:56Z" username="vivacity"><tag k="OBJCOD" v="SMACRA"/><tag k="trnbth" v="yes"/><tag k="ofsety" v="0"/><tag k="ofsetx" v="0"/><tag k="numvhf" v="Leith Harbour ch 12 / Forth Ports Pilot and cutter CH 72"/><tag k="maxlen" v=" "/><tag k="dckdph" v=" "/><tag k="ZIPCDE" v=" "/><tag k="WEBSIT" v="www.forthports.co.uk"/><tag k="TELNUM" v="01315524418"/><tag k="STRNAM" v="15 Starbank Road, Newhaven"/><tag k="OBJNAM" v="Newhaven Harbour (Scotland) - Forth Ports"/><tag k="INFORM" v=" "/><tag k="CITYNM" v="Leith"/><tag k="CATSMC" v="12"/></node>
</create><create><node lat="7519413" lon="-367712" timestamp="2015-09-12T23:31:14Z" username="vivacity"><tag k="OBJCOD" v="UWTROC"/><tag k="WATLEV" v="4"/><tag k="VALSOU" v=" "/><tag k="OBJNAM" v="rock"/><tag k="INFORM" v=" "/><tag k="DUNITS" v="1"/></node>
</create><create><node lat="7519714" lon="-358569" timestamp="2015-02-05T05:47:40Z" username="12VDude"><tag k="OBJCOD" v="UWTROC"/><tag k="WATLEV" v="4"/><tag k="DUNITS" v="1"/></node>
</create><modify><node lat="7519730" lon="-358567" timestamp="2015-02-05T05:37:30Z" username="12VDude"><tag k="OBJCOD" v="BCNSPP"/></node>
</modify><create><node lat="7519825" lon="-356682" timestamp="2011-05-18T20:42:28Z" username="Cookie"><tag k="OBJCOD" v="BCNSPP"/><tag k="OBJNAM" v="Starbank Race Mark"/><tag k="INFORM" v="RFYC Buoy"/><tag k="COLOUR" v="2"/><tag k="BCNSHP" v="5"/>
            
            
            
            
            
        </node>
</create><create><node lat="7519876" lon="-358763" timestamp="2015-02-05T05:52:09Z" username="12VDude"><tag k="OBJCOD" v="psgiio"/><tag k="catser" v="135"/><tag k="OBJNAM" v="Public Slip"/><tag k="INFORM" v="Tidal Slip"/></node>
</create><create><node lat="7520053" lon="-358823" timestamp="2015-09-13T08:33:27Z" average_rating="0" rating_count="0" reviews_count="0" username="vivacity"><tag k="OBJCOD" v="psgiio"/><tag k="catser" v="81"/><tag k="zipcde" v="EH5 1HF"/><tag k="websit" v="http://www.fcyc.org.uk/"/><tag k="telnum" v=" "/><tag k="strnam" v="Middle Pier"/><tag k="numvhf" v=" "/><tag k="citynm" v="Edinburgh"/><tag k="OBJNAM" v="F.C.Y.C."/><tag k="INFORM" v="Forth Corinthian Yacht Club. Estd. 1880 this is one of 2 sailing clubs at Granton. WiFi available visitors free to use clubhouse"/></node>
</create><create><node lat="7520090" lon="-357851" timestamp="2012-03-20T13:55:40Z" average_rating="0" rating_count="0" reviews_count="0" username="Cookie"><tag k="OBJCOD" v="BCNSPP"/><tag k="OBJNAM" v="Q Buoy"/><tag k="INFORM" v="FCYC Racemark"/><tag k="COLOUR" v="2"/><tag k="BCNSHP" v="5"/>
            
            
            
            
            
        
            
        
            
        
            
        </node>
</create><create><node lat="7520090" lon="-357850" timestamp="2012-03-20T20:02:07Z" average_rating="0" rating_count="0" reviews_count="0" username="Cookie"><tag k="OBJCOD" v="BCNLAT"/><tag k="OBJNAM" v="Q Buoy"/><tag k="INFORM" v="FCYC Start/Finish Buoy"/><tag k="COLOUR" v="3"/><tag k="BCNSHP" v="5"/>
            
            
            
            
            
        </node>
</create><create><node lat="7520118" lon="-363962" timestamp="2015-09-12T23:21:10Z" username="vivacity"><tag k="OBJCOD" v="UWTROC"/><tag k="WATLEV" v="4"/><tag k="VALSOU" v=" "/><tag k="OBJNAM" v="rock"/><tag k="INFORM" v=" "/><tag k="DUNITS" v="1"/></node>
</create><create><node lat="7520189" lon="-354171" timestamp="2015-09-12T23:09:06Z" username="vivacity"><tag k="OBJCOD" v="SMACRA"/><tag k="trnbth" v="No"/><tag k="ofsety" v="0"/><tag k="ofsetx" v="0"/><tag k="numvhf" v="CH 12 / Forth Ports pilot CH 72"/><tag k="maxlen" v="50,000 DWT"/><tag k="dckdph" v=" "/><tag k="ZIPCDE" v="EH67DN"/><tag k="WEBSIT" v="www.forthports.co.uk"/><tag k="TELNUM" v="01315558700"/><tag k="STRNAM" v="Imperial Dock"/><tag k="SRVLST" v="29;28"/><tag k="OBJNAM" v="Port of Leith"/><tag k="INFORM" v="commercial port with cruise terminal"/><tag k="CITYNM" v="Leith"/><tag k="CATSMC" v="12"/></node>
</create><create><node lat="7520195" lon="-362578" timestamp="2015-09-12T23:20:41Z" username="vivacity"><tag k="OBJCOD" v="UWTROC"/><tag k="WATLEV" v="4"/><tag k="VALSOU" v=" "/><tag k="OBJNAM" v="rock"/><tag k="INFORM" v=" "/><tag k="DUNITS" v="1"/></node>
</create><create><node lat="7520277" lon="-362182" timestamp="2015-09-12T23:20:52Z" username="vivacity"><tag k="OBJCOD" v="UWTROC"/><tag k="WATLEV" v="4"/><tag k="VALSOU" v=" "/><tag k="OBJNAM" v="rock"/><tag k="INFORM" v=" "/><tag k="DUNITS" v="1"/></node>
</create><create><node lat="7520519" lon="-356682" timestamp="2011-05-18T20:54:08Z" username="Cookie"><tag k="OBJCOD" v="BCNSPP"/><tag k="OBJNAM" v="Zulu Race Buoy"/><tag k="INFORM" v="RFYC Race Mark"/><tag k="COLOUR" v="2"/><tag k="BCNSHP" v="5"/>
            
            
            
            
            
        </node>
</create><modify><node lat="7520666" lon="-358648" timestamp="2015-09-12T23:20:03Z" username="vivacity"><tag k="OBJCOD" v="SMACRA"/><tag k="trnbth" v="Yes 2014 fees &#xA3;2.00 per Meter/night"/><tag k="ofsety" v="-517"/><tag k="ofsetx" v="-983"/><tag k="numvhf" v=" "/><tag k="maxlen" v=" "/><tag k="dckdph" v="Tidal -0.9m below datum on access -2m on pontoon"/><tag k="ZIPCDE" v="EH51HF"/><tag k="WEBSIT" v="www.rfyc.org"/><tag k="TELNUM" v="01315528560"/><tag k="STRNAM" v="Middle Pier, Granton Harbour"/><tag k="OBJNAM" v="Granton Harbour - Royal Forth Yacht  Club - Edinburgh Marina"/><tag k="INFORM" v="Long tidal pontoon in East harbour, visitors welcome. Office open 0800 to 1400 (try also Club bar 07551426813 limited hrs)"/><tag k="CITYNM" v="Edinburgh"/><tag k="CATSMC" v="1"/></node>
</modify><create><node lat="7520785" lon="-357961" timestamp="2012-03-20T20:07:28Z" average_rating="0" rating_count="0" reviews_count="0" username="Cookie"><tag k="OBJCOD" v="BCNSPP"/><tag k="OBJNAM" v="&quot;H&quot; Buoy"/><tag k="INFORM" v="RFYC Racemark&#10;Start/Finish Buoy."/><tag k="COLOUR" v="2"/><tag k="BCNSHP" v="5"/>
            
            
            
            
            
        </node>
</create><create><node lat="7520954" lon="-355458" timestamp="2012-02-10T16:15:55Z" username="Cookie"><tag k="OBJCOD" v="BCNSPP"/><tag k="OBJNAM" v="Leith Buoy"/><tag k="INFORM" v="RFYC Racemark"/><tag k="COLOUR" v="2"/><tag k="BCNSHP" v="5"/>
            
            
            
            
            
        </node>
</create><create><node lat="7521116" lon="-359595" timestamp="2012-02-10T16:21:59Z" average_rating="0" rating_count="0" reviews_count="0" username="Cookie"><tag k="OBJCOD" v="BCNSPP"/><tag k="OBJNAM" v="East Buoy"/><tag k="INFORM" v="RFYC Race Mark"/><tag k="COLOUR" v="2"/><tag k="BCNSHP" v="5"/>
            
            
            
            
            
        </node>
</create><modify><node lat="7521227" lon="-354383" timestamp="2013-06-22T14:12:02Z" username="Calviere2"><tag k="OBJCOD" v="SMACRA"/><tag k="ofsety" v="-776"/><tag k="ofsetx" v="-569"/><tag k="INFORM" v="This is a commercial harbour with a lock gate entrance"/><tag k="CATSMC" v="1"/>
            
            
            
            
        
            
            
            
            
            
        </node>
</modify><create><node lat="7521327" lon="-365086" timestamp="2015-09-12T23:21:43Z" username="vivacity"><tag k="OBJCOD" v="UWTROC"/><tag k="WATLEV" v="4"/><tag k="VALSOU" v=" "/><tag k="OBJNAM" v="rock"/><tag k="INFORM" v=" "/><tag k="DUNITS" v="1"/></node>
</create><create><node lat="7521438" lon="-356704" timestamp="2011-05-18T20:59:17Z" username="Cookie"><tag k="OBJCOD" v="BCNSPP"/><tag k="OBJNAM" v="Wardie Buoy"/><tag k="INFORM" v="RFYC Race Mark"/><tag k="COLOUR" v="2"/><tag k="BCNSHP" v="5"/>
            
            
            
            
            
        </node>
</create><create><node lat="7521479" lon="-361283" timestamp="2012-02-10T16:23:08Z" average_rating="0" rating_count="0" reviews_count="0" username="Cookie"><tag k="OBJCOD" v="BCNSPP"/><tag k="OBJNAM" v="Birnie Buoy"/><tag k="INFORM" v="RFYC Racemark"/><tag k="COLOUR" v="2"/><tag k="BCNSHP" v="5"/>
            
            
            
            
            
        </node>
</create><create><node lat="7521614" lon="-362619" timestamp="2012-02-10T16:25:25Z" average_rating="0" rating_count="0" reviews_count="0" username="Cookie"><tag k="OBJCOD" v="BCNSPP"/><tag k="OBJNAM" v="Royston Buoy"/><tag k="INFORM" v="RFYC Racemark"/><tag k="COLOUR" v="2"/><tag k="BCNSHP" v="5"/>
            
            
            
            
            
        </node>
</create><modify><node lat="7521901" lon="-360449" timestamp="2012-02-10T16:17:43Z" username="Cookie"><tag k="OBJCOD" v="BOYSPP"/>
            
        </node>
</modify><delete><node lat="7521901" lon="-360449" timestamp="2012-02-10T16:18:51Z" username="Cookie"><tag k="OBJCOD" v="undef "/>
            
        </node>
</delete><create><node lat="7522273" lon="-360355" timestamp="2012-02-10T16:26:42Z" average_rating="0" rating_count="0" reviews_count="0" username="Cookie"><tag k="OBJCOD" v="BCNSPP"/><tag k="OBJNAM" v="Caroline Buoy"/><tag k="INFORM" v="RFYC Racemark"/><tag k="COLOUR" v="2"/><tag k="BCNSHP" v="5"/>
            
            
            
            
            
        </node>
</create><create><node lat="7522606" lon="-363380" timestamp="2012-02-10T16:24:19Z" average_rating="0" rating_count="0" reviews_count="0" username="Cookie"><tag k="OBJCOD" v="BCNSPP"/><tag k="OBJNAM" v="Almond Buoy"/><tag k="INFORM" v="RFYC Race Mark"/><tag k="COLOUR" v="2"/><tag k="BCNSHP" v="5"/>
            
            
            
            
            
        </node>
</create><create><node lat="7523103" lon="-361803" timestamp="2012-09-28T11:48:52Z" username="hardslog"><tag k="OBJCOD" v="BCNSPP"/><tag k="OBJNAM" v="RFYC I"/><tag k="INFORM" v="RFYC Race Mark"/><tag k="COLOUR" v="2"/><tag k="BCNSHP" v="5"/>
            
            
            
            
            
        
            
            
        </node>
</create><create><node lat="7523169" lon="-355296" timestamp="2015-07-06T15:08:28Z" username="Cookie"><tag k="OBJCOD" v="ACHBRT"/><tag k="OBJNAM" v="SW"/><tag k="INFORM" v="Cruise Ship Berth"/></node>
</create><create><node lat="7523501" lon="-360226" timestamp="2012-02-10T16:27:06Z" average_rating="0" rating_count="0" reviews_count="0" username="Cookie"><tag k="OBJCOD" v="BCNSPP"/><tag k="OBJNAM" v="Upper Buoy"/><tag k="INFORM" v="RFYC Racemark"/><tag k="COLOUR" v="2"/><tag k="BCNSHP" v="5"/>
            
            
            
            
            
        </node>
</create><create><node lat="7523831" lon="-363253" timestamp="2015-08-12T20:34:56Z" username="JHendo"><tag k="OBJCOD" v="BCNSPP"/><tag k="OBJNAM" v="Mickery Buoy"/><tag k="INFORM" v="RFYC Racemark"/><tag k="COLOUR" v="2"/><tag k="BCNSHP" v="5"/></node>
</create><create><node lat="7524625" lon="-361061" timestamp="2012-02-10T16:29:00Z" average_rating="0" rating_count="0" reviews_count="0" username="Cookie"><tag k="OBJCOD" v="BCNSPP"/><tag k="OBJNAM" v="Outer Buoy"/><tag k="INFORM" v="RFYC Racemark"/><tag k="COLOUR" v="2"/><tag k="BCNSHP" v="5"/>
            
            
            
            
            
        </node>
</create><create><node lat="7524698" lon="-362266" timestamp="2012-02-10T16:12:53Z" username="Cookie"><tag k="OBJCOD" v="BCNSPP"/><tag k="OBJNAM" v="New Buoy"/><tag k="INFORM" v="RFYC Racemark"/><tag k="COLOUR" v="2"/><tag k="BCNSHP" v="5"/>
            
            
            
            
            
        </node>
</create><create><node lat="7525454" lon="-355310" timestamp="2015-07-06T15:08:55Z" username="Cookie"><tag k="OBJCOD" v="ACHBRT"/><tag k="OBJNAM" v="NW"/><tag k="INFORM" v="Cruise Ship Berth"/></node>
</create><modify><node lat="7527170" lon="-370787" timestamp="2015-07-27T21:15:53Z" username="gk24"><tag k="OBJCOD" v="BOYLAT"/></node>
</modify><modify><node lat="7527173" lon="-368357" timestamp="2014-01-15T22:21:47Z" username="Scubadog"><tag k="OBJCOD" v="WRECKS"/><tag k="OBJNAM" v="Skula"/><tag k="INFORM" v="From Rchmas website"/><tag k="DUNITS" v="1"/>
            
            
            
            
        </node>
</modify><create><node lat="7529070" lon="-370819" timestamp="2015-07-20T11:52:03Z" username="Spruce01"><tag k="OBJCOD" v="BCNCAR"/><tag k="OBJNAM" v="Longcraig West Cardinal"/><tag k="INFORM" v="Dalgety Bay Sailing Club seasonal mark&#10;Blue Barrel with West top mark"/><tag k="COLOUR" v="6;2;6"/><tag k="CATCAM" v="4"/><tag k="BCNSHP" v="5"/><slave><tag k="OBJCOD" v="TOPMAR"/><tag k="TOPSHP" v="10"/></slave></node>
</create><create><node lat="7529121" lon="-367364" timestamp="2011-04-01T18:23:48Z" username="unknown"><tag k="OBJCOD" v="ACHBRT"/><tag k="OBJNAM" v="Inchcolm"/><tag k="INFORM" v="Nice little anchorage for the island &#10;Island has gift shop toilets and Inchcolm abbey"/>
            
            
            
        </node>
</create><create><node lat="7529223" lon="-371360" timestamp="2015-07-20T14:51:01Z" username="Spruce01"><tag k="OBJCOD" v="MORFAC"/><tag k="OBJNAM" v="Dalgety Bay Sailing Club Visitor Mooring"/><tag k="INFORM" v="Red bout with orange pick up marked DBSC&#10;Max boat length 30feet&#10;Use at own risk"/></node>
</create><create><node lat="7529245" lon="-370650" timestamp="2015-07-29T21:49:04Z" username="Spruce01"><tag k="OBJCOD" v="BCNSPP"/><tag k="OBJNAM" v="DBSC Long Craig Pole"/><tag k="INFORM" v="Pole maintained by Dalgety Bay Sailing Club"/><tag k="COLOUR" v="2"/><tag k="BCNSHP" v="5"/></node>
</create><modify><node lat="7530163" lon="-368514" timestamp="2012-11-07T12:05:55Z" username="haggs"><tag k="OBJCOD" v="SMACRA"/><tag k="trnbth" v="No"/><tag k="ofsety" v="-103"/><tag k="ofsetx" v="156"/><tag k="maxlen" v="N/A"/><tag k="OBJNAM" v="Braefoot Terminal"/><tag k="INFORM" v="This is a Chemical Tanker pier and has a 50 metre exclusion zone for all private vessels"/><tag k="CATSMC" v="1"/>
            
            
            
            
            
            
            
            
        
            
            
            
            
            
        </node>
</modify><create><node lat="7531036" lon="-359135" timestamp="2013-05-27T11:46:39Z" username="silvestra"><tag k="OBJCOD" v="hotspt"/><tag k="catspt" v="1"/><tag k="DUNITS" v="3"/>
            
            
            
        </node>
</create><create><node lat="7533401" lon="-364959" timestamp="2015-04-12T18:35:40Z" username="JHendo"><tag k="OBJCOD" v="BCNLAT"/><tag k="COLOUR" v="4"/><tag k="BCNSHP" v="5"/></node>
</create><create><node lat="7533448" lon="-366818" timestamp="2015-09-13T01:01:48Z" username="vivacity"><tag k="OBJCOD" v="SLCONS"/><tag k="OBJNAM" v="ramp"/><tag k="INFORM" v=" "/><tag k="CATSLC" v="12"/></node>
</create><create><node lat="7533462" lon="-364127" timestamp="2013-09-06T10:57:36Z" username="dave-g"><tag k="OBJCOD" v="BCNISD"/><tag k="OBJNAM" v="isolated danger mark"/><tag k="INFORM" v="rocks - submerged at high tide"/><tag k="COLOUR" v="2;3;2"/><tag k="BCNSHP" v="5"/>
            
            
            
            
            
            <slave>
                <tag k="OBJCOD" v="TOPMAR"/>
                <tag k="TOPSHP" v="4"/>
            </slave>
        </node>
</create><create><node lat="7533469" lon="-366637" timestamp="2015-09-13T07:46:53Z" username="vivacity"><tag k="OBJCOD" v="SMACRA"/><tag k="trnbth" v=" "/><tag k="ofsety" v="0"/><tag k="ofsetx" v="0"/><tag k="numvhf" v=" "/><tag k="maxlen" v=" "/><tag k="dckdph" v=" "/><tag k="ZIPCDE" v=" "/><tag k="WEBSIT" v="www.aberdourboatclub.co.uk"/><tag k="TELNUM" v="01383860859"/><tag k="STRNAM" v=" "/><tag k="OBJNAM" v="Aberdour"/><tag k="INFORM" v="water, 240v and toilet available, visitors fees &#xA3;9.00 per day"/><tag k="CITYNM" v=" "/><tag k="CATSMC" v="1"/></node>
</create><create><node lat="7533472" lon="-359873" timestamp="2015-07-07T21:16:23Z" username="Cookie"><tag k="OBJCOD" v="BCNSPP"/><tag k="OBJNAM" v="Start/Finish X mark"/><tag k="INFORM" v="Burntisland SC"/><tag k="COLOUR" v="2"/><tag k="BCNSHP" v="5"/></node>
</create><modify><node lat="7533731" lon="-360342" timestamp="2013-06-29T05:33:14Z" username="Calviere2"><tag k="OBJCOD" v="SMACRA"/><tag k="ofsety" v="-363"/><tag k="ofsetx" v="0"/><tag k="CATSMC" v="1"/>
            
            
            
            
        </node>
</modify><modify><node lat="7533863" lon="-359257" timestamp="2014-10-19T12:55:12Z" username="Burntisland SC"><tag k="OBJCOD" v="UWTROC"/><tag k="VALSOU" v="1.2"/><tag k="OBJNAM" v="Kirkbush Rock"/><tag k="INFORM" v="Never emerges. Dangerous at low tides. Marked by BSC buoy in summer."/><tag k="DUNITS" v="1"/>
            
            
            
            
            
        
            
            
            
            
            
        </node>
</modify><create><node lat="7533925" lon="-360119" timestamp="2015-09-13T07:51:40Z" username="vivacity"><tag k="OBJCOD" v="psgiio"/><tag k="catser" v="81"/><tag k="zipcde" v=" "/><tag k="websit" v="www.burntislandsailing.org.uk"/><tag k="telnum" v=" "/><tag k="strnam" v=" "/><tag k="numvhf" v=" "/><tag k="citynm" v=" "/><tag k="OBJNAM" v="Burntisland Sailing Club"/><tag k="INFORM" v="19 to 29ft Yacht Size"/></node>
</create><create><node lat="7533932" lon="-363236" timestamp="2014-06-19T14:52:11Z" username="Burntisland SC"><tag k="OBJCOD" v="UWTROC"/><tag k="WATLEV" v="4"/><tag k="VALSOU" v=" "/><tag k="OBJNAM" v="Commons Rocks"/><tag k="INFORM" v="East end marked by pole (Burntisland SC)"/><tag k="DUNITS" v="1"/>
            
            
            
            
            
            
        </node>
</create><create><node lat="7534673" lon="-356517" timestamp="2012-03-05T20:45:19Z" username="Raj"><tag k="OBJCOD" v="gennav"/><tag k="OBJNAM" v="Black Rock Sands"/><tag k="INFORM" v="Popular Kitesurf beach. &#10;Beware WWII tank traps just east of black rocks."/>
            
            
            
        
            
        </node>
</create><create><node lat="7535511" lon="-354217" timestamp="2015-09-13T01:06:31Z" username="vivacity"><tag k="OBJCOD" v="ACHBRT"/><tag k="OBJNAM" v="Pettycur Bay - Tidal"/><tag k="INFORM" v=" "/></node>
</create><create><node lat="7536619" lon="-352758" timestamp="2015-09-13T01:09:27Z" username="vivacity"><tag k="OBJCOD" v="UWTROC"/><tag k="WATLEV" v="3"/><tag k="VALSOU" v=" "/><tag k="OBJNAM" v="rock"/><tag k="INFORM" v=" "/><tag k="DUNITS" v="1"/></node>
</create><create><node lat="7536735" lon="-353343" timestamp="2012-03-05T20:38:43Z" average_rating="0" rating_count="0" reviews_count="0" username="Raj"><tag k="OBJCOD" v="CGUSTA"/><tag k="OBJNAM" v="Kinghorn Lifeboat Station"/><tag k="INFORM" v="Busiest lifeboat station on the east coast."/>
            
            
            
        </node>
</create><create><node lat="7536816" lon="-353308" timestamp="2012-03-05T20:39:25Z" average_rating="0" rating_count="0" reviews_count="0" username="Raj"><tag k="OBJCOD" v="SLCONS"/><tag k="OBJNAM" v="Kinghorn Sailing Club"/><tag k="CATSLC" v="12"/>
            
            
            
        </node>
</create><create><node lat="7536836" lon="-352724" timestamp="2015-09-13T01:09:12Z" username="vivacity"><tag k="OBJCOD" v="UWTROC"/><tag k="WATLEV" v="3"/><tag k="VALSOU" v=" "/><tag k="OBJNAM" v="rock"/><tag k="INFORM" v=" "/><tag k="DUNITS" v="1"/></node>
</create><create><node lat="7536856" lon="-352997" timestamp="2015-09-13T08:02:52Z" username="vivacity"><tag k="OBJCOD" v="psgiio"/><tag k="catser" v="81"/><tag k="zipcde" v=" "/><tag k="websit" v="www.kinghornsailingclub.org.uk"/><tag k="telnum" v="01592872386"/><tag k="strnam" v=" "/><tag k="numvhf" v=" "/><tag k="citynm" v=" "/><tag k="OBJNAM" v="Kinghorn Sailing Club -Dinghy"/><tag k="INFORM" v="showers"/></node>
</create><create><node lat="7536871" lon="-353053" timestamp="2015-09-13T01:07:37Z" username="vivacity"><tag k="OBJCOD" v="SLCONS"/><tag k="OBJNAM" v="hard"/><tag k="INFORM" v=" "/><tag k="CATSLC" v="12"/></node>
</create></bound>