<?xml version="1.0" encoding="UTF-8"?><bound box="7029786,-352235,7049308,-332667"><create><node lat="7030441" lon="-335056" timestamp="2015-01-21T13:32:39Z" username="Nath108"><tag k="OBJCOD" v="gennav"/><tag k="OBJNAM" v="Langton Lock"/><tag k="INFORM" v="Ch 21"/></node>
</create><create><node lat="7031051" lon="-337700" timestamp="2014-08-16T16:32:42Z" username="Cox"><tag k="OBJCOD" v="BOYSPP"/><tag k="OBJNAM" v="Wave Buoy"/><tag k="INFORM" v="Datawell Wave Buoy&#10;flashing 5 times every 20 seconds"/><tag k="COLOUR" v="6"/><tag k="BOYSHP" v="5"/>
            
            
            
            
            
        </node>
</create><create><node lat="7031859" lon="-339129" timestamp="2013-11-13T16:30:04Z" username="lee gibbon"><tag k="OBJCOD" v="BOYSPP"/><tag k="OBJNAM" v="Rock entrance bazil bouy"/><tag k="INFORM" v=" "/><tag k="COLOUR" v="6"/><tag k="BOYSHP" v="5"/>
            
            
            
            
        
            
            
            
        </node>
</create><create><node lat="7032310" lon="-335626" timestamp="2015-01-21T13:34:00Z" username="Nath108"><tag k="OBJCOD" v="gennav"/><tag k="OBJNAM" v="Gladstone Lock Ch 5 for swing bridge"/><tag k="INFORM" v=" "/></node>
</create><create><node lat="7032365" lon="-335995" timestamp="2015-01-21T13:31:59Z" username="Nath108"><tag k="OBJCOD" v="gennav"/><tag k="OBJNAM" v="Gladstone Lock"/><tag k="INFORM" v="Ch 5"/></node>
</create><delete><node lat="7045379" lon="-341192" timestamp="2012-06-16T04:22:50Z" username="rendy"><tag k="OBJCOD" v="SMACRA"/><tag k="ofsety" v="0"/><tag k="ofsetx" v="779"/><tag k="CATSMC" v="1"/>
            
            
            
            
        </node>
</delete></bound>