<?xml version="1.0" encoding="UTF-8"?><bound box="5975972,-313098,5995481,-293529"><create><node lat="5976551" lon="-304954" timestamp="2015-07-27T21:46:50Z" username="Caricaie1"><tag k="OBJCOD" v="LIGHTS"/><tag k="COLOUR" v="6"/><tag k="OBJNAM" v="fghjl45z"/><tag k="INFORM" v="test d'écriture"/></node>
</create><delete><node lat="5983341" lon="-295854" timestamp="2013-05-13T19:46:15Z" username="CNEGF"><tag k="OBJCOD" v="SOUNDG"/>
            
        </node>
</delete><modify><node lat="5983638" lon="-305718" timestamp="2014-02-24T17:47:03Z" username="ricore50g"><tag k="OBJCOD" v="WRECKS"/><tag k="VALSOU" v="10/15"/><tag k="OBJNAM" v="Voltaire"/><tag k="INFORM" v="&#xC9;pave compl&#xE8;tement disloqu&#xE9;e et ne d&#xE9;passant pas du fond de plus d'un m&#xE8;tre. Un grand nombre d'obus , roquettes et bombes de tous types sont encore pr&#xE9;sents sur ce site"/><tag k="DUNITS" v="1"/>
            
            
            
            
            
        
            
            
            
        </node>
</modify><modify><node lat="5986087" lon="-295750" timestamp="2014-11-01T07:49:57Z" username="ChrisTof"><tag k="OBJCOD" v="BOYSPP"/><tag k="OBJNAM" v="pour essai"/><tag k="INFORM" v="(FEVR-OCT.)"/>
            
            
            
        
            
            
            
        
            
            
            
        
            
            
            
        </node>
</modify><create><node lat="5987482" lon="-310741" timestamp="2015-05-12T18:27:32Z" username="jfl44"><tag k="OBJCOD" v="BOYCAR"/><tag k="abrchr" v="YB"/><tag k="OBJNAM" v="ST JACQUES"/><tag k="COLPAT" v="1"/><tag k="COLOUR" v="6;2"/><tag k="CATCAM" v="3"/><tag k="BOYSHP" v="5"/><slave><tag k="OBJCOD" v="TOPMAR"/><tag k="abrchr" v="YB"/><tag k="COLOUR" v="2"/><tag k="TOPSHP" v="14"/></slave></node>
</create><modify><node lat="5987662" lon="-310809" timestamp="2015-05-12T18:08:35Z" username="jfl44"><tag k="OBJCOD" v="BOYCAR"/></node>
</modify><create><node lat="5989525" lon="-306845" timestamp="2011-09-04T09:47:06Z" username="unknown"><tag k="OBJCOD" v="BOYLAT"/><tag k="OBJNAM" v="bar"/><tag k="COLOUR" v="3"/><tag k="BOYSHP" v="1"/>
            
            
            
            
        </node>
</create><create><node lat="5989759" lon="-297429" timestamp="2014-04-04T07:34:59Z" username="faure"><tag k="OBJCOD" v="hotspt"/><tag k="catspt" v="1"/><tag k="VALSOU" v="12"/><tag k="OBJNAM" v="lieus"/><tag k="INFORM" v=" "/><tag k="DUNITS" v="1"/>
            
            
            
            
            
            
        
            
            
            
            
            
        </node>
</create><create><node lat="5990537" lon="-299795" timestamp="2010-12-03T14:15:07Z"><tag k="OBJCOD" v="hotspt"/><tag k="catspt" v="1"/><tag k="DUNITS" v="1"/>
            
            
            
        </node>
</create><modify><node lat="5990568" lon="-310607" timestamp="2012-01-22T19:14:31Z" username="Homer"><tag k="OBJCOD" v="LIGHTS"/><tag k="COLOUR" v="3"/><tag k="OBJNAM" v="Port St. Jacques"/>
            
            
            
        </node>
</modify><modify><node lat="5990850" lon="-306830" timestamp="2011-06-30T16:09:55Z" username="unknown"><tag k="OBJCOD" v="BCNCAR"/><tag k="OBJNAM" v="roaliguen sud"/>
            
            
        
            
            
        </node>
</modify><create><node lat="5990961" lon="-300335" timestamp="2010-12-03T14:14:50Z"><tag k="OBJCOD" v="hotspt"/><tag k="catspt" v="1"/><tag k="DUNITS" v="1"/>
            
            
            
        </node>
</create><create><node lat="5990966" lon="-301012" timestamp="2010-12-03T14:16:01Z"><tag k="OBJCOD" v="hotspt"/><tag k="catspt" v="1"/><tag k="DUNITS" v="1"/>
            
            
            
        </node>
</create><create><node lat="5991276" lon="-301606" timestamp="2010-12-03T14:12:56Z"><tag k="OBJCOD" v="hotspt"/><tag k="catspt" v="1"/><tag k="DUNITS" v="1"/>
            
            
            
        </node>
</create><modify><node lat="5991417" lon="-304763" timestamp="2011-06-30T16:05:04Z" username="unknown"><tag k="OBJCOD" v="BCNCAR"/><tag k="OBJNAM" v="beglann sud"/>
            
            
        </node>
</modify><create><node lat="5991569" lon="-301151" timestamp="2010-12-03T14:14:05Z"><tag k="OBJCOD" v="hotspt"/><tag k="catspt" v="1"/><tag k="DUNITS" v="1"/>
            
            
            
        </node>
</create><delete><node lat="5991759" lon="-294651" timestamp="2011-02-25T22:11:53Z" username="unknown"><tag k="OBJCOD" v="UWTROC"/><tag k="WATLEV" v="2"/><tag k="DUNITS" v="1"/>
            
            
            
        </node>
</delete><create><node lat="5992157" lon="-309040" timestamp="2014-08-07T20:29:25Z" username="bribri 52"><tag k="OBJCOD" v="SBDARE"/><tag k="NATSUR" v="4"/></node>
</create><modify><node lat="5992471" lon="-294434" timestamp="2015-06-06T08:02:16Z" username="bleimor"><tag k="OBJCOD" v="BCNLAT"/></node>
</modify><delete><node lat="5992532" lon="-294414" timestamp="2011-01-26T15:54:34Z"><tag k="OBJCOD" v="BCNISD"/>
            
        </node>
</delete><create><node lat="5992533" lon="-294414" timestamp="2014-02-09T10:05:25Z" username="Pierre_56"><tag k="OBJCOD" v="BCNLAT"/><tag k="abrchr" v="R BN"/><tag k="MARSYS" v="1"/><tag k="COLOUR" v="3"/><tag k="CATLAM" v="1"/><tag k="BCNSHP" v="5"/>
            
            
            
            
            
            
            <slave>
                <tag k="OBJCOD" v="TOPMAR"/>
                <tag k="abrchr" v="R BN"/>
                <tag k="COLOUR" v="3"/>
                <tag k="MARSYS" v="1"/>
                <tag k="TOPSHP" v="5"/>
            </slave>
        </node>
</create><create><node lat="5994336" lon="-295156" timestamp="2010-12-03T14:18:44Z"><tag k="OBJCOD" v="hotspt"/><tag k="catspt" v="1"/><tag k="DUNITS" v="1"/>
            
            
            
        </node>
</create><create><node lat="5994606" lon="-295530" timestamp="2010-12-03T14:18:31Z"><tag k="OBJCOD" v="hotspt"/><tag k="catspt" v="1"/><tag k="DUNITS" v="1"/>
            
            
            
        </node>
</create></bound>