<?xml version="1.0" encoding="UTF-8"?><bound box="5995481,-371804,6014989,-352235"><modify><node lat="5995627" lon="-357081" timestamp="2013-12-13T23:52:08Z" username="tambouille"><tag k="OBJCOD" v="WRECKS"/><tag k="VALSOU" v="25"/><tag k="OBJNAM" v="Fantoft"/><tag k="INFORM" v="70L&#10;10l"/><tag k="DUNITS" v="1"/>
            
            
            
            
            
        </node>
</modify><modify><node lat="6000246" lon="-360867" timestamp="2013-12-13T23:44:58Z" username="tambouille"><tag k="OBJCOD" v="WRECKS"/><tag k="VALSOU" v="30"/><tag k="OBJNAM" v="Pontoporos"/><tag k="INFORM" v="115L&#10;15l"/><tag k="DUNITS" v="1"/>
            
            
            
            
            
        </node>
</modify><create><node lat="6001710" lon="-352582" timestamp="2015-09-03T17:43:46Z" username="El commandor"><tag k="OBJCOD" v="UWTROC"/><tag k="WATLEV" v="4"/><tag k="VALSOU" v=" "/><tag k="OBJNAM" v="la black'pearl"/><tag k="INFORM" v=" "/><tag k="DUNITS" v="1"/></node>
</create><create><node lat="6002014" lon="-352605" timestamp="2015-09-03T17:41:54Z" username="El commandor"><tag k="OBJCOD" v="UWTROC"/><tag k="WATLEV" v="4"/><tag k="VALSOU" v=" "/><tag k="OBJNAM" v="la jolly'roger"/><tag k="INFORM" v=" "/><tag k="DUNITS" v="1"/></node>
</create><create><node lat="6002198" lon="-352633" timestamp="2015-09-03T17:38:33Z" username="El commandor"><tag k="OBJCOD" v="UWTROC"/><tag k="WATLEV" v="4"/><tag k="VALSOU" v=" "/><tag k="OBJNAM" v="la jack'sparow"/><tag k="INFORM" v=" "/><tag k="DUNITS" v="1"/></node>
</create><create><node lat="6002235" lon="-352437" timestamp="2015-09-09T17:19:17Z" username="El commandor"><tag k="OBJCOD" v="UWTROC"/><tag k="WATLEV" v="4"/><tag k="VALSOU" v=" "/><tag k="OBJNAM" v="the rock"/><tag k="INFORM" v=" "/><tag k="DUNITS" v="1"/></node>
</create><create><node lat="6010685" lon="-356060" timestamp="2015-08-22T14:27:14Z" username="saratrou56"><tag k="OBJCOD" v="ACHBRT"/><tag k="OBJNAM" v="Roelan"/><tag k="INFORM" v="Mouillage"/></node>
</create><modify><node lat="6013047" lon="-371255" timestamp="2015-07-29T01:33:00Z" username="goût d'sail"><tag k="OBJCOD" v="BOYLAT"/><tag k="OBJNAM" v="BASSE DU GUIHEL"/><tag k="INFORM" v="marque  spéciale."/></node>
</modify><modify><node lat="6014501" lon="-371703" timestamp="2013-04-20T22:17:18Z" username="youen"><tag k="OBJCOD" v="WRECKS"/><tag k="OBJNAM" v="Nadia"/><tag k="INFORM" v=" "/><tag k="DUNITS" v="1"/>
            
            
            
            
        </node>
</modify><modify><node lat="6014869" lon="-367203" timestamp="2013-08-28T08:40:50Z" username="jeff56"><tag k="OBJCOD" v="WRECKS"/><tag k="OBJNAM" v="Jeff56"/><tag k="INFORM" v="Pas grand int&#xE9;r&#xEA;t"/><tag k="DUNITS" v="1"/>
            
        
            
            
            
            
        </node>
</modify></bound>