<?xml version="1.0" encoding="UTF-8"?><bound box="7596009,-332667,7615537,-313098"><create><node lat="7613310" lon="-320680" timestamp="2011-01-03T12:14:47Z"><tag k="OBJCOD" v="SMACRA"/><tag k="trnbth" v="Yes"/><tag k="ofsety" v="0"/><tag k="ofsetx" v="0"/><tag k="OBJNAM" v="Tayport"/><tag k="INFORM" v="Unfortunately run by harbour trust committee&#10;Say no more"/><tag k="CATSMC" v="1"/>
            
            
            
            
            
            
        
            
            
            
            
            
        </node>
</create><modify><node lat="7613379" lon="-320747" timestamp="2014-01-13T12:33:12Z" username="editcw"><tag k="OBJCOD" v="SMACRA"/><tag k="ofsety" v="-262"/><tag k="ofsetx" v="-838"/><tag k="INFORM" v="Unfortunately run by harbour trust committee&#10;Say no more"/><tag k="CATSMC" v="1"/>
            
            
            
            
            
        </node>
</modify></bound>