<?xml version="1.0" encoding="UTF-8"?><bound box="7127397,-352235,7146920,-332667"><modify><node lat="7128075" lon="-337360" timestamp="2012-11-01T23:33:39Z" username="Moondance"><tag k="OBJCOD" v="SMACRA"/><tag k="ofsety" v="-393"/><tag k="ofsetx" v="-394"/><tag k="CATSMC" v="1"/>
            
            
            
            
        </node>
</modify><create><node lat="7128223" lon="-336654" timestamp="2015-04-09T21:24:49Z" username="jpm209"><tag k="OBJCOD" v="ACHBRT"/><tag k="OBJNAM" v="Bruin"/><tag k="INFORM" v="Anchor here in calm weather to await the tide for Fleetwood"/></node>
</create><modify><node lat="7128357" lon="-337760" timestamp="2014-12-24T09:01:13Z" username="rob1956"><tag k="OBJCOD" v="BOYCAR"/>
            
        </node>
</modify><create><node lat="7129956" lon="-339351" timestamp="2012-11-04T09:32:34Z" username="Pad"><tag k="OBJCOD" v="WRECKS"/><tag k="DUNITS" v="1"/><tag k="CATWRK" v="1"/>
            
            
            
        </node>
</create><modify><node lat="7131378" lon="-334062" timestamp="2015-02-10T21:24:22Z" username="Macca52"><tag k="OBJCOD" v="BOYCAR"/></node>
</modify><create><node lat="7133723" lon="-341420" timestamp="2012-02-27T21:19:51Z" username="unknown"><tag k="OBJCOD" v="BOYSPP"/><tag k="OBJNAM" v="Wave Buoy"/><tag k="INFORM" v="WWW.channelcoast.org"/><tag k="COLOUR" v="6"/><tag k="BOYSHP" v="5"/>
            
            
            
            
            
            <slave>
                <tag k="OBJCOD" v="LIGHTS"/>
                <tag k="COLOUR" v="12"/>
            </slave>
        </node>
</create><delete><node lat="7135890" lon="-339854" timestamp="2013-03-30T14:54:45Z" username="unknown"><tag k="OBJCOD" v="BOYSPP"/><tag k="OBJNAM" v="Spoil Buoy"/><tag k="INFORM" v="Removed"/>
            
            
            
        
            
            
            
        </node>
</delete><create><node lat="7144570" lon="-350044" timestamp="2012-11-13T13:44:42Z" username="rob11111"><tag k="OBJCOD" v="UWTROC"/><tag k="WATLEV" v="2"/><tag k="DUNITS" v="1"/>
            
            
            
        </node>
</create><create><node lat="7146632" lon="-348992" timestamp="2011-04-26T17:08:59Z" username="gav"><tag k="OBJCOD" v="BCNSAW"/><tag k="COLOUR" v="3;1"/><tag k="BCNSHP" v="5"/>
            
            
            
        </node>
</create></bound>