<?xml version="1.0" encoding="UTF-8"?><bound box="7283587,-391372,7303112,-371804"><modify><node lat="7300700" lon="-380968" timestamp="2013-06-24T21:32:37Z" username="Serena"><tag k="OBJCOD" v="WRECKS"/><tag k="OBJNAM" v="Misty Dawn"/><tag k="INFORM" v="Type - MFV&#10;Length - 26.25ft&#10;Date Sunk - 23/08/2008"/><tag k="DUNITS" v="3"/>
            
            
            
            
        </node>
</modify><modify><node lat="7301679" lon="-378283" timestamp="2013-12-21T06:10:59Z" username="tobykc"><tag k="OBJCOD" v="SMACRA"/><tag k="ofsety" v="-100"/><tag k="ofsetx" v="553"/><tag k="CATSMC" v="1"/>
            
            
            
            
        </node>
</modify></bound>