<?xml version="1.0" encoding="UTF-8"?><bound box="5332358,-469647,5351857,-450078"><create><node lat="5348627" lon="-459070" timestamp="2014-03-06T10:16:35Z" username="unknown"><tag k="OBJCOD" v="gennav"/><tag k="OBJNAM" v="isobatas juntas"/>
            
            
        </node>
</create><create><node lat="5350396" lon="-457680" timestamp="2013-03-28T08:55:49Z" username="unknown"><tag k="OBJCOD" v="hotspt"/><tag k="catspt" v="1"/><tag k="OBJNAM" v="sardas"/><tag k="DUNITS" v="1"/>
            
            
            
            
        </node>
</create><create><node lat="5351325" lon="-452163" timestamp="2014-01-13T01:01:58Z" username="unknown"><tag k="OBJCOD" v="gennav"/><tag k="OBJNAM" v="posible piedra"/>
            
            
        </node>
</create><create><node lat="5351590" lon="-453957" timestamp="2014-06-22T11:55:38Z" username="unknown"><tag k="OBJCOD" v="hotspt"/><tag k="catspt" v="1"/><tag k="OBJNAM" v="roca buena"/><tag k="DUNITS" v="1"/>
            
            
            
            
        </node>
</create><create><node lat="5351593" lon="-452695" timestamp="2014-01-13T01:02:30Z" username="unknown"><tag k="OBJCOD" v="gennav"/><tag k="OBJNAM" v="posible piedra&#10;"/>
            
            
        </node>
</create></bound>