<?xml version="1.0" encoding="UTF-8"?><bound box="4357796,-410941,4377280,-391372"><create><node lat="4358619" lon="-392321" timestamp="2011-09-06T13:25:18Z" username="unknown"><tag k="OBJCOD" v="UWTROC"/><tag k="WATLEV" v="2"/><tag k="OBJNAM" v="ff"/><tag k="INFORM" v="te"/><tag k="DUNITS" v="1"/>
            
            
            
            
            
        </node>
</create><create><node lat="4359054" lon="-392900" timestamp="2011-09-06T13:23:46Z" username="unknown"><tag k="OBJCOD" v="gennav"/><tag k="OBJNAM" v="prueba"/><tag k="INFORM" v="está"/>
            
            
            
        </node>
</create><create><node lat="4369779" lon="-394902" timestamp="2013-11-03T18:59:57Z" username="unknown"><tag k="OBJCOD" v="hotspt"/><tag k="catspt" v="1"/><tag k="VALSOU" v="12010"/><tag k="OBJNAM" v="Zafra"/><tag k="DUNITS" v="1"/>
            
            
            
            
            
        
            
            
            
            
        </node>
</create><create><node lat="4371410" lon="-397395" timestamp="2013-08-15T21:39:31Z" username="unknown"><tag k="OBJCOD" v="hotspt"/><tag k="catspt" v="1"/><tag k="VALSOU" v="110"/><tag k="OBJNAM" v="Pesca"/><tag k="INFORM" v="Zafra"/><tag k="DUNITS" v="1"/>
            
            
            
            
        
            
            
            
            
            
        </node>
</create><delete><node lat="4372312" lon="-391699" timestamp="2014-12-01T20:59:58Z" username="vigo"><tag k="OBJCOD" v="SOUNDG"/>
            
        </node>
</delete><create><node lat="4373420" lon="-392007" timestamp="2013-06-18T15:53:29Z" username="unknown"><tag k="OBJCOD" v="gennav"/><tag k="OBJNAM" v="comprobar"/>
            
            
        </node>
</create><modify><node lat="4373703" lon="-392340" timestamp="2014-11-16T16:01:51Z" username="vigo"><tag k="OBJCOD" v="SOUNDG"/><tag k="VALSOU" v="36"/><tag k="DUNITS" v="1"/>
            
            
            
        </node>
</modify><delete><node lat="4374032" lon="-391425" timestamp="2013-08-10T20:45:14Z" username="jose benitez "><tag k="OBJCOD" v="SMACRA"/><tag k="ofsety" v="684"/><tag k="ofsetx" v="432"/><tag k="SRVLST" v="29"/><tag k="OBJNAM" v="Motril"/><tag k="CATSMC" v="1"/>
            
            
            
            
        
            
            
            
            
            
            
        </node>
</delete><delete><node lat="4374209" lon="-392823" timestamp="2014-11-15T21:49:15Z" username="vigo"><tag k="OBJCOD" v="SOUNDG"/>
            
        </node>
</delete><modify><node lat="4374240" lon="-392343" timestamp="2015-02-09T18:15:35Z" username="vigo"><tag k="OBJCOD" v="SOUNDG"/></node>
</modify><modify><node lat="4374990" lon="-393482" username="martinmore" timestamp="2012-09-01T06:16:14Z" average_rating="4.0" rating_count="1" reviews_count="1"><tag k="OBJCOD" v="psgiio"/><tag k="catser" v="23"/>
            
            
        
            
            
        
            
            
        
            
            
        
            
            
        </node>
</modify><modify><node lat="4375042" lon="-392575" timestamp="2015-03-23T14:36:09Z" username="leoncoloma"><tag k="OBJCOD" v="SOUNDG"/><tag k="VALSOU" v="7"/><tag k="DUNITS" v="1"/></node>
</modify><create><node lat="4375096" lon="-392751" timestamp="2015-07-23T00:00:00Z" username="ADAC"><tag k="OBJCOD" v="SMACRA"/><tag k="OBJNAM" v="Real Club Náutico de Motril"/><tag k="ofsety" v="10"/><tag k="ofsetx" v="10"/><tag k="CATSMC" v="1"/><tag k="WEBSIT" v="http://www.marinafuehrer.adac.de/haefen/real-club-nautico-de-motril/"/></node>
</create><create><node lat="4375226" lon="-392744" timestamp="2015-05-23T06:19:19Z" average_rating="3" rating_count="1" reviews_count="1" username="skipperconny"><tag k="OBJCOD" v="SMACRA"/><tag k="trnbth" v="5"/><tag k="ofsety" v="0"/><tag k="ofsetx" v="0"/><tag k="numvhf" v="9"/><tag k="maxlen" v=" "/><tag k="dckdph" v=" "/><tag k="ZIPCDE" v=" "/><tag k="WEBSIT" v=" "/><tag k="TELNUM" v=" "/><tag k="STRNAM" v=" "/><tag k="SRVLST" v="127;126"/><tag k="OBJNAM" v="Real club nautico de motril"/><tag k="INFORM" v="Buena marina con vientos de poniente,servicio muy amable.wifi regular.Incomoda con vientos de levant&#xE9;.&#10;During Wind from SO it is very restless."/><tag k="CITYNM" v=" "/><tag k="CATSMC" v="1"/></node>
</create><create><node lat="4375496" lon="-393570" timestamp="2012-02-20T09:49:45Z" username="armin"><tag k="OBJCOD" v="psgiio"/><tag k="catser" v="22"/><tag k="zipcde" v="18613"/><tag k="websit" v="http://www.nauticatriton.com"/><tag k="telnum" v="958833885"/><tag k="strnam" v="Poligono industrial Las Alaidas NAVE6"/><tag k="citynm" v="Puerto de Motril"/><tag k="OBJNAM" v="Nautica Triton"/><tag k="INFORM" v="Yanmar Dealer &amp; Service"/>
            
            
            
            
            
            
            
            
            
        
            
            
        </node>
</create><create><node lat="4375524" lon="-392566" timestamp="2015-05-17T16:27:04Z" username="edur"><tag k="OBJCOD" v="SMACRA"/><tag k="trnbth" v=" "/><tag k="ofsety" v="0"/><tag k="ofsetx" v="0"/><tag k="numvhf" v=" "/><tag k="maxlen" v=" "/><tag k="dckdph" v=" "/><tag k="ZIPCDE" v=" "/><tag k="WEBSIT" v=" "/><tag k="TELNUM" v=" "/><tag k="STRNAM" v=" "/><tag k="OBJNAM" v="rcn motril"/><tag k="INFORM" v=" "/><tag k="CITYNM" v=" "/><tag k="CATSMC" v="1"/></node>
</create><delete><node lat="4375770" lon="-400913" timestamp="2014-02-17T16:22:15Z" username="unknown"><tag k="OBJCOD" v="BOYSPP"/>
            
        </node>
</delete><create><node lat="4376006" lon="-410319" timestamp="2012-08-14T11:50:51Z" username="unknown"><tag k="OBJCOD" v="ACHBRT"/><tag k="OBJNAM" v="Rafa"/>
            
            
        </node>
</create><create><node lat="4376389" lon="-410839" timestamp="2012-12-06T03:35:52Z" username="unknown"><tag k="OBJCOD" v="UWTROC"/><tag k="WATLEV" v="3"/><tag k="OBJNAM" v="piedra daniela"/><tag k="INFORM" v="cuÃ±aos"/><tag k="DUNITS" v="1"/>
            
            
            
            
            
        </node>
</create><create><node lat="4376442" lon="-408910" timestamp="2014-11-12T12:32:35Z" username="MARMAC"><tag k="OBJCOD" v="ACHBRT"/><tag k="OBJNAM" v="Erizo"/>
            
            
        </node>
</create><modify><node lat="4377092" lon="-406633" timestamp="2012-11-28T22:13:53Z" username="manolo3003"><tag k="OBJCOD" v="SBDARE"/>
            
        </node>
</modify><create><node lat="4377205" lon="-408629" timestamp="2011-07-25T12:14:53Z" username="unknown"><tag k="OBJCOD" v="gennav"/><tag k="OBJNAM" v="belilla"/>
            
            
        </node>
</create></bound>