<?xml version="1.0" encoding="UTF-8"?><bound box="4357796,-332667,4377280,-313098"><create><node lat="4365168" lon="-313246" timestamp="2013-08-26T05:22:27Z" username="unknown"><tag k="OBJCOD" v="BCNLAT"/><tag k="OBJNAM" v="L"/><tag k="COLOUR" v="3;4"/><tag k="BCNSHP" v="5"/>
            
            
            
            
        </node>
</create><create><node lat="4367281" lon="-314010" timestamp="2014-03-11T15:20:15Z" username="ismael1510"><tag k="OBJCOD" v="gennav"/><tag k="OBJNAM" v="abierta 1"/><tag k="INFORM" v=" "/>
            
            
            
        </node>
</create><create><node lat="4367659" lon="-320988" timestamp="2015-03-17T11:10:12Z" username="unknown"><tag k="OBJCOD" v="hotspt"/><tag k="catspt" v="1"/><tag k="OBJNAM" v="Marca 1"/><tag k="DUNITS" v="1"/></node>
</create><modify><node lat="4367680" lon="-317736" timestamp="2014-08-09T12:38:59Z" username="jose luis capilla"><tag k="OBJCOD" v="WRECKS"/>
            
        </node>
</modify><create><node lat="4367716" lon="-323041" timestamp="2012-02-04T14:15:28Z" average_rating="0" rating_count="0" reviews_count="0" username="jose luis capilla"><tag k="OBJCOD" v="hotspt"/><tag k="catspt" v="1"/><tag k="OBJNAM" v="Liston Levante"/><tag k="INFORM" v="Liston punta de Levante"/><tag k="DUNITS" v="1"/>
            
            
            
            
            
        
            
            
        
            
            
        </node>
</create><create><node lat="4367869" lon="-313213" timestamp="2013-07-08T05:30:27Z" username="unknown"><tag k="OBJCOD" v="BCNLAT"/><tag k="OBJNAM" v="P&#10;&#10;"/><tag k="COLOUR" v="3;4"/><tag k="BCNSHP" v="5"/>
            
            
            
            
        </node>
</create><modify><node lat="4367872" lon="-314953" timestamp="2013-06-24T13:48:04Z" username="jony"><tag k="OBJCOD" v="WRECKS"/><tag k="VALSOU" v=" "/><tag k="OBJNAM" v="ASTENE III"/><tag k="INFORM" v=" "/><tag k="DUNITS" v="1"/>
            
            
            
            
            
        </node>
</modify><create><node lat="4367911" lon="-314906" timestamp="2015-11-15T12:46:37Z" username="frankv"><tag k="OBJCOD" v="hotspt"/><tag k="catspt" v="1"/><tag k="DUNITS" v="1"/></node>
</create><create><node lat="4368982" lon="-328018" timestamp="2014-04-03T10:25:10Z" username="santi luque"><tag k="OBJCOD" v="hotspt"/><tag k="catspt" v="1"/><tag k="OBJNAM" v="Piedras de BolaÃÂ±os"/><tag k="INFORM" v="Piedras salpicadas"/><tag k="DUNITS" v="1"/>
            
            
            
            
            
        </node>
</create><create><node lat="4370308" lon="-316025" timestamp="2013-12-10T11:08:26Z" username="bandarra"><tag k="OBJCOD" v="SOUNDG"/><tag k="VALSOU" v="7.70"/><tag k="DUNITS" v="1"/>
            
            
            
        </node>
</create><delete><node lat="4370408" lon="-316288" timestamp="2013-12-10T11:08:26Z" username="bandarra"><tag k="OBJCOD" v="SOUNDG"/>
            
        </node>
</delete><delete><node lat="4370937" lon="-314203" timestamp="2013-01-08T22:15:27Z" username="unknown"><tag k="OBJCOD" v="SMACRA"/><tag k="ofsety" v="-324"/><tag k="ofsetx" v="-144"/><tag k="OBJNAM" v="Bah&#xED;a de San Miguel (Almerimar)"/><tag k="CATSMC" v="1"/>
            
            
            
            
            
        </node>
</delete><modify><node lat="4371554" lon="-317753" timestamp="2011-08-11T10:21:20Z" username="unknown"><tag k="OBJCOD" v="SMACRA"/><tag k="ofsety" v="0"/><tag k="ofsetx" v="324"/><tag k="CATSMC" v="1"/>
            
            
            
            
        </node>
</modify><create><node lat="4371678" lon="-317891" timestamp="2014-08-07T14:05:51Z" username="Briboon"><tag k="OBJCOD" v="ACHBRT"/><tag k="OBJNAM" v="Fondeo"/><tag k="INFORM" v=" "/>
            
            
            
        </node>
</create><create><node lat="4371764" lon="-318071" timestamp="2012-10-22T22:49:36Z" username="unknown"><tag k="OBJCOD" v="UWTROC"/><tag k="WATLEV" v="2"/><tag k="OBJNAM" v="Piedra del moro"/><tag k="DUNITS" v="1"/>
            
            
            
            
        </node>
</create><create><node lat="4371779" lon="-318050" timestamp="2013-12-14T20:47:18Z" username="unknown"><tag k="OBJCOD" v="BOYLAT"/><tag k="OBJNAM" v="piedra moro"/><tag k="INFORM" v="moro"/><tag k="COLOUR" v="4;3"/><tag k="BOYSHP" v="2"/>
            
            
            
            
            
            <slave>
                <tag k="OBJCOD" v="FOGSIG"/>
            </slave>
            <slave>
                <tag k="OBJCOD" v="LIGHTS"/>
                <tag k="COLOUR" v="4"/>
            </slave>
        </node>
</create><create><node lat="4372850" lon="-318963" timestamp="2015-11-22T23:01:21Z" username="unknown"><tag k="OBJCOD" v="MORFAC"/><tag k="OBJNAM" v="orilla frente chalet"/></node>
</create><create><node lat="4373912" lon="-321368" timestamp="2015-11-15T12:46:14Z" username="frankv"><tag k="OBJCOD" v="hotspt"/><tag k="catspt" v="1"/><tag k="DUNITS" v="1"/></node>
</create><create><node lat="4374661" lon="-332542" timestamp="2015-09-09T15:57:12Z" username="yamager"><tag k="OBJCOD" v="hotspt"/><tag k="catspt" v="1"/><tag k="VALSOU" v=" "/><tag k="OBJNAM" v=" "/><tag k="INFORM" v=" "/><tag k="DUNITS" v="1"/></node>
</create><create><node lat="4374755" lon="-324969" timestamp="2015-11-20T22:19:45Z" username="unknown"><tag k="OBJCOD" v="hotspt"/><tag k="catspt" v="1"/><tag k="OBJNAM" v="calamar"/><tag k="DUNITS" v="1"/></node>
</create><create><node lat="4375131" lon="-325148" timestamp="2015-11-18T21:15:31Z" username="unknown"><tag k="OBJCOD" v="hotspt"/><tag k="catspt" v="1"/><tag k="OBJNAM" v="calamar"/><tag k="DUNITS" v="1"/></node>
</create><create><node lat="4375140" lon="-325025" timestamp="2015-11-18T21:09:47Z" username="unknown"><tag k="OBJCOD" v="hotspt"/><tag k="catspt" v="1"/><tag k="OBJNAM" v="calamar"/><tag k="DUNITS" v="1"/></node>
</create><create><node lat="4375948" lon="-321436" timestamp="2015-11-16T17:23:18Z" username="frankv"><tag k="OBJCOD" v="ACHBRT"/><tag k="OBJNAM" v="Torre de Balerma"/></node>
</create><create><node lat="4375961" lon="-321414" timestamp="2015-11-15T12:38:53Z" username="frankv"><tag k="OBJCOD" v="hotspt"/><tag k="catspt" v="1"/><tag k="DUNITS" v="1"/></node>
</create><create><node lat="4375961" lon="-321414" timestamp="2015-11-16T18:00:51Z" username="frankv"><tag k="OBJCOD" v="LIGHTS"/><tag k="COLOUR" v="3"/><tag k="abrchr" v="FL (4) R 11S 3M"/><tag k="VALNMR" v="3"/><tag k="SIGPER" v="11"/><tag k="SIGGRP" v="(4)"/><tag k="LITCHR" v="2"/><tag k="HEIGHT" v="5"/></node>
</create><create><node lat="4375967" lon="-321411" timestamp="2015-11-15T12:07:23Z" username="frankv"><tag k="OBJCOD" v="gennav"/><tag k="OBJNAM" v="Casa"/><tag k="INFORM" v=""/></node>
</create><create><node lat="4376134" lon="-321693" timestamp="2015-11-15T12:38:29Z" username="frankv"><tag k="OBJCOD" v="hotspt"/><tag k="catspt" v="1"/><tag k="OBJNAM" v="Abierta"/><tag k="INFORM" v="Calamares"/><tag k="DUNITS" v="1"/></node>
</create><create><node lat="4376146" lon="-321650" timestamp="2015-11-15T12:40:27Z" username="frankv"><tag k="OBJCOD" v="gennav"/></node>
</create><create><node lat="4376200" lon="-321405" timestamp="2014-02-26T16:58:05Z" username="jose luis capilla"><tag k="OBJCOD" v="psgiio"/><tag k="catser" v="134"/><tag k="zipcde" v="04712"/><tag k="telnum" v="+34 950606205"/><tag k="strnam" v="Princesa Sofía  32"/><tag k="citynm" v="Balerma"/><tag k="OBJNAM" v="Farmacia de José Manuel"/>
            
            
            
            
            
            
            
        </node>
</create><create><node lat="4376736" lon="-322160" timestamp="2015-11-18T21:02:40Z" username="unknown"><tag k="OBJCOD" v="gennav"/><tag k="OBJNAM" v="salida"/></node>
</create></bound>