<?xml version="1.0" encoding="UTF-8"?><bound box="4435733,-410941,4455218,-391372"><create><node lat="4439448" lon="-404376" timestamp="2013-07-07T19:37:02Z" username="unknown"><tag k="OBJCOD" v="hotspt"/><tag k="catspt" v="1"/><tag k="DUNITS" v="1"/>
            
            
            
        </node>
</create><create><node lat="4441472" lon="-404803" timestamp="2014-12-30T10:03:31Z" username="vigo"><tag k="OBJCOD" v="SOUNDG"/><tag k="VALSOU" v="6"/><tag k="DUNITS" v="1"/>
            
            
            
        </node>
</create><create><node lat="4445680" lon="-403966" timestamp="2013-03-30T17:57:05Z" username="joagala"><tag k="OBJCOD" v="hotspt"/><tag k="catspt" v="1"/><tag k="VALSOU" v="100"/><tag k="OBJNAM" v="Pesca"/><tag k="INFORM" v="Pesca"/><tag k="DUNITS" v="1"/>
            
            
            
            
            
            
        </node>
</create></bound>