<?xml version="1.0" encoding="UTF-8"?><bound box="7127397,-332667,7146920,-313098"><modify><node lat="7129774" lon="-326766" timestamp="2014-11-26T19:31:24Z" username="Macca52"><tag k="OBJCOD" v="BOYLAT"/>
            
        </node>
</modify><modify><node lat="7130372" lon="-323635" timestamp="2014-11-26T19:32:07Z" username="Macca52"><tag k="OBJCOD" v="BOYLAT"/>
            
        </node>
</modify><create><node lat="7130458" lon="-324531" timestamp="2013-05-14T13:07:55Z" username="jackhamer"><tag k="OBJCOD" v="BOYLAT"/><tag k="abrchr" v="G Q G"/><tag k="OBJNAM" v="&quot;NO 5&quot;"/><tag k="MARSYS" v="1"/><tag k="COLOUR" v="4"/><tag k="CATLAM" v="2"/><tag k="BOYSHP" v="1"/>
            
            
            
            
            
            
            
            <slave>
                <tag k="OBJCOD" v="LIGHTS"/>
                <tag k="abrchr" v="G Q G"/>
                <tag k="COLOUR" v="4"/>
                <tag k="LITCHR" v="4"/>
                <tag k="VERDAT" v="17"/>
            </slave>
        </node>
</create><modify><node lat="7130505" lon="-330070" timestamp="2014-11-30T08:34:46Z" username="Macca52"><tag k="OBJCOD" v="BOYLAT"/>
            
        </node>
</modify><modify><node lat="7130797" lon="-326126" timestamp="2014-11-26T19:31:14Z" username="Macca52"><tag k="OBJCOD" v="BOYLAT"/>
            
        </node>
</modify><create><node lat="7130821" lon="-326089" timestamp="2015-08-04T21:18:41Z" username="Jason. "><tag k="OBJCOD" v="BOYLAT"/><tag k="OBJNAM" v="No 4 Fl(2) R 6s"/><tag k="INFORM" v="New pos No. 4 as of 04.08.15"/><tag k="COLOUR" v="3"/><tag k="BOYSHP" v="1"/><slave><tag k="OBJCOD" v="LIGHTS"/><tag k="COLOUR" v="3"/></slave></node>
</create><modify><node lat="7131370" lon="-324095" timestamp="2014-11-26T19:32:31Z" username="Macca52"><tag k="OBJCOD" v="BOYLAT"/>
            
        </node>
</modify><create><node lat="7131636" lon="-330607" timestamp="2015-07-01T15:10:24Z" username="Poss1"><tag k="OBJCOD" v="BOYLAT"/><tag k="abrchr" v="R FL(3) R 10S"/><tag k="OBJNAM" v="&quot;NO 2&quot;"/><tag k="MARSYS" v="1"/><tag k="COLOUR" v="3"/><tag k="CATLAM" v="1"/><tag k="BOYSHP" v="2"/><slave><tag k="OBJCOD" v="LIGHTS"/><tag k="SIGGRP" v="(3)"/><tag k="SIGPER" v="10"/><tag k="abrchr" v="R FL(3) R 10S"/><tag k="COLOUR" v="3"/><tag k="LITCHR" v="2"/></slave></node>
</create><delete><node lat="7131636" lon="-329892" timestamp="2015-07-01T15:10:24Z" username="Poss1"><tag k="OBJCOD" v="BOYLAT"/></node>
</delete><create><node lat="7132386" lon="-327960" timestamp="2014-08-21T21:26:28Z" username="musarkie"><tag k="OBJCOD" v="BOYLAT"/><tag k="abrchr" v="R FL(2) R 5S"/><tag k="OBJNAM" v="&quot;NO 4&quot;"/><tag k="MARSYS" v="1"/><tag k="COLOUR" v="3"/><tag k="CATLAM" v="1"/><tag k="BOYSHP" v="2"/>
            
            
            
            
            
            
            
            <slave>
                <tag k="OBJCOD" v="LIGHTS"/>
                <tag k="SIGGRP" v="(2)"/>
                <tag k="SIGPER" v="5"/>
                <tag k="abrchr" v="R FL(2) R 5S"/>
                <tag k="COLOUR" v="3"/>
                <tag k="LITCHR" v="2"/>
            </slave>
        </node>
</create><create><node lat="7132504" lon="-331918" timestamp="2015-05-19T15:18:53Z" username="RToffshore"><tag k="OBJCOD" v="MORFAC"/><tag k="OBJNAM" v="silver river"/><tag k="INFORM" v=" "/></node>
</create><modify><node lat="7132827" lon="-320158" timestamp="2014-11-18T16:16:58Z" username="Macca52"><tag k="OBJCOD" v="BOYLAT"/>
            
        </node>
</modify><modify><node lat="7134010" lon="-319793" timestamp="2014-09-17T15:20:43Z" username="Macca52"><tag k="OBJCOD" v="BCNLAT"/>
            
        </node>
</modify><create><node lat="7134194" lon="-319689" timestamp="2013-05-14T13:13:20Z" username="jackhamer"><tag k="OBJCOD" v="BCNLAT"/><tag k="abrchr" v="G BN FL G 5S 3M"/><tag k="OBJNAM" v="NO 7"/><tag k="MARSYS" v="1"/><tag k="COLOUR" v="4"/><tag k="CATLAM" v="2"/><tag k="BCNSHP" v="5"/>
            
            
            
            
            
            
            
            <slave>
                <tag k="OBJCOD" v="TOPMAR"/>
                <tag k="abrchr" v="G BN FL G 5S 3M"/>
                <tag k="COLOUR" v="4"/>
                <tag k="TOPSHP" v="24"/>
            </slave>
            <slave>
                <tag k="OBJCOD" v="LIGHTS"/>
                <tag k="SIGPER" v="5"/>
                <tag k="VALNMR" v="3"/>
                <tag k="abrchr" v="G BN FL G 5S 3M"/>
                <tag k="COLOUR" v="4"/>
                <tag k="LITCHR" v="2"/>
                <tag k="VERDAT" v="17"/>
            </slave>
        </node>
</create><modify><node lat="7135078" lon="-319821" timestamp="2014-11-18T16:11:33Z" username="Macca52"><tag k="OBJCOD" v="BOYLAT"/>
            
        </node>
</modify><modify><node lat="7135513" lon="-319753" timestamp="2013-06-28T14:03:53Z" username="diver1swife"><tag k="OBJCOD" v="BOYLAT"/>
            
        </node>
</modify><modify><node lat="7135617" lon="-317143" timestamp="2012-11-01T23:33:17Z" username="Moondance"><tag k="OBJCOD" v="SMACRA"/><tag k="ofsety" v="-468"/><tag k="ofsetx" v="-393"/><tag k="CATSMC" v="1"/>
            
            
            
            
        </node>
</modify><modify><node lat="7135789" lon="-319436" timestamp="2014-11-26T19:33:13Z" username="Macca52"><tag k="OBJCOD" v="BOYLAT"/>
            
        </node>
</modify><modify><node lat="7135883" lon="-319541" timestamp="2014-11-18T16:12:18Z" username="Macca52"><tag k="OBJCOD" v="BOYLAT"/>
            
        </node>
</modify><modify><node lat="7136245" lon="-317674" timestamp="2013-06-28T14:04:46Z" username="diver1swife"><tag k="OBJCOD" v="BOYLAT"/>
            
        </node>
</modify><modify><node lat="7136316" lon="-318490" timestamp="2014-11-18T16:15:29Z" username="Macca52"><tag k="OBJCOD" v="BCNLAT"/>
            
        </node>
</modify><create><node lat="7136750" lon="-326392" timestamp="2014-06-21T17:47:29Z" username="unknown"><tag k="OBJCOD" v="ACHBRT"/><tag k="OBJNAM" v="Anchor 4"/>
            
            
        </node>
</create><create><node lat="7137086" lon="-324865" timestamp="2014-06-21T17:39:10Z" username="unknown"><tag k="OBJCOD" v="ACHBRT"/><tag k="OBJNAM" v="Anchor 3"/>
            
            
        </node>
</create><create><node lat="7137412" lon="-325789" timestamp="2014-06-21T17:34:08Z" username="unknown"><tag k="OBJCOD" v="PYLONS"/><tag k="OBJNAM" v="Vetag 8"/>
            
            
        </node>
</create><create><node lat="7138038" lon="-326651" timestamp="2014-06-21T17:30:42Z" username="unknown"><tag k="OBJCOD" v="ACHBRT"/><tag k="OBJNAM" v="Anchor 2"/>
            
            
        
            
            
        </node>
</create><create><node lat="7138357" lon="-325057" timestamp="2014-06-21T17:23:05Z" username="unknown"><tag k="OBJCOD" v="ACHBRT"/><tag k="OBJNAM" v="Anchor 1"/>
            
            
        
            
            
        
            
            
        </node>
</create><modify><node lat="7142529" lon="-325420" timestamp="2012-11-04T13:48:28Z" username="doctorfresh"><tag k="OBJCOD" v="SMACRA"/><tag k="ofsety" v="24"/><tag k="ofsetx" v="1035"/><tag k="CATSMC" v="1"/>
            
            
            
            
        </node>
</modify></bound>