<?xml version="1.0" encoding="UTF-8"?><bound box="7849890,-332667,7869421,-313098"><modify><node lat="7866841" lon="-325817" timestamp="2013-11-10T16:46:24Z" username="serianna"><tag k="OBJCOD" v="psgiio"/><tag k="catser" v="23"/><tag k="zipcde" v=" "/><tag k="websit" v=" "/><tag k="telnum" v="+44 1542 83 39 15"/><tag k="strnam" v="Strathlene"/><tag k="citynm" v="Buckie"/><tag k="OBJNAM" v="The Aurora"/><tag k="INFORM" v=" "/>
            
            
            
            
            
            
            
            
            
        </node>
</modify></bound>