<?xml version="1.0" encoding="UTF-8"?><bound box="6190578,-469647,6210089,-450078"><modify><node lat="6190865" lon="-455741" timestamp="2014-12-05T21:15:26Z" username="francois Floch"><tag k="OBJCOD" v="BCNLAT"/></node>
</modify><create><node lat="6191113" lon="-458869" timestamp="2011-08-19T03:55:56Z" username="Amzer Zo"><tag k="OBJCOD" v="SLCONS"/><tag k="OBJNAM" v="Cale Mise 
</create><create><node lat="6191149" lon="-458846" timestamp="2013-03-08T16:04:48Z" username="nikko-29"><tag k="OBJCOD" v="SLCONS"/><tag k="OBJNAM" v="poulenou"/><tag k="INFORM" v="longue rampe +2-2"/><tag k="CATSLC" v="12"/>
            
            
            
            
        </node>
</create></bound>