<?xml version="1.0" encoding="UTF-8"?><bound box="583126,-450078,602564,-430510"><create><node lat="585544" lon="-445105" timestamp="2011-06-04T12:41:30Z" username="gilgil40"><tag k="OBJCOD" v="SMACRA"/><tag k="ofsety" v="0"/><tag k="ofsetx" v="0"/><tag k="SRVLST" v="125;47;29"/><tag k="OBJNAM" v="ASNA Club"/><tag k="CATSMC" v="1"/>
            
            
            
            
            
            
        </node>
</create><create><node lat="585560" lon="-445117" timestamp="2011-06-04T12:40:55Z" username="gilgil40"><tag k="OBJCOD" v="psgiio"/><tag k="catser" v="23"/><tag k="OBJNAM" v="ASNA club"/>
            
            
            
        </node>
</create><create><node lat="585560" lon="-445113" timestamp="2011-06-04T12:42:11Z" username="gilgil40"><tag k="OBJCOD" v="psgiio"/><tag k="catser" v="21"/><tag k="OBJNAM" v="ASNA CLUB"/><tag k="INFORM" v="Needs to purchase fuel coupons in the club's office prior to fueling."/>
            
            
            
            
        </node>
</create><create><node lat="587426" lon="-449821" timestamp="2012-10-06T14:40:43Z" username="PAP"><tag k="OBJCOD" v="psgiio"/><tag k="catser" v="81"/><tag k="citynm" v="Abidjan"/><tag k="OBJNAM" v="Cercle de Voile d'Abidjan"/>
            
            
            
            
        </node>
</create><create><node lat="590128" lon="-448804" timestamp="2013-03-14T16:21:53Z" username="PAP"><tag k="OBJCOD" v="ACHBRT"/><tag k="OBJNAM" v="Bouée 2000"/>
            
            
        </node>
</create><create><node lat="590209" lon="-448591" timestamp="2012-10-06T14:48:54Z" username="PAP"><tag k="OBJCOD" v="psgiio"/><tag k="catser" v="2"/><tag k="OBJNAM" v="CARENA"/>
            
            
            
        </node>
</create><delete><node lat="590265" lon="-448907" timestamp="2013-03-16T07:43:55Z" username="PAP"><tag k="OBJCOD" v="MORFAC"/>
            
        </node>
</delete><create><node lat="590266" lon="-448875" timestamp="2013-03-15T07:24:01Z" username="PAP"><tag k="OBJCOD" v="BCNSPP"/><tag k="OBJNAM" v="Avt Td"/><tag k="COLOUR" v="2"/><tag k="BCNSHP" v="5"/>
            
            
            
            
        </node>
</create><create><node lat="590273" lon="-448896" timestamp="2013-03-14T16:19:04Z" username="PAP"><tag k="OBJCOD" v="ACHBRT"/><tag k="OBJNAM" v="Bouée 1"/>
            
            
        </node>
</create><modify><node lat="590276" lon="-448868" timestamp="2013-03-15T09:33:21Z" username="PAP"><tag k="OBJCOD" v="ACHBRT"/><tag k="OBJNAM" v="Dock 10 000 T"/><tag k="INFORM" v="Emplacement bajoyer avant tribord"/>
            
            
            
        </node>
</modify><create><node lat="590288" lon="-448840" timestamp="2013-03-15T07:28:40Z" username="PAP"><tag k="OBJCOD" v="BCNSPP"/><tag k="OBJNAM" v="Avt Bd"/><tag k="COLOUR" v="2"/><tag k="BCNSHP" v="5"/>
            
            
            
            
        </node>
</create><create><node lat="590323" lon="-448930" timestamp="2013-03-14T16:13:15Z" username="PAP"><tag k="OBJCOD" v="ACHBRT"/><tag k="OBJNAM" v="Bouée 2"/>
            
            
        </node>
</create><create><node lat="590349" lon="-448916" timestamp="2013-03-15T07:26:02Z" username="PAP"><tag k="OBJCOD" v="BCNSPP"/><tag k="OBJNAM" v="Arr Td"/><tag k="COLOUR" v="2"/><tag k="BCNSHP" v="5"/>
            
            
            
            
        </node>
</create><create><node lat="590365" lon="-448881" timestamp="2013-03-15T07:27:10Z" username="PAP"><tag k="OBJCOD" v="BCNSPP"/><tag k="OBJNAM" v="Arr Bd"/><tag k="COLOUR" v="2"/><tag k="BCNSHP" v="5"/>
            
            
            
            
        </node>
</create><create><node lat="590388" lon="-448882" timestamp="2013-03-14T16:15:40Z" username="PAP"><tag k="OBJCOD" v="ACHBRT"/><tag k="OBJNAM" v="Bouée 3"/>
            
            
        </node>
</create><delete><node lat="590419" lon="-448979" timestamp="2013-03-16T07:45:16Z" username="PAP"><tag k="OBJCOD" v="MORFAC"/>
            
        </node>
</delete></bound>