<?xml version="1.0" encoding="UTF-8"?><bound box="6658917,-352235,6678434,-332667"><modify><node lat="6661698" lon="-345112" timestamp="2015-07-21T20:14:07Z" username="Boba"><tag k="OBJCOD" v="LIGHTS"/><tag k="COLOUR" v="1"/><tag k="OBJNAM" v="Monkstone"/><tag k="INFORM" v=" "/></node>
</modify><create><node lat="6662075" lon="-349826" timestamp="2013-02-23T19:05:56Z" username="unknown"><tag k="OBJCOD" v="WRECKS"/><tag k="OBJNAM" v="no go snag"/><tag k="INFORM" v="chains "/><tag k="DUNITS" v="3"/><tag k="CATWRK" v="2"/>
            
            
            
            
            
        </node>
</create><modify><node lat="6663140" lon="-349775" timestamp="2011-11-24T23:07:51Z" username="unknown"><tag k="OBJCOD" v="BOYLAT"/><tag k="OBJNAM" v="cod "/><tag k="INFORM" v="off rannie"/>
            
            
            
        </node>
</modify><modify><node lat="6663964" lon="-352210" timestamp="2013-06-07T14:42:14Z" username="Tone41"><tag k="OBJCOD" v="BOYSPP"/>
            
        </node>
</modify><modify><node lat="6664774" lon="-352121" timestamp="2014-01-15T17:01:13Z" username="'"><tag k="OBJCOD" v="BOYSPP"/><tag k="OBJNAM" v="PenarthYachtClub 'ODM'"/>
            
        
            
            
        </node>
</modify><modify><node lat="6665500" lon="-351373" timestamp="2011-12-20T21:39:51Z" username="Kerenza"><tag k="OBJCOD" v="SMACRA"/><tag k="ofsety" v="0"/><tag k="ofsetx" v="0"/><tag k="CATSMC" v="1"/>
            
            
            
            
        </node>
</modify><create><node lat="6666527" lon="-347359" timestamp="2014-11-17T08:57:46Z" username="martin24"><tag k="OBJCOD" v="BOYLAT"/><tag k="OBJNAM" v="North Cardiff"/><tag k="COLOUR" v="4"/><tag k="BOYSHP" v="2"/>
            
            
            
            
        </node>
</create><create><node lat="6667175" lon="-351636" timestamp="2014-09-26T09:22:07Z" username="'"><tag k="OBJCOD" v="BCNLAT"/><tag k="OBJNAM" v="'Inner Wrach' (Fl.G.2.5s)"/><tag k="INFORM" v="Stbd edge of entry channel to QA Dock."/><tag k="COLOUR" v="4"/><tag k="BCNSHP" v="5"/>
            
            
            
            
            
            <slave>
                <tag k="OBJCOD" v="LIGHTS"/>
                <tag k="COLOUR" v="4"/>
            </slave>
        </node>
</create><create><node lat="6667368" lon="-342068" timestamp="2011-02-25T15:43:23Z" username="unknown"><tag k="OBJCOD" v="hotspt"/><tag k="catspt" v="1"/><tag k="OBJNAM" v="Turbot"/><tag k="DUNITS" v="3"/>
            
            
            
            
        </node>
</create><create><node lat="6668155" lon="-347460" timestamp="2012-11-09T19:33:52Z" username="unknown"><tag k="OBJCOD" v="hotspt"/><tag k="catspt" v="1"/><tag k="INFORM" v="cod"/><tag k="DUNITS" v="3"/>
            
            
            
        
            
            
            
        </node>
</create><create><node lat="6668214" lon="-351730" timestamp="2014-09-26T09:28:51Z" username="'"><tag k="OBJCOD" v="BCNLAT"/><tag k="OBJNAM" v="'South Jetty' 2F.G(Vert)Dia(1)60s(occas)"/><tag k="COLOUR" v="4"/><tag k="BCNSHP" v="5"/>
            
            
            
            
            <slave>
                <tag k="OBJCOD" v="LIGHTS"/>
                <tag k="COLOUR" v="4"/>
            </slave>
        </node>
</create><create><node lat="6668277" lon="-347245" timestamp="2011-11-27T15:11:20Z" username="unknown"><tag k="OBJCOD" v="hotspt"/><tag k="catspt" v="1"/><tag k="VALSOU" v="8"/><tag k="OBJNAM" v="Chris 1 "/><tag k="DUNITS" v="3"/>
            
            
            
            
            
        </node>
</create><create><node lat="6668632" lon="-349214" timestamp="2012-09-03T18:38:13Z" username="Alun"><tag k="OBJCOD" v="hotspt"/><tag k="catspt" v="1"/><tag k="OBJNAM" v="Foreshore pool"/><tag k="INFORM" v="General fishing"/><tag k="DUNITS" v="1"/>
            
            
            
            
            
        </node>
</create><create><node lat="6669335" lon="-345046" timestamp="2011-11-27T17:47:14Z" username="unknown"><tag k="OBJCOD" v="hotspt"/><tag k="catspt" v="1"/><tag k="OBJNAM" v="Chris 2"/><tag k="DUNITS" v="3"/>
            
            
            
            
        </node>
</create><create><node lat="6669590" lon="-342543" timestamp="2014-11-17T09:03:20Z" username="martin24"><tag k="OBJCOD" v="BOYSPP"/><tag k="abrchr" v="Y FL Y 10S"/><tag k="OBJNAM" v="Diffuser"/><tag k="INFORM" v=" "/><tag k="COLOUR" v="6"/><tag k="CATSPM" v="39"/><tag k="BOYSHP" v="3"/>
            
            
            
            
            
            
            
            <slave>
                <tag k="OBJCOD" v="LIGHTS"/>
                <tag k="SIGPER" v="10"/>
                <tag k="abrchr" v="Y FL Y 10S"/>
                <tag k="COLOUR" v="6"/>
                <tag k="LITCHR" v="2"/>
            </slave>
        </node>
</create><delete><node lat="6669605" lon="-342453" timestamp="2014-11-17T09:02:47Z" username="martin24"><tag k="OBJCOD" v="BOYSPP"/><tag k="OBJNAM" v="Diffuser"/><tag k="INFORM" v=" "/>
            
            
            
        
            
            
            
        </node>
</delete><modify><node lat="6669673" lon="-351989" timestamp="2011-01-09T20:29:57Z"><tag k="OBJCOD" v="SMACRA"/><tag k="ofsety" v="-186"/><tag k="ofsetx" v="70"/><tag k="CATSMC" v="1"/>
            
            
            
            
        </node>
</modify><create><node lat="6669706" lon="-351873" timestamp="2014-12-06T13:43:05Z" average_rating="4" rating_count="1" reviews_count="1" username="juri1"><tag k="OBJCOD" v="psgiio"/><tag k="catser" v="24"/><tag k="OBJNAM" v="World of boats cafe"/>
            
            
            
        </node>
</create><modify><node lat="6669893" lon="-337273" timestamp="2013-02-01T17:18:59Z" username="Glyndude"><tag k="OBJCOD" v="WRECKS"/><tag k="VALSOU" v="3.60"/><tag k="OBJNAM" v=" "/><tag k="INFORM" v=" "/><tag k="DUNITS" v="1"/>
            
            
            
            
            
        </node>
</modify><modify><node lat="6671210" lon="-346696" timestamp="2013-11-30T09:39:45Z" username="Tone41"><tag k="OBJCOD" v="BOYSPP"/><tag k="OBJNAM" v="First Sewer"/><tag k="INFORM" v=" "/>
            
            
            
        
            
            
        
            
            
            
        </node>
</modify><modify><node lat="6673850" lon="-344597" timestamp="2013-11-30T09:40:11Z" username="Tone41"><tag k="OBJCOD" v="BOYSPP"/><tag k="OBJNAM" v="Second Sewer"/><tag k="INFORM" v=" "/>
            
            
            
        </node>
</modify><modify><node lat="6676184" lon="-341743" timestamp="2013-11-30T09:40:35Z" username="Tone41"><tag k="OBJCOD" v="BOYSPP"/><tag k="OBJNAM" v="Third Sewer"/><tag k="INFORM" v=" "/>
            
            
            
        
            
            
        
            
            
            
        </node>
</modify></bound>