<?xml version="1.0" encoding="UTF-8"?><bound box="5371356,-352235,5390856,-332667"><create><node lat="5371807" lon="-335085" timestamp="2015-04-10T22:18:00Z" username="unknown"><tag k="OBJCOD" v="hotspt"/><tag k="catspt" v="1"/><tag k="OBJNAM" v="Mar de Espana"/><tag k="DUNITS" v="4"/></node>
</create><create><node lat="5373849" lon="-334807" timestamp="2015-04-10T21:30:36Z" username="unknown"><tag k="OBJCOD" v="hotspt"/><tag k="catspt" v="1"/><tag k="OBJNAM" v="Alta"/><tag k="DUNITS" v="4"/></node>
</create><create><node lat="5375636" lon="-334900" timestamp="2015-04-10T21:50:46Z" username="unknown"><tag k="OBJCOD" v="hotspt"/><tag k="catspt" v="1"/><tag k="OBJNAM" v="Kabarga"/><tag k="DUNITS" v="4"/></node>
</create><create><node lat="5381757" lon="-341356" timestamp="2015-06-29T09:48:58Z" username="Julen"><tag k="OBJCOD" v="BOYSPP"/><tag k="OBJNAM" v="Boya del recalada"/><tag k="INFORM" v=" "/><tag k="COLOUR" v="6"/><tag k="BOYSHP" v="5"/></node>
</create></bound>