<?xml version="1.0" encoding="UTF-8"?><bound box="4903458,-450078,4922950,-430510"><create><node lat="4907832" lon="-431886" timestamp="2012-04-14T11:12:02Z" username="juanpita"><tag k="OBJCOD" v="BOYSAW"/><tag k="OBJNAM" v="Boya roja de salida"/><tag k="INFORM" v="Ruta de salida"/><tag k="COLOUR" v="3;1"/><tag k="BOYSHP" v="4"/>
            
            
            
            
            
            <slave>
                <tag k="OBJCOD" v="FOGSIG"/>
            </slave>
            <slave>
                <tag k="OBJCOD" v="LIGHTS"/>
                <tag k="COLOUR" v="12"/>
            </slave>
        </node>
</create><create><node lat="4908337" lon="-430881" timestamp="2013-07-17T23:49:43Z" username="matrero"><tag k="OBJCOD" v="hotspt"/><tag k="catspt" v="1"/><tag k="OBJNAM" v="dentol"/><tag k="DUNITS" v="1"/>
            
            
            
            
        </node>
</create><create><node lat="4914205" lon="-435393" timestamp="2011-09-07T19:13:55Z" username="JASAMPE"><tag k="OBJCOD" v="SMACRA"/><tag k="ofsety" v="0"/><tag k="ofsetx" v="0"/><tag k="SRVLST" v="28;29"/><tag k="OBJNAM" v="Torre de la horadada"/><tag k="CATSMC" v="12"/>
            
            
            
            
            
            
        </node>
</create><create><node lat="4914771" lon="-432834" timestamp="2011-10-19T10:12:44Z" username="unknown"><tag k="OBJCOD" v="gennav"/><tag k="OBJNAM" v="PUTO CURRO"/>
            
            
        </node>
</create><delete><node lat="4916091" lon="-436621" timestamp="2012-03-10T07:57:32Z" username="elenia"><tag k="OBJCOD" v="psgiio"/><tag k="catser" v="23"/><tag k="telnum" v="971187867"/><tag k="OBJNAM" v="Rest. Es Xarco"/><tag k="INFORM" v="Restaurant cala Jondal amb servei d taxi mar la jefa es diu Cari"/>
            
            
            
            
            
        </node>
</delete></bound>