<?xml version="1.0" encoding="UTF-8"?><bound box="6190578,-371804,6210089,-352235"><create><node lat="6199581" lon="-363110" timestamp="2012-07-22T08:00:28Z" username="erpico"><tag k="OBJCOD" v="rutmrk"/><tag k="catmrk" v="1"/><tag k="OBJNAM" v=" "/><tag k="INFORM" v=" "/>
            
            
            
            
        </node>
</create><create><node lat="6204881" lon="-360358" timestamp="2014-07-18T19:53:54Z" username="unknown"><tag k="OBJCOD" v="SBDARE"/><tag k="NATSUR" v="4"/>
            
            
        </node>
</create><modify><node lat="6206701" lon="-358488" timestamp="2015-07-30T09:12:57Z" username="Petetrin" average_rating="3.5" rating_count="2" reviews_count="2"><tag k="OBJCOD" v="SMACRA"/><tag k="ofsety" v="43"/><tag k="ofsetx" v="439"/><tag k="CATSMC" v="1"/></node>
</modify><create><node lat="6206710" lon="-358705" timestamp="2014-10-26T20:54:54Z" username="unknown"><tag k="OBJCOD" v="psgiio"/><tag k="catser" v="21"/><tag k="OBJNAM" v="Treguier - Marina"/>
            
            
            
        
            
            
        </node>
</create><create><node lat="6206776" lon="-358582" timestamp="2015-07-23T00:00:00Z" username="ADAC"><tag k="OBJCOD" v="SMACRA"/><tag k="OBJNAM" v="Port de Plaisance"/><tag k="ofsety" v="10"/><tag k="ofsetx" v="10"/><tag k="CATSMC" v="1"/><tag k="WEBSIT" v="http://www.marinafuehrer.adac.de/haefen/port-de-plaisance-36/"/></node>
</create><modify><node lat="6206804" lon="-358594" timestamp="2012-08-31T08:24:36Z" username="bouchardeau"><tag k="OBJCOD" v="BOYLAT"/>
            
        </node>
</modify><modify><node lat="6207548" lon="-359013" timestamp="2013-09-21T18:49:09Z" username="dassin"><tag k="OBJCOD" v="BOYLAT"/><tag k="INFORM" v="Forme Cylindrique"/>
            
            
        </node>
</modify></bound>