<?xml version="1.0" encoding="UTF-8"?><bound box="6678434,-410941,6697951,-391372"><create><node lat="6684863" lon="-392763" timestamp="2015-09-16T22:22:39Z" username="lynfa"><tag k="OBJCOD" v="hotspt"/><tag k="catspt" v="1"/><tag k="OBJNAM" v="Fish"/><tag k="DUNITS" v="1"/></node>
</create><create><node lat="6684873" lon="-392763" timestamp="2015-09-23T21:23:08Z" username="lynfa"><tag k="OBJCOD" v="WRECKS"/><tag k="WATLEV" v="3"/><tag k="VALSOU" v="4.30"/><tag k="TECSOU" v="6"/><tag k="QUASOU" v="6"/><tag k="CATWRK" v="2"/></node>
</create><create><node lat="6687275" lon="-405547" timestamp="2014-07-16T17:32:52Z" username="ScurvyJack"><tag k="OBJCOD" v="gennav"/><tag k="OBJNAM" v=" "/><tag k="INFORM" v=" "/>
            
            
            
        </node>
</create></bound>