<?xml version="1.0" encoding="UTF-8"?><bound box="7576481,-469647,7596009,-450078"><create><node lat="7589945" lon="-462155" timestamp="2015-06-16T14:56:55Z" username="Luna 9808"><tag k="OBJCOD" v="SMACRA"/><tag k="trnbth" v=" "/><tag k="ofsety" v="0"/><tag k="ofsetx" v="0"/><tag k="numvhf" v=" "/><tag k="maxlen" v=" "/><tag k="dckdph" v=" "/><tag k="ZIPCDE" v=" "/><tag k="WEBSIT" v=" "/><tag k="TELNUM" v=" "/><tag k="STRNAM" v=" "/><tag k="SRVLST" v="28"/><tag k="OBJNAM" v=" "/><tag k="INFORM" v=" "/><tag k="CITYNM" v=" "/><tag k="CATSMC" v="1"/></node>
</create></bound>