<?xml version="1.0" encoding="UTF-8"?><bound box="6893140,-469647,6912660,-450078"><create><node lat="6896589" lon="-451488" timestamp="2014-12-31T11:02:38Z" username="capn666"><tag k="OBJCOD" v="SOUNDG"/><tag k="VALSOU" v="5"/><tag k="DUNITS" v="1"/>
            
            
            
        </node>
</create><modify><node lat="6896633" lon="-451332" timestamp="2015-10-08T13:13:40Z" average_rating="4" rating_count="1" reviews_count="1" username="foccy101"><tag k="OBJCOD" v="SMACRA"/><tag k="trnbth" v=" "/><tag k="ofsety" v="1098"/><tag k="ofsetx" v="238"/><tag k="numvhf" v="12"/><tag k="maxlen" v=" "/><tag k="dckdph" v=" "/><tag k="ZIPCDE" v=" "/><tag k="WEBSIT" v=" "/><tag k="TELNUM" v="+44 1341 280671"/><tag k="STRNAM" v=" "/><tag k="SRVLST" v=""/><tag k="OBJNAM" v="Barmouth"/><tag k="INFORM" v=" "/><tag k="CITYNM" v=" "/><tag k="CATSMC" v="1"/></node>
</modify><create><node lat="6896794" lon="-450768" timestamp="2014-12-31T10:40:44Z" username="capn666"><tag k="OBJCOD" v="SOUNDG"/><tag k="VALSOU" v="5"/><tag k="DUNITS" v="1"/>
            
            
            
        </node>
</create><create><node lat="6897276" lon="-451102" timestamp="2011-05-17T16:40:31Z" username="lyndon"><tag k="OBJCOD" v="psgiio"/><tag k="catser" v="81"/><tag k="telnum" v="01341 280000"/><tag k="OBJNAM" v="Merioneth Yacht Club"/>
            
            
            
            
        </node>
</create><create><node lat="6897337" lon="-450374" timestamp="2011-03-06T12:25:27Z" username="unknown"><tag k="OBJCOD" v="ACHBRT"/><tag k="OBJNAM" v="Dancing Demon's Mooring bouy"/><tag k="INFORM" v="Private mooring bouy for Dancing Demon."/>
            
            
            
        </node>
</create><create><node lat="6897403" lon="-450459" timestamp="2012-07-04T12:37:06Z" username="kenfitz"><tag k="OBJCOD" v="MORFAC"/><tag k="OBJNAM" v="Yellow buoy"/>
            
            
        </node>
</create></bound>