<?xml version="1.0" encoding="UTF-8"?><bound box="6619883,-450078,6639400,-430510"><create><node lat="6628059" lon="-445549" timestamp="2014-08-07T19:10:28Z" username="MikeTickle"><tag k="OBJCOD" v="WRECKS"/><tag k="VALSOU" v="14"/><tag k="OBJNAM" v="SS Monte Moro [+1876]"/><tag k="INFORM" v="Steam cargo ship, iron hull."/><tag k="DUNITS" v="1"/><tag k="CATWRK" v="1"/>
            
            
            
            
            
            
        </node>
</create><modify><node lat="6628819" lon="-446377" timestamp="2011-01-31T23:18:52Z"><tag k="OBJCOD" v="BOYLAT"/><tag k="OBJNAM" v="COPPERAS ROCK"/>
            
            
        
            
            
        </node>
</modify><create><node lat="6630991" lon="-436335" timestamp="2014-08-07T19:31:05Z" username="MikeTickle"><tag k="OBJCOD" v="WRECKS"/><tag k="VALSOU" v="11"/><tag k="OBJNAM" v="George Locket [+1892]"/><tag k="INFORM" v="Ran aground 1892"/><tag k="DUNITS" v="1"/><tag k="CATWRK" v="1"/>
            
            
            
            
            
            
        </node>
</create></bound>