<?xml version="1.0" encoding="UTF-8"?><bound box="6014989,-352235,6034498,-332667"><create><node lat="6021734" lon="-332954" timestamp="2015-04-01T14:04:02Z" username="mareva "><tag k="OBJCOD" v="gennav"/><tag k="OBJNAM" v="rond A spi 2015"/><tag k="INFORM" v=" "/></node>
</create><create><node lat="6026340" lon="-352125" timestamp="2015-10-17T16:00:42Z" username="pavero"><tag k="OBJCOD" v="psgiio"/><tag k="catser" v="128"/><tag k="OBJNAM" v="saint Hélène"/><tag k="INFORM" v="cale mise à l'eau"/></node>
</create><create><node lat="6026427" lon="-351355" timestamp="2012-11-04T20:24:02Z" username="julos56"><tag k="OBJCOD" v="BOYCAR"/><tag k="OBJNAM" v="Hakim"/><tag k="INFORM" v="Gag"/><tag k="COLOUR" v="2;6;2"/><tag k="CATCAM" v="2"/><tag k="BOYSHP" v="4"/>
            
            
            
            
            
            
            <slave>
                <tag k="OBJCOD" v="TOPMAR"/>
                <tag k="TOPSHP" v="11"/>
            </slave>
        </node>
</create></bound>