<?xml version="1.0" encoding="UTF-8"?><bound box="5917449,-332667,5936957,-313098"><modify><node lat="5917878" lon="-322720" timestamp="2015-07-21T15:56:50Z" username="CHARLES"><tag k="OBJCOD" v="WRECKS"/><tag k="VALSOU" v="39"/><tag k="OBJNAM" v="hirondelle"/><tag k="INFORM" v=" "/><tag k="DUNITS" v="1"/></node>
</modify><delete><node lat="5920551" lon="-329326" timestamp="2010-10-05T15:44:07Z"><tag k="OBJCOD" v="WRECKS"/>
            
        </node>
</delete><create><node lat="5920559" lon="-329481" timestamp="2010-10-05T15:44:07Z"><tag k="OBJCOD" v="WRECKS"/><tag k="WATLEV" v="3"/><tag k="VERDAT" v="5"/><tag k="VALSOU" v="42.00"/><tag k="CATWRK" v="1"/>
            
            
            
            
            
        </node>
</create><modify><node lat="5929017" lon="-327683" timestamp="2014-03-10T19:05:59Z" username="boumard"><tag k="OBJCOD" v="WRECKS"/><tag k="OBJNAM" v=""/><tag k="INFORM" v=" "/><tag k="DUNITS" v="1"/>
            
            
            
            
        
            
            
            
        </node>
</modify><create><node lat="5935772" lon="-323648" timestamp="2014-05-31T12:00:00Z" username="loiclogeais"><tag k="OBJCOD" v="MORFAC"/><tag k="OBJNAM" v=" "/><tag k="INFORM" v=" "/>
            
            
            
        </node>
</create></bound>