<?xml version="1.0" encoding="UTF-8"?><bound box="6678434,-430510,6697951,-410941"><create><node lat="6680884" lon="-428124" timestamp="2015-08-08T07:14:35Z" username="gary129"><tag k="OBJCOD" v="FSHFAC"/><tag k="OBJNAM" v=" "/><tag k="INFORM" v=" "/></node>
</create><delete><node lat="6684607" lon="-426036" timestamp="2012-02-24T19:13:24Z" username="jaimeboat" average_rating="0" rating_count="0" reviews_count="0"><tag k="OBJCOD" v="BOYSPP"/><tag k="OBJNAM" v="TATA Outfall"/>
            
            
        </node>
</delete><create><node lat="6684678" lon="-425821" timestamp="2012-02-24T19:13:24Z" average_rating="0" rating_count="0" reviews_count="0" username="jaimeboat"><tag k="OBJCOD" v="BOYSPP"/><tag k="abrchr" v="Y FL Y 15S"/><tag k="OBJNAM" v="TATA Outfall"/><tag k="COLOUR" v="6"/><tag k="CATSPM" v="27"/><tag k="BOYSHP" v="4"/>
            
            
            
            
            
            
            <slave>
                <tag k="OBJCOD" v="LIGHTS"/>
                <tag k="SIGPER" v="15"/>
                <tag k="abrchr" v="Y FL Y 15S"/>
                <tag k="COLOUR" v="6"/>
                <tag k="LITCHR" v="2"/>
                <tag k="VERDAT" v="17"/>
            </slave>
            <slave>
                <tag k="OBJCOD" v="TOPMAR"/>
                <tag k="abrchr" v="Y FL Y 15S"/>
                <tag k="COLOUR" v="6"/>
                <tag k="TOPSHP" v="7"/>
            </slave>
        </node>
</create><create><node lat="6684747" lon="-428176" timestamp="2015-08-08T07:15:39Z" username="gary129"><tag k="OBJCOD" v="ACHBRT"/><tag k="OBJNAM" v=" "/><tag k="INFORM" v=" "/></node>
</create><modify><node lat="6690603" lon="-428350" timestamp="2015-10-04T18:45:43Z" username="gasgas_270"><tag k="OBJCOD" v="WRECKS"/></node>
</modify><modify><node lat="6690797" lon="-426400" timestamp="2013-06-17T19:42:35Z" username="martwatkins"><tag k="OBJCOD" v="BOYCAR"/><tag k="INFORM" v=" "/>
            
            
            <slave>
                <tag k="OBJCOD" v="FOGSIG"/>
            </slave>
        </node>
</modify><modify><node lat="6692116" lon="-422919" timestamp="2013-07-02T06:45:41Z" average_rating="5.0" rating_count="1" reviews_count="1" username="COD"><tag k="OBJCOD" v="SMACRA"/><tag k="ofsety" v="116"/><tag k="ofsetx" v="186"/><tag k="CATSMC" v="1"/>
            
            
            
            
        
            
            
            
            
        </node>
</modify><modify><node lat="6694886" lon="-427087" timestamp="2011-09-26T16:09:31Z" username="Nico"><tag k="OBJCOD" v="hotspt"/><tag k="INFORM" v="Trefgvyguh"/><tag k="DUNITS" v="1"/>
            
            
            
        </node>
</modify></bound>