<?xml version="1.0" encoding="UTF-8"?><bound box="4162976,-450078,4182456,-430510"><create><node lat="4171005" lon="-449088" timestamp="2012-07-10T20:24:19Z" username="unknown"><tag k="OBJCOD" v="hotspt"/><tag k="catspt" v="1"/><tag k="OBJNAM" v="Requin"/><tag k="INFORM" v="Peau bleu"/><tag k="DUNITS" v="1"/>
            
            
            
            
            
        </node>
</create><create><node lat="4171196" lon="-436661" timestamp="2012-10-12T01:00:30Z" username="mostafa"><tag k="OBJCOD" v="SLCONS"/><tag k="OBJNAM" v="Rampa de calabonita"/><tag k="INFORM" v="Rampe pour des bateaux à petit poids et jetski."/><tag k="CATSLC" v="12"/>
            
            
            
            
        </node>
</create><create><node lat="4171283" lon="-436665" timestamp="2015-08-06T10:38:44Z" username="dotmen23" average_rating="5" reviews_count="1" rating_count="1"><tag k="OBJCOD" v="psgiio"/><tag k="catser" v="130"/><tag k="zipcde" v="32000"/><tag k="websit" v="https://www.facebook.com/acrapalhoceima"/><tag k="telnum" v="00212661522698"/><tag k="strnam" v="Plage calabonita"/><tag k="citynm" v="Alhoceima"/><tag k="OBJNAM" v="Centre CRA de plong&#xE9;e sous marine"/><tag k="INFORM" v="Centre de plong&#xE9;e sous marine g&#xE8;re par l'association CRA de plong&#xE9;e sous marine, disponible pour tout genres des visiteurs, ce centre propose des bapt&#xEA;me d'initiation et cours de plong&#xE9;e certifi&#xE9; par PADI, en m&#xEA;me temps des balades en mer."/></node>
</create><create><node lat="4172657" lon="-443945" timestamp="2012-11-22T16:31:40Z" username="unknown"><tag k="OBJCOD" v="MORFAC"/><tag k="OBJNAM" v="a7bod"/>
            
            
        </node>
</create><create><node lat="4172931" lon="-437106" timestamp="2014-05-25T12:40:10Z" username="unknown"><tag k="OBJCOD" v="SMACRA"/><tag k="ofsety" v="0"/><tag k="ofsetx" v="0"/><tag k="OBJNAM" v="alhoceima "/><tag k="CATSMC" v="1"/>
            
            
            
            
            
        </node>
</create></bound>