<?xml version="1.0" encoding="UTF-8"?><bound box="7556953,-352235,7576481,-332667"><create><node lat="7558867" lon="-335006" timestamp="2015-09-13T01:16:52Z" username="vivacity"><tag k="OBJCOD" v="SMACRA"/><tag k="trnbth" v=" "/><tag k="ofsety" v="0"/><tag k="ofsetx" v="0"/><tag k="numvhf" v=" "/><tag k="maxlen" v=" "/><tag k="dckdph" v=" "/><tag k="ZIPCDE" v=" "/><tag k="WEBSIT" v=" "/><tag k="TELNUM" v=" "/><tag k="STRNAM" v=" "/><tag k="OBJNAM" v="Methil Port"/><tag k="INFORM" v=" "/><tag k="CITYNM" v=" "/><tag k="CATSMC" v="12"/></node>
</create><delete><node lat="7558948" lon="-334960" timestamp="2012-06-16T04:21:54Z" username="rendy"><tag k="OBJCOD" v="SMACRA"/><tag k="ofsety" v="104"/><tag k="ofsetx" v="-780"/><tag k="CATSMC" v="1"/>
            
            
            
            
        </node>
</delete></bound>