<?xml version="1.0" encoding="UTF-8"?><bound box="6190578,-293529,6210089,-273961"><create><node lat="6201576" lon="-287743" timestamp="2013-11-04T17:35:04Z" username="mat"><tag k="OBJCOD" v="OBSTRN"/><tag k="VALSOU" v=" "/><tag k="OBJNAM" v="Exposed Cable Section"/><tag k="INFORM" v="End of exposed section"/><tag k="DUNITS" v="1"/>
            
            
        
            
            
            
            
            
        
            
            
            
        </node>
</create><create><node lat="6201577" lon="-287740" timestamp="2013-11-04T17:20:17Z" username="mat"><tag k="OBJCOD" v="gennav"/><tag k="OBJNAM" v="Exposed Cable Section - FLAG Cable"/><tag k="INFORM" v="Please be advised that there is a section of the FLAG Atlantic Subsea cable that is unburied. This area represents a hazard to fishing and skippers should exercise caution whilst fishing in the vicinity."/>
            
            
            
        </node>
</create><create><node lat="6204900" lon="-287933" timestamp="2013-11-05T07:56:39Z" username="mat"><tag k="OBJCOD" v="OBSTRN"/><tag k="OBJNAM" v="Exposed Cable Section"/><tag k="INFORM" v="Splice"/><tag k="DUNITS" v="1"/>
            
            
            
            
        </node>
</create><create><node lat="6205288" lon="-287729" timestamp="2013-11-04T17:43:56Z" username="mat"><tag k="OBJCOD" v="OBSTRN"/><tag k="OBJNAM" v="Exposed Cable Section"/><tag k="INFORM" v="Splice"/><tag k="DUNITS" v="1"/>
            
            
            
            
        </node>
</create><create><node lat="6205782" lon="-287740" timestamp="2013-11-04T17:42:47Z" username="mat"><tag k="OBJCOD" v="OBSTRN"/><tag k="OBJNAM" v="Exposed Cable Section"/><tag k="INFORM" v="Splice"/><tag k="DUNITS" v="1"/>
            
            
            
            
        </node>
</create><create><node lat="6207716" lon="-287542" timestamp="2013-11-05T07:55:03Z" username="mat"><tag k="OBJCOD" v="OBSTRN"/><tag k="OBJNAM" v="Exposed Cable Section"/><tag k="INFORM" v="Splice"/><tag k="DUNITS" v="1"/>
            
            
            
            
        </node>
</create><create><node lat="6208160" lon="-287749" timestamp="2013-11-05T07:54:22Z" username="mat"><tag k="OBJCOD" v="OBSTRN"/><tag k="OBJNAM" v="Exposed Cable Section"/><tag k="INFORM" v="Splice"/><tag k="DUNITS" v="1"/>
            
            
            
            
        </node>
</create><create><node lat="6208899" lon="-287840" timestamp="2013-11-05T07:53:43Z" username="mat"><tag k="OBJCOD" v="OBSTRN"/><tag k="OBJNAM" v="Exposed Cable Section"/><tag k="INFORM" v="Splice"/><tag k="DUNITS" v="1"/>
            
            
            
            
        </node>
</create></bound>