<?xml version="1.0" encoding="UTF-8"?><bound box="6054007,-469647,6073516,-450078"><create><node lat="6054358" lon="-458787" timestamp="2011-08-26T16:21:03Z" username="unknown"><tag k="OBJCOD" v="psgiio"/><tag k="catser" v="23"/><tag k="OBJNAM" v="Creperie de L'Abris"/>
            
            
            
        </node>
</create><modify><node lat="6054452" lon="-457851" timestamp="2011-09-11T09:52:28Z" username="OW"><tag k="OBJCOD" v="LIGHTS"/><tag k="COLOUR" v="1"/><tag k="OBJNAM" v="Phare de Benodet (feu de la Pyramide)"/>
            
            
            
        </node>
</modify><create><node lat="6054529" lon="-458656" timestamp="2013-05-16T08:33:56Z" username="Duncan89"><tag k="OBJCOD" v="psgiio"/><tag k="catser" v="123"/><tag k="zipcde" v="29120"/><tag k="websit" v="www.baleineblanche.fr"/><tag k="telnum" v="0298513030"/><tag k="strnam" v="port de sainte marine"/><tag k="citynm" v="Combrit sainte MARINE"/><tag k="OBJNAM" v="La Baleine Blanche"/><tag k="INFORM" v=" "/>
            
            
            
            
            
            
            
            
            
        
            
            
            
            
            
            
            
            
            
        </node>
</create><create><node lat="6054742" lon="-458563" timestamp="2015-07-23T00:00:00Z" username="ADAC"><tag k="OBJCOD" v="SMACRA"/><tag k="OBJNAM" v="Port Sainte Marine"/><tag k="ofsety" v="10"/><tag k="ofsetx" v="10"/><tag k="CATSMC" v="1"/><tag k="WEBSIT" v="http://www.marinafuehrer.adac.de/haefen/port-sainte-marine/"/></node>
</create><create><node lat="6055057" lon="-458112" timestamp="2014-07-29T07:04:33Z" username="Frankyallright"><tag k="OBJCOD" v="gennav"/><tag k="OBJNAM" v="les poureceau"/><tag k="INFORM" v=" "/>
            
            
            
        </node>
</create><delete><node lat="6055063" lon="-458563" timestamp="2012-10-02T14:41:09Z" username="unknown"><tag k="OBJCOD" v="BOYLAT"/>
            
        </node>
</delete><delete><node lat="6055313" lon="-458398" timestamp="2013-10-22T17:04:58Z" username="jysene"><tag k="OBJCOD" v="MORFAC"/>
            
        </node>
</delete><delete><node lat="6055313" lon="-458341" timestamp="2015-01-25T15:49:46Z" username="jysene"><tag k="OBJCOD" v="MORFAC"/></node>
</delete><create><node lat="6055448" lon="-458476" timestamp="2015-07-23T00:00:00Z" username="ADAC"><tag k="OBJCOD" v="SMACRA"/><tag k="OBJNAM" v="Bénodet Marina"/><tag k="ofsety" v="10"/><tag k="ofsetx" v="10"/><tag k="CATSMC" v="1"/><tag k="WEBSIT" v="http://www.marinafuehrer.adac.de/haefen/bnodet-marina/"/></node>
</create><create><node lat="6055486" lon="-458226" timestamp="2011-08-26T16:24:15Z" username="unknown"><tag k="OBJCOD" v="psgiio"/><tag k="catser" v="21"/><tag k="OBJNAM" v="Carburant port de B&#xE9;nodet"/><tag k="INFORM" v="Attention pas en self-service avec carte bancaire. Suivre les horaires de la capitainerie."/>
            
            
            
            
        
            
            
            
            
        </node>
</create><modify><node lat="6055600" lon="-458127" timestamp="2014-08-25T13:20:43Z" average_rating="5.0" rating_count="1" reviews_count="1" username="parreillet"><tag k="OBJCOD" v="psgiio"/><tag k="catser" v="3"/>
            
            
        
            
            
        </node>
</modify><modify><node lat="6055600" lon="-458108" timestamp="2014-11-10T11:01:46Z" average_rating="5.0" rating_count="1" reviews_count="1" username="parreillet"><tag k="OBJCOD" v="psgiio"/><tag k="catser" v="3"/>
            
            
        
            
            
        </node>
</modify><create><node lat="6057933" lon="-451254" timestamp="2015-06-18T19:56:51Z" username="harlekin"><tag k="OBJCOD" v="MORFAC"/><tag k="OBJNAM" v="Départ Bénodet"/></node>
</create><create><node lat="6057942" lon="-451247" timestamp="2015-06-18T21:32:06Z" username="harlekin"><tag k="OBJCOD" v="MORFAC"/><tag k="OBJNAM" v="Bouée du Run"/></node>
</create><create><node lat="6058169" lon="-463315" timestamp="2011-03-03T20:48:23Z" username="unknown"><tag k="OBJCOD" v="psgiio"/><tag k="catser" v="131"/><tag k="OBJNAM" v="Bodivit"/>
            
            
            
        </node>
</create><create><node lat="6061421" lon="-461966" timestamp="2013-06-10T21:50:53Z" username="autret"><tag k="OBJCOD" v="ACHBRT"/>
            
        </node>
</create><create><node lat="6063961" lon="-458583" timestamp="2012-10-02T17:02:59Z" username="thenault"><tag k="OBJCOD" v="SOUNDG"/><tag k="DUNITS" v="1"/>
            
            
        </node>
</create><create><node lat="6068348" lon="-456727" timestamp="2012-10-02T15:38:57Z" username="unknown"><tag k="OBJCOD" v="BOYLAT"/><tag k="OBJNAM" v="10"/><tag k="COLOUR" v="3"/><tag k="BOYSHP" v="1"/>
            
            
            
            
        </node>
</create><create><node lat="6070370" lon="-456766" timestamp="2011-04-28T08:15:28Z" username="unknown"><tag k="OBJCOD" v="psgiio"/><tag k="catser" v="22"/><tag k="zipcde" v="29000"/><tag k="telnum" v="+33298534078"/><tag k="citynm" v="Quimper"/><tag k="OBJNAM" v="Chantier du Cornigel"/><tag k="INFORM" v="Reparation, construction, hivernage..."/>
            
            
            
            
            
            
            
        </node>
</create><create><node lat="6070880" lon="-457626" timestamp="2012-07-24T17:31:09Z" username="bomatt"><tag k="OBJCOD" v="hotspt"/><tag k="catspt" v="1"/><tag k="VALSOU" v=" "/><tag k="OBJNAM" v=" "/><tag k="INFORM" v=" "/><tag k="DUNITS" v="1"/>
            
            
            
            
            
            
        </node>
</create><delete><node lat="6071247" lon="-456319" timestamp="2013-01-09T17:59:02Z" username="lm"><tag k="OBJCOD" v="psgiio"/><tag k="catser" v="41"/>
            
            
        </node>
</delete><create><node lat="6071596" lon="-456630" timestamp="2011-02-22T11:13:13Z" username="unknown"><tag k="OBJCOD" v="psgiio"/><tag k="catser" v="3"/><tag k="zipcde" v="29000"/><tag k="websit" v="www.oceandiffusion.com"/><tag k="telnum" v="02 98 52 22 20"/><tag k="strnam" v="Impasse President Sadate"/><tag k="citynm" v="QUIMPER"/><tag k="OBJNAM" v="Océan Diffusion"/><tag k="INFORM" v="Ouvert du mardi au samedi de 9H30 à 12H30 et de 14H15 à 19H00"/>
            
            
            
            
            
            
            
            
            
        </node>
</create><create><node lat="6072934" lon="-455729" timestamp="2012-05-18T19:17:47Z" username="unknown"><tag k="OBJCOD" v="gennav"/><tag k="OBJNAM" v="Bivouac"/>
            
            
        </node>
</create></bound>