<?xml version="1.0" encoding="UTF-8"?><bound box="6229600,-391372,6249112,-371804"><create><node lat="6231079" lon="-380950" timestamp="2011-01-09T23:06:25Z"><tag k="OBJCOD" v="UWTROC"/><tag k="WATLEV" v="3"/><tag k="DUNITS" v="1"/>
            
            
            
        </node>
</create><create><node lat="6231217" lon="-381126" timestamp="2011-01-09T23:07:43Z"><tag k="OBJCOD" v="UWTROC"/><tag k="WATLEV" v="3"/><tag k="DUNITS" v="1"/>
            
            
            
        </node>
</create><create><node lat="6231963" lon="-382024" timestamp="2011-01-09T23:08:37Z"><tag k="OBJCOD" v="UWTROC"/><tag k="WATLEV" v="3"/><tag k="DUNITS" v="1"/>
            
            
            
        </node>
</create><create><node lat="6232305" lon="-379078" timestamp="2011-02-02T19:13:46Z"><tag k="OBJCOD" v="UWTROC"/><tag k="WATLEV" v="3"/><tag k="DUNITS" v="1"/>
            
            
            
        </node>
</create><create><node lat="6233388" lon="-380677" timestamp="2011-02-02T18:54:22Z"><tag k="OBJCOD" v="UWTROC"/><tag k="WATLEV" v="3"/><tag k="DUNITS" v="1"/>
            
            
            
        </node>
</create></bound>