<?xml version="1.0" encoding="UTF-8"?><bound box="6034498,-391372,6054007,-371804"><create><node lat="6034958" lon="-373796" timestamp="2013-11-20T21:39:32Z" username="unknown"><tag k="OBJCOD" v="SOUNDG"/><tag k="DUNITS" v="1"/>
            
            
        </node>
</create><create><node lat="6035618" lon="-373615" timestamp="2011-07-05T21:07:01Z" username="unknown"><tag k="OBJCOD" v="gennav"/><tag k="OBJNAM" v="R&#xE9;serve a bois"/><tag k="INFORM" v="Lanester"/>
            
            
        
            
            
        </node>
</create><create><node lat="6036414" lon="-380768" timestamp="2010-11-24T15:09:17Z"><tag k="OBJCOD" v="psgiio"/><tag k="catser" v="131"/><tag k="OBJNAM" v="Cale"/>
            
            
            
        </node>
</create><create><node lat="6036802" lon="-383633" timestamp="2013-03-07T09:07:22Z" username="unknown"><tag k="OBJCOD" v="hotspt"/><tag k="catspt" v="2"/><tag k="OBJNAM" v="les chats"/><tag k="INFORM" v="pÃªche d'araignÃ©e"/><tag k="DUNITS" v="3"/>
            
            
            
            
            
        </node>
</create><create><node lat="6039820" lon="-373118" timestamp="2012-06-05T07:53:54Z" username="fanchig"><tag k="OBJCOD" v="hotspt"/><tag k="catspt" v="1"/><tag k="DUNITS" v="1"/>
            
            
            
        </node>
</create></bound>